run_name,arc_features,arc_encoder_blocks,arc_latent_volume,arc_num_params,arc_skip,arc_pool_mode,arc_up_mode,arc_addition,arc_skip,train_loss,valid_loss,test_loss,valid_F1,train_F1,test_F1,train_Accuracy,valid_Accuracy,test_Accuracy,train_Accuracy_seq,valid_Accuracy_seq,test_Accuracy_seq
model_n4-3-n8-2-p-max-up-upsample-add-cat-skip1,"[4, 4, 4, 4, 8, 8]",5,32.0,2612,1,max,upsample,cat,1,0.10080705136060715,0.09143698029220104,0.0964068453758955,0.7050467381730644,0.6905436447906796,0.6887033536225252,0.6905436447906796,0.7050467381730644,0.6887033536225252,0.0,0.0,0.0
model_n4-3-n8-2-p-max-up-upsample-add-cat-skip0,"[4, 4, 4, 4, 8, 8]",5,32.0,2228,0,max,upsample,cat,0,0.15353644490242005,0.14716153591871262,0.15120700746774673,0.29629809660226347,0.3098173745070115,0.27385016906267184,0.3098173745070115,0.29629809660226347,0.27385016906267184,0.0,0.0,0.0
model_n4-3-n8-2-p-max-up-upsample-add-sum-skip1,"[4, 4, 4, 4, 8, 8]",5,32.0,2348,1,max,upsample,sum,1,0.018691930050651232,0.016439607366919518,0.01796317659318447,0.9876251425660397,0.9847898070186493,0.9772460782252015,0.9847898070186495,0.9876251425660397,0.9772460782252015,0.0,0.0,0.0
model_n4-3-n8-2-p-max-up-upsample-add-sum-skip0,"[4, 4, 4, 4, 8, 8]",5,32.0,2228,0,max,upsample,sum,0,0.15502206136782964,0.1519494540989399,0.15441028401255608,0.29961574230031685,0.30902935624680183,0.27500682413265853,0.30902935624680183,0.29961574230031685,0.27500682413265853,0.0,0.0,0.0
model_n4-3-n8-2-p-max-up-transpose-add-cat-skip1,"[4, 4, 4, 4, 8, 8]",5,32.0,3020,1,max,transpose,cat,1,0.04677329721550147,0.04326022882014513,0.04710444714874029,0.9515939384946217,0.9462988642012271,0.9480606315518274,0.9462988642012271,0.9515939384946217,0.9480606315518274,0.0,0.0,0.0
model_n4-3-n8-2-p-max-up-transpose-add-cat-skip0,"[4, 4, 4, 4, 8, 8]",5,32.0,2636,0,max,transpose,cat,0,0.16891989807287852,0.163056880235672,0.16714587062597275,0.2821040135065759,0.29945977165258086,0.2761292965314624,0.29945977165258086,0.2821040135065759,0.2761292965314624,0.0,0.0,0.0
model_n4-3-n8-2-p-max-up-transpose-add-sum-skip1,"[4, 4, 4, 4, 8, 8]",5,32.0,2636,1,max,transpose,sum,1,0.07118270148833593,0.06898027285933495,0.07276368327438831,0.7662180936438097,0.7758094237108704,0.7560604920108327,0.7758094237108704,0.7662180936438097,0.7560604920108327,0.0,0.0,0.0
model_n4-3-n8-2-p-max-up-transpose-add-sum-skip0,"[4, 4, 4, 4, 8, 8]",5,32.0,2636,0,max,transpose,sum,0,0.16891989807287852,0.163056880235672,0.16714587062597275,0.2821040135065759,0.29945977165258086,0.2761292965314624,0.29945977165258086,0.2821040135065759,0.2761292965314624,0.0,0.0,0.0
model_n4-3-n8-2-p-avg-up-upsample-add-cat-skip1,"[4, 4, 4, 4, 8, 8]",5,32.0,2612,1,avg,upsample,cat,1,0.0887854665517807,0.08176133781671524,0.08683252148330212,0.7236783419192945,0.718369628479486,0.7093707096494526,0.718369628479486,0.7236783419192945,0.7093707096494526,0.0,0.0,0.0
model_n4-3-n8-2-p-avg-up-upsample-add-cat-skip0,"[4, 4, 4, 4, 8, 8]",5,32.0,2228,0,avg,upsample,cat,0,0.15384700745344163,0.147430919110775,0.15134000033140182,0.29306046241071676,0.30484707789719434,0.283573405079773,0.30484707789719434,0.29306046241071676,0.283573405079773,0.0,0.0,0.0
model_n4-3-n8-2-p-avg-up-upsample-add-sum-skip1,"[4, 4, 4, 4, 8, 8]",5,32.0,2348,1,avg,upsample,sum,1,0.020399629200498263,0.017393081914633512,0.01753448974341154,0.9976454642747588,0.996023035875919,0.9976936068200216,0.996023035875919,0.9976454642747588,0.9976936068200216,0.0,0.0,0.0
model_n4-3-n8-2-p-avg-up-upsample-add-sum-skip0,"[4, 4, 4, 4, 8, 8]",5,32.0,2228,0,avg,upsample,sum,0,0.15384808828433355,0.14717064052820206,0.1510811671614647,0.2972932182201108,0.30627415451012435,0.2852325459120266,0.30627415451012435,0.2972932182201108,0.2852325459120266,0.0,0.0,0.0
model_n4-3-n8-2-p-avg-up-transpose-add-cat-skip1,"[4, 4, 4, 4, 8, 8]",5,32.0,3020,1,avg,transpose,cat,1,0.04503583212693532,0.042745876125991344,0.045838529244065285,0.9804847411535665,0.9828969818387573,0.9805214464041128,0.9828969818387573,0.9804847411535665,0.9805214464041128,0.0,0.0,0.0
model_n4-3-n8-2-p-avg-up-transpose-add-cat-skip0,"[4, 4, 4, 4, 8, 8]",5,32.0,2636,0,avg,transpose,cat,0,0.16936711519956588,0.16270378977060318,0.16743779182434082,0.29179421721671717,0.30087937841541756,0.28169192774341584,0.30087937841541756,0.29179421721671717,0.28169192774341584,0.0,0.0,0.0
model_n4-3-n8-2-p-avg-up-transpose-add-sum-skip1,"[4, 4, 4, 4, 8, 8]",5,32.0,2636,1,avg,transpose,sum,1,0.07032697051763534,0.0681880135089159,0.07209974341094494,0.7661005895009243,0.7758417818183706,0.7546595303234751,0.7758417818183706,0.7661005895009243,0.7546595303234751,0.0,0.0,0.0
model_n4-3-n8-2-p-avg-up-transpose-add-sum-skip0,"[4, 4, 4, 4, 8, 8]",5,32.0,2636,0,avg,transpose,sum,0,0.16936711519956588,0.16270378977060318,0.16743779182434082,0.29179421721671717,0.30087937841541756,0.28169192774341584,0.30087937841541756,0.29179421721671717,0.28169192774341584,0.0,0.0,0.0
model_n4-3-n8-1-p-max-up-upsample-add-cat-skip1,"[4, 4, 4, 4, 8]",4,64.0,1556,1,max,upsample,cat,1,0.058315854395429294,0.05616784282028675,0.059477875009179115,0.8049258081933449,0.8080689268879393,0.7831531238291247,0.8080689268879393,0.804925808193345,0.7831531238291247,0.0,0.0,0.0
model_n4-3-n8-1-p-max-up-upsample-add-cat-skip0,"[4, 4, 4, 4, 8]",4,64.0,1364,0,max,upsample,cat,0,0.15418872982263565,0.14787011221051216,0.152387335896492,0.30282931837157157,0.3094922824420213,0.2840854323767697,0.3094922824420213,0.30282931837157157,0.2840854323767697,0.0,0.0,0.0
model_n4-3-n8-1-p-max-up-upsample-add-sum-skip1,"[4, 4, 4, 4, 8]",4,64.0,1412,1,max,upsample,sum,1,0.028413829455773035,0.027953077107667923,0.031890439335256815,0.9518667275782609,0.9548093995236345,0.9407512902836318,0.9548093995236345,0.9518667275782609,0.9407512902836318,0.0,0.0,0.0
model_n4-3-n8-1-p-max-up-upsample-add-sum-skip0,"[4, 4, 4, 4, 8]",4,64.0,1364,0,max,upsample,sum,0,0.15414829899867374,0.1475939266383648,0.15201010182499886,0.3023672488850858,0.30942304413588495,0.2813472288888679,0.30942304413588495,0.3023672488850858,0.2813472288888679,0.0,0.0,0.0
model_n4-3-n8-1-p-max-up-transpose-add-cat-skip1,"[4, 4, 4, 4, 8]",4,64.0,1764,1,max,transpose,cat,1,0.039316360279917716,0.03652919735759497,0.03661539405584335,0.9999595469255663,0.9996675254773868,0.9999622071050642,0.9996675254773868,0.9999595469255663,0.9999622071050642,0.0,0.0,0.0
model_n4-3-n8-1-p-max-up-transpose-add-cat-skip0,"[4, 4, 4, 4, 8]",4,64.0,1572,0,max,transpose,cat,0,0.15317637274662654,0.1460292525589466,0.1507810540497303,0.2993126607318939,0.30708311562724183,0.2793557717566326,0.30708311562724183,0.2993126607318939,0.2793557717566326,0.0,0.0,0.0
model_n4-3-n8-1-p-max-up-transpose-add-sum-skip1,"[4, 4, 4, 4, 8]",4,64.0,1572,1,max,transpose,sum,1,0.02022469478348891,0.019203005824238062,0.020646184217184782,0.9996755950958021,0.9995794452324922,0.9999622071050642,0.9995794452324922,0.9996755950958021,0.9999622071050642,0.0,0.0,0.0
model_n4-3-n8-1-p-max-up-transpose-add-sum-skip0,"[4, 4, 4, 4, 8]",4,64.0,1572,0,max,transpose,sum,0,0.15317637274662654,0.1460292525589466,0.1507810540497303,0.2993126607318939,0.30708311562724183,0.2793557717566326,0.30708311562724183,0.2993126607318939,0.2793557717566326,0.0,0.0,0.0
model_n4-3-n8-1-p-avg-up-upsample-add-cat-skip1,"[4, 4, 4, 4, 8]",4,64.0,1556,1,avg,upsample,cat,1,0.05577294453978539,0.05413523968309164,0.05704656429588795,0.7934718091576465,0.810464427293493,0.7785542492331221,0.810464427293493,0.7934718091576465,0.7785542492331221,0.0,0.0,0.0
model_n4-3-n8-1-p-avg-up-upsample-add-cat-skip0,"[4, 4, 4, 4, 8]",4,64.0,1364,0,avg,upsample,cat,0,0.1538790687918663,0.14714663848280907,0.15191097185015678,0.300205595835592,0.30913842281316295,0.27961016238941083,0.30913842281316295,0.300205595835592,0.27961016238941083,0.0,0.0,0.0
model_n4-3-n8-1-p-avg-up-upsample-add-sum-skip1,"[4, 4, 4, 4, 8]",4,64.0,1412,1,avg,upsample,sum,1,0.027321509706477325,0.027040992863476276,0.03132515959441662,0.9501096251805813,0.9549285325260645,0.9404704423014523,0.9549285325260645,0.9501096251805813,0.9404704423014524,0.0,0.0,0.0
model_n4-3-n8-1-p-avg-up-upsample-add-sum-skip0,"[4, 4, 4, 4, 8]",4,64.0,1364,0,avg,upsample,sum,0,0.15367638518412907,0.14707909896969795,0.15170888602733612,0.30243494638980056,0.3080412614465955,0.27808028538477975,0.3080412614465955,0.30243494638980056,0.27808028538477975,0.0,0.0,0.0
model_n4-3-n8-1-p-avg-up-transpose-add-cat-skip1,"[4, 4, 4, 4, 8]",4,64.0,1764,1,avg,transpose,cat,1,0.04439378281434377,0.04166357312351465,0.0417965529486537,0.9992669880117188,0.997244704232384,0.9991942314793861,0.997244704232384,0.9992669880117188,0.9991942314793861,0.0,0.0,0.0
model_n4-3-n8-1-p-avg-up-transpose-add-cat-skip0,"[4, 4, 4, 4, 8]",4,64.0,1572,0,avg,transpose,cat,0,0.15275515168905257,0.1465366631746292,0.15103667229413986,0.2950616272257278,0.30623399074289986,0.2774052107356133,0.30623399074289986,0.2950616272257278,0.2774052107356133,0.0,0.0,0.0
model_n4-3-n8-1-p-avg-up-transpose-add-sum-skip1,"[4, 4, 4, 4, 8]",4,64.0,1572,1,avg,transpose,sum,1,0.022178509955604872,0.02115962654352188,0.022855085786432028,0.999351440583619,0.9991188469949595,0.999527611324722,0.9991188469949595,0.999351440583619,0.999527611324722,0.0,0.0,0.0
model_n4-3-n8-1-p-avg-up-transpose-add-sum-skip0,"[4, 4, 4, 4, 8]",4,64.0,1572,0,avg,transpose,sum,0,0.15275515168905257,0.1465366631746292,0.15103667229413986,0.2950616272257278,0.30623399074289986,0.2774052107356133,0.30623399074289986,0.2950616272257278,0.2774052107356133,0.0,0.0,0.0
model_n4-3-n8-0-p-max-up-upsample-add-cat-skip1,"[4, 4, 4, 4]",3,64.0,1004,1,max,upsample,cat,1,0.003029041007782022,0.0022506881796289235,0.00238680507754907,0.9961638569825705,0.9947154474907492,0.9955060980311288,0.9947154474907492,0.9961638569825705,0.9955060980311288,0.0,0.0,0.0
model_n4-3-n8-0-p-max-up-upsample-add-cat-skip0,"[4, 4, 4, 4]",3,64.0,860,0,max,upsample,cat,0,0.1545934428771337,0.14685115590691566,0.15121258050203323,0.3173188735222965,0.3366346899443578,0.30791164408799426,0.3366346899443578,0.3173188735222965,0.30791164408799426,0.0,0.0,0.0
model_n4-3-n8-0-p-max-up-upsample-add-sum-skip1,"[4, 4, 4, 4]",3,64.0,920,1,max,upsample,sum,1,0.05333125926554203,0.050076525658369064,0.051236558705568314,0.8776625639239625,0.8653460613767149,0.8758169748200881,0.8653460613767149,0.8776625639239625,0.8758169748200881,0.0,0.0,0.0
model_n4-3-n8-0-p-max-up-upsample-add-sum-skip0,"[4, 4, 4, 4]",3,64.0,860,0,max,upsample,sum,0,0.15449718584616978,0.14672193303704262,0.1518293060362339,0.3234811943484941,0.34036382350392724,0.3165211705398443,0.34036382350392724,0.3234811943484941,0.3165211705398443,0.0,0.0,0.0
model_n4-3-n8-0-p-max-up-transpose-add-cat-skip1,"[4, 4, 4, 4]",3,64.0,1160,1,max,transpose,cat,1,0.01566170258447528,0.015366650652140379,0.016058206092566252,0.9963683002869614,0.9947874455933761,0.9960347872380675,0.9947874455933761,0.9963683002869614,0.9960347872380675,0.0,0.0,0.0
model_n4-3-n8-0-p-max-up-transpose-add-cat-skip0,"[4, 4, 4, 4]",3,64.0,1016,0,max,transpose,cat,0,0.15383704354365665,0.1479678936302662,0.15155789628624916,0.2813557899466077,0.29505999992518933,0.2733368994130736,0.29505999992518933,0.2813557899466077,0.2733368994130736,0.0,0.0,0.0
model_n4-3-n8-0-p-max-up-transpose-add-sum-skip1,"[4, 4, 4, 4]",3,64.0,1016,1,max,transpose,sum,1,0.027874698986609776,0.026822241954505444,0.0271464129909873,0.9968132258403641,0.9965851144198878,0.996217216561078,0.9965851144198878,0.9968132258403641,0.996217216561078,0.0,0.0,0.0
model_n4-3-n8-0-p-max-up-transpose-add-sum-skip0,"[4, 4, 4, 4]",3,64.0,1016,0,max,transpose,sum,0,0.15383704354365665,0.1479678936302662,0.15155789628624916,0.2813557899466077,0.29505999992518933,0.2733368994130736,0.29505999992518933,0.2813557899466077,0.2733368994130736,0.0,0.0,0.0
model_n4-3-n8-0-p-avg-up-upsample-add-cat-skip1,"[4, 4, 4, 4]",3,64.0,1004,1,avg,upsample,cat,1,0.0051859299807498855,0.004485688521526754,0.004449352971278131,0.9902049441474171,0.988865733857412,0.9911336356016827,0.988865733857412,0.9902049441474171,0.9911336356016827,0.0,0.0,0.0
model_n4-3-n8-0-p-avg-up-upsample-add-cat-skip0,"[4, 4, 4, 4]",3,64.0,860,0,avg,upsample,cat,0,0.15455305824677149,0.14647527784109116,0.15100060775876045,0.34024231070296534,0.343686928737472,0.3163394527192154,0.343686928737472,0.34024231070296534,0.3163394527192154,0.0,0.0,0.0
model_n4-3-n8-0-p-avg-up-upsample-add-sum-skip1,"[4, 4, 4, 4]",3,64.0,920,1,avg,upsample,sum,1,0.06044318526983261,0.0580724123865366,0.059760051779448986,0.775164842627236,0.7887889581434363,0.7646323746410928,0.7887889581434363,0.775164842627236,0.7646323746410928,0.0,0.0,0.0
model_n4-3-n8-0-p-avg-up-upsample-add-sum-skip0,"[4, 4, 4, 4]",3,64.0,860,0,avg,upsample,sum,0,0.15547273854414623,0.1480204463005066,0.15228044986724854,0.2865462955107897,0.30667207636545707,0.27790987356966423,0.30667207636545707,0.2865462955107897,0.27790987356966423,0.0,0.0,0.0
model_n4-3-n8-0-p-avg-up-transpose-add-cat-skip1,"[4, 4, 4, 4]",3,64.0,1160,1,avg,transpose,cat,1,0.009976273185263078,0.009664836106821895,0.009402825497090816,0.9924474450804106,0.9936782942302607,0.9951488535911334,0.9936782942302607,0.9924474450804106,0.9951488535911334,0.0,0.0,0.0
model_n4-3-n8-0-p-avg-up-transpose-add-cat-skip0,"[4, 4, 4, 4]",3,64.0,1016,0,avg,transpose,cat,0,0.1518339807788531,0.1452653743326664,0.14963578060269356,0.2886361522314111,0.29956612999552407,0.2748190213415775,0.29956612999552407,0.2886361522314111,0.2748190213415775,0.0,0.0,0.0
model_n4-3-n8-0-p-avg-up-transpose-add-sum-skip1,"[4, 4, 4, 4]",3,64.0,1016,1,avg,transpose,sum,1,0.0467167309174935,0.044391960836946964,0.047402918338775635,0.9724325391285608,0.9625790274351268,0.9589184694457418,0.9625790274351268,0.9724325391285608,0.9589184694457418,0.0,0.0,0.0
model_n4-3-n8-0-p-avg-up-transpose-add-sum-skip0,"[4, 4, 4, 4]",3,64.0,1016,0,avg,transpose,sum,0,0.1518339807788531,0.1452653743326664,0.14963578060269356,0.2886361522314111,0.29956612999552407,0.2748190213415775,0.29956612999552407,0.2886361522314111,0.2748190213415775,0.0,0.0,0.0
model_n4-2-n8-2-p-max-up-upsample-add-cat-skip1,"[4, 4, 4, 8, 8]",4,64.0,2324,1,max,upsample,cat,1,0.026283889388044674,0.023949699476361275,0.024648518301546574,0.995772447484335,0.997626929140272,0.9986139322191769,0.997626929140272,0.995772447484335,0.9986139322191769,0.0,0.0,0.0
model_n4-2-n8-2-p-max-up-upsample-add-cat-skip0,"[4, 4, 4, 8, 8]",4,64.0,1988,0,max,upsample,cat,0,0.17537223398685456,0.1690681353211403,0.1746511049568653,0.2908677389832101,0.30327841267025213,0.27580952476342263,0.30327841267025213,0.2908677389832101,0.27580952476342263,0.0,0.0,0.0
model_n4-2-n8-2-p-max-up-upsample-add-sum-skip1,"[4, 4, 4, 8, 8]",4,64.0,2088,1,max,upsample,sum,1,0.004992442733297745,0.004855535691604018,0.004746261518448591,0.9987837873161053,0.9983648579978421,0.9986488474890072,0.9983648579978421,0.9987837873161053,0.9986488474890072,0.0,0.0,0.0
model_n4-2-n8-2-p-max-up-upsample-add-sum-skip0,"[4, 4, 4, 8, 8]",4,64.0,1988,0,max,upsample,sum,0,0.17546191612879436,0.16886230185627937,0.17464684322476387,0.29082429853514113,0.3027591603389713,0.2762206530149164,0.3027591603389713,0.29082429853514113,0.2762206530149164,0.0,0.0,0.0
model_n4-2-n8-2-p-max-up-transpose-add-cat-skip1,"[4, 4, 4, 8, 8]",4,64.0,2680,1,max,transpose,cat,1,0.016894123082359633,0.014539545634761453,0.015029892325401306,0.9999598264502652,0.9998270893876503,1.0,0.9998270893876503,0.9999598264502652,1.0,0.0,0.0,0.0
model_n4-2-n8-2-p-max-up-transpose-add-cat-skip0,"[4, 4, 4, 8, 8]",4,64.0,2344,0,max,transpose,cat,0,0.15457112987836202,0.15056490153074265,0.15414093807339668,0.2991134673458936,0.32507129858830436,0.28819668552464645,0.32507129858830436,0.2991134673458936,0.28819668552464645,0.0,0.0,0.0
model_n4-2-n8-2-p-max-up-transpose-add-sum-skip1,"[4, 4, 4, 8, 8]",4,64.0,2344,1,max,transpose,sum,1,0.02241872772574425,0.020976186264306307,0.020632494240999222,0.9996365105121785,0.9992968043190423,0.9998182053365403,0.9992968043190423,0.9996365105121785,0.9998182053365403,0.0,0.0,0.0
model_n4-2-n8-2-p-max-up-transpose-add-sum-skip0,"[4, 4, 4, 8, 8]",4,64.0,2344,0,max,transpose,sum,0,0.15457112987836202,0.15056490153074265,0.15414093807339668,0.2991134673458936,0.32507129858830436,0.28819668552464645,0.32507129858830436,0.2991134673458936,0.28819668552464645,0.0,0.0,0.0
model_n4-2-n8-2-p-avg-up-upsample-add-cat-skip1,"[4, 4, 4, 8, 8]",4,64.0,2324,1,avg,upsample,cat,1,0.020974153590699037,0.01896477025002241,0.019683263264596462,0.9983279383563021,0.9988870143324761,0.999397060415209,0.9988870143324761,0.9983279383563021,0.999397060415209,0.0,0.0,0.0
model_n4-2-n8-2-p-avg-up-upsample-add-cat-skip0,"[4, 4, 4, 8, 8]",4,64.0,1988,0,avg,upsample,cat,0,0.17498985528945923,0.1685790717601776,0.17432918027043343,0.29110852988960423,0.30436674983943934,0.27637182459465937,0.30436674983943934,0.29110852988960423,0.27637182459465937,0.0,0.0,0.0
model_n4-2-n8-2-p-avg-up-upsample-add-sum-skip1,"[4, 4, 4, 8, 8]",4,64.0,2088,1,avg,upsample,sum,1,0.005131126753985882,0.004892566590569913,0.004902839660644531,0.9988239608658401,0.9984145847206018,0.9987255145870217,0.9984145847206018,0.9988239608658401,0.9987255145870217,0.0,0.0,0.0
model_n4-2-n8-2-p-avg-up-upsample-add-sum-skip0,"[4, 4, 4, 8, 8]",4,64.0,1988,0,avg,upsample,sum,0,0.1749892716606458,0.16854020580649376,0.17430728673934937,0.2910669878490592,0.3038156905183457,0.27638987132644144,0.3038156905183457,0.2910669878490592,0.27638987132644144,0.0,0.0,0.0
model_n4-2-n8-2-p-avg-up-transpose-add-cat-skip1,"[4, 4, 4, 8, 8]",4,64.0,2680,1,avg,transpose,cat,1,0.02596662410845359,0.022791214752942324,0.021958949975669384,0.9911784629047906,0.9913102411844006,0.9944378604594768,0.9913102411844006,0.9911784629047906,0.9944378604594768,0.0,0.0,0.0
model_n4-2-n8-2-p-avg-up-transpose-add-cat-skip0,"[4, 4, 4, 8, 8]",4,64.0,2344,0,avg,transpose,cat,0,0.15299516320228576,0.14789064973592758,0.15178926289081573,0.3012583926338015,0.3140807403722537,0.2902632735588192,0.3140807403722537,0.3012583926338015,0.2902632735588192,0.0,0.0,0.0
model_n4-2-n8-2-p-avg-up-transpose-add-sum-skip1,"[4, 4, 4, 8, 8]",4,64.0,2344,1,avg,transpose,sum,1,0.01675451233362158,0.015567095018923283,0.015374456997960806,0.9996761250125158,0.9997825719867246,0.9999622071050642,0.9997825719867246,0.9996761250125158,0.9999622071050642,0.0,0.0,0.0
model_n4-2-n8-2-p-avg-up-transpose-add-sum-skip0,"[4, 4, 4, 8, 8]",4,64.0,2344,0,avg,transpose,sum,0,0.15299516320228576,0.14789064973592758,0.15178926289081573,0.3012583926338015,0.3140807403722537,0.2902632735588192,0.3140807403722537,0.3012583926338015,0.2902632735588192,0.0,0.0,0.0
model_n4-2-n8-1-p-max-up-upsample-add-cat-skip1,"[4, 4, 4, 8]",3,128.0,1268,1,max,upsample,cat,1,0.04223646968603134,0.04076555557549,0.04269703198224306,0.910940888098613,0.8062261334033004,0.9049728763844116,0.8062261334033004,0.910940888098613,0.9049728763844116,0.0,0.0,0.0
model_n4-2-n8-1-p-max-up-upsample-add-cat-skip0,"[4, 4, 4, 8]",3,128.0,1124,0,max,upsample,cat,0,0.14688051094611485,0.14189600199460983,0.14707299321889877,0.34821889501681835,0.37193692125713607,0.33286277212586235,0.37193692125713607,0.34821889501681835,0.33286277212586235,0.0,0.0,0.0
model_n4-2-n8-1-p-max-up-upsample-add-sum-skip1,"[4, 4, 4, 8]",3,128.0,1152,1,max,upsample,sum,1,0.05520079284906387,0.053937786258757114,0.056239900179207325,0.76531728999792,0.7771668389210004,0.7571551858783806,0.7771668389210004,0.76531728999792,0.7571551858783806,0.0,0.0,0.0
model_n4-2-n8-1-p-max-up-upsample-add-sum-skip0,"[4, 4, 4, 8]",3,128.0,1124,0,max,upsample,sum,0,0.14702279269695281,0.14189869910478592,0.1468379944562912,0.35136566323328594,0.3723610387249915,0.3374172868290821,0.37236103872499154,0.35136566323328594,0.3374172868290821,0.0,0.0,0.0
model_n4-2-n8-1-p-max-up-transpose-add-cat-skip1,"[4, 4, 4, 8]",3,128.0,1424,1,max,transpose,cat,1,0.05180838045974572,0.0476166233420372,0.046146553941071033,0.9089823504176933,0.8920238548041066,0.9123193013251328,0.8920238548041066,0.9089823504176933,0.9123193013251328,0.0,0.0,0.0
model_n4-2-n8-1-p-max-up-transpose-add-cat-skip0,"[4, 4, 4, 8]",3,128.0,1280,0,max,transpose,cat,0,0.15111494809389114,0.1460394188761711,0.14971283823251724,0.31825378616690997,0.3355776608881237,0.31263870982019226,0.3355776608881237,0.31825378616690997,0.31263870982019226,0.0,0.0,0.0
model_n4-2-n8-1-p-max-up-transpose-add-sum-skip1,"[4, 4, 4, 8]",3,128.0,1280,1,max,transpose,sum,1,0.02230132557451725,0.020103138405829668,0.021192509680986404,0.9925059097947078,0.9940333038681916,0.9938174945461039,0.9940333038681916,0.9925059097947078,0.9938174945461039,0.0,0.0,0.0
model_n4-2-n8-1-p-max-up-transpose-add-sum-skip0,"[4, 4, 4, 8]",3,128.0,1280,0,max,transpose,sum,0,0.15111494809389114,0.1460394188761711,0.14971283823251724,0.31825378616690997,0.3355776608881237,0.31263870982019226,0.3355776608881237,0.31825378616690997,0.31263870982019226,0.0,0.0,0.0
model_n4-2-n8-1-p-avg-up-upsample-add-cat-skip1,"[4, 4, 4, 8]",3,128.0,1268,1,avg,upsample,cat,1,0.03883392115434011,0.03777494188398123,0.03983990289270878,0.9359671916507394,0.8404243737307409,0.9342039038871689,0.8404243737307407,0.9359671916507394,0.9342039038871689,0.0,0.0,0.0
model_n4-2-n8-1-p-avg-up-upsample-add-cat-skip0,"[4, 4, 4, 8]",3,128.0,1124,0,avg,upsample,cat,0,0.14651001542806624,0.14111322537064552,0.1463497243821621,0.3631926371461528,0.379809895364967,0.3397763160274694,0.379809895364967,0.3631926371461528,0.3397763160274694,0.0,0.0,0.0
model_n4-2-n8-1-p-avg-up-upsample-add-sum-skip1,"[4, 4, 4, 8]",3,128.0,1152,1,avg,upsample,sum,1,0.0542862548182408,0.05303495191037655,0.055762093514204025,0.7650319405446617,0.7769169648955929,0.7571163116753018,0.7769169648955929,0.7650319405446617,0.7571163116753017,0.0,0.0,0.0
model_n4-2-n8-1-p-avg-up-upsample-add-sum-skip0,"[4, 4, 4, 8]",3,128.0,1124,0,avg,upsample,sum,0,0.1463740219672521,0.14062883332371712,0.14602063968777657,0.36705210663547716,0.384683414462027,0.3453126871938274,0.384683414462027,0.36705210663547716,0.3453126871938274,0.0,0.0,0.0
model_n4-2-n8-1-p-avg-up-transpose-add-cat-skip1,"[4, 4, 4, 8]",3,128.0,1424,1,avg,transpose,cat,1,0.051187354947129886,0.04654340818524361,0.04532636050134897,0.9175210445567272,0.8937668292271004,0.9180037133695713,0.8937668292271004,0.9175210445567272,0.9180037133695713,0.0,0.0,0.0
model_n4-2-n8-1-p-avg-up-transpose-add-cat-skip0,"[4, 4, 4, 8]",3,128.0,1280,0,avg,transpose,cat,0,0.15136626015106838,0.14539191499352455,0.15026667341589928,0.3315076616934304,0.33985952639242634,0.3063987964929089,0.33985952639242634,0.3315076616934304,0.3063987964929089,0.0,0.0,0.0
model_n4-2-n8-1-p-avg-up-transpose-add-sum-skip1,"[4, 4, 4, 8]",3,128.0,1280,1,avg,transpose,sum,1,0.02781750267992417,0.026205451227724552,0.027335093822330236,0.9744843107979488,0.9733248935272089,0.9779468266167275,0.9733248935272089,0.9744843107979488,0.9779468266167275,0.0,0.0,0.0
model_n4-2-n8-1-p-avg-up-transpose-add-sum-skip0,"[4, 4, 4, 8]",3,128.0,1280,0,avg,transpose,sum,0,0.15136626015106838,0.14539191499352455,0.15026667341589928,0.3315076616934304,0.33985952639242634,0.3063987964929089,0.33985952639242634,0.3315076616934304,0.3063987964929089,0.0,0.0,0.0
model_n4-2-n8-0-p-max-up-upsample-add-cat-skip1,"[4, 4, 4]",2,128.0,716,1,max,upsample,cat,1,0.054679474731286364,0.05271574482321739,0.05429297313094139,0.7676455920861465,0.7787498313470614,0.7578762902854941,0.7787498313470612,0.7676455920861462,0.7578762902854941,0.0,0.0,0.0
model_n4-2-n8-0-p-max-up-upsample-add-cat-skip0,"[4, 4, 4]",2,128.0,620,0,max,upsample,cat,0,0.14716796477635702,0.14265631139278412,0.14662931486964226,0.3682628792628518,0.39101892944283984,0.366110031926565,0.39101892944283984,0.3682628792628518,0.366110031926565,0.0,0.0,0.0
model_n4-2-n8-0-p-max-up-upsample-add-sum-skip1,"[4, 4, 4]",2,128.0,660,1,max,upsample,sum,1,0.08516826803485553,0.07805738970637321,0.07726268284022808,0.705586603625793,0.6942305508661131,0.7191581522874796,0.6942305508661131,0.705586603625793,0.7191581522874796,0.0,0.0,0.0
model_n4-2-n8-0-p-max-up-upsample-add-sum-skip0,"[4, 4, 4]",2,128.0,620,0,max,upsample,sum,0,0.14856721311807633,0.14354459568858147,0.147471372038126,0.37073457028862145,0.388035929936626,0.36252938243122085,0.388035929936626,0.37073457028862145,0.3625293824312208,0.0,0.0,0.0
model_n4-2-n8-0-p-max-up-transpose-add-cat-skip1,"[4, 4, 4]",2,128.0,820,1,max,transpose,cat,1,0.044129956016937893,0.04301999323070049,0.046357630752027035,0.9649539758006108,0.9716379751322954,0.961854784450762,0.9716379751322954,0.9649539758006108,0.961854784450762,0.0,0.0,0.0
model_n4-2-n8-0-p-max-up-transpose-add-cat-skip0,"[4, 4, 4]",2,128.0,724,0,max,transpose,cat,0,0.15128238548835118,0.14452116191387177,0.14915218576788902,0.34208945778502026,0.35714981062860657,0.35407071309635696,0.3571498106286065,0.34208945778502026,0.35407071309635696,0.0,0.0,0.0
model_n4-2-n8-0-p-max-up-transpose-add-sum-skip1,"[4, 4, 4]",2,128.0,724,1,max,transpose,sum,1,0.05999020698169867,0.054970222525298595,0.058770098723471165,0.9237276440350712,0.9131839213972268,0.9164127238665942,0.9131839213972268,0.9237276440350712,0.9164127238665942,0.0,0.0,0.0
model_n4-2-n8-0-p-max-up-transpose-add-sum-skip0,"[4, 4, 4]",2,128.0,724,0,max,transpose,sum,0,0.15128238548835118,0.14452116191387177,0.14915218576788902,0.34208945778502026,0.35714981062860657,0.35407071309635696,0.3571498106286065,0.34208945778502026,0.35407071309635696,0.0,0.0,0.0
model_n4-2-n8-0-p-avg-up-upsample-add-cat-skip1,"[4, 4, 4]",2,128.0,716,1,avg,upsample,cat,1,0.05500696264207363,0.05300264619290829,0.055071115493774414,0.7673203486078519,0.7787218836750676,0.758042614435591,0.7787218836750676,0.7673203486078519,0.7580426144355911,0.0,0.0,0.0
model_n4-2-n8-0-p-avg-up-upsample-add-cat-skip0,"[4, 4, 4]",2,128.0,620,0,avg,upsample,cat,0,0.1469013974070549,0.14162226393818855,0.14626706764101982,0.38061222144898943,0.3919993187268285,0.36596608202079406,0.39199931872682847,0.38061222144898943,0.36596608202079395,0.0,0.0,0.0
model_n4-2-n8-0-p-avg-up-upsample-add-sum-skip1,"[4, 4, 4]",2,128.0,660,1,avg,upsample,sum,1,0.08625335842370987,0.07959744334220886,0.07841864600777626,0.7059115675793886,0.6939749668145738,0.7192784797260884,0.6939749668145738,0.7059115675793886,0.7192784797260883,0.0,0.0,0.0
model_n4-2-n8-0-p-avg-up-upsample-add-sum-skip0,"[4, 4, 4]",2,128.0,620,0,avg,upsample,sum,0,0.14675917973121008,0.14192820340394974,0.1461123712360859,0.3762625358409821,0.39315219646391386,0.3692982413754772,0.3931521964639139,0.3762625358409821,0.3692982413754772,0.0,0.0,0.0
model_n4-2-n8-0-p-avg-up-transpose-add-cat-skip1,"[4, 4, 4]",2,128.0,820,1,avg,transpose,cat,1,0.041916344811518985,0.042924538254737854,0.04550713673233986,0.9742882751776692,0.9771187883259657,0.9619804192907098,0.9771187883259657,0.9742882751776692,0.9619804192907098,0.0,0.0,0.0
model_n4-2-n8-0-p-avg-up-transpose-add-cat-skip0,"[4, 4, 4]",2,128.0,724,0,avg,transpose,cat,0,0.1493327741821607,0.14317596703767776,0.14685001596808434,0.3650354905390357,0.37421621515615267,0.3618844831374872,0.37421621515615267,0.3650354905390357,0.3618844831374873,0.0,0.0,0.0
model_n4-2-n8-0-p-avg-up-transpose-add-sum-skip1,"[4, 4, 4]",2,128.0,724,1,avg,transpose,sum,1,0.059368250767389934,0.05538615770637989,0.057957785204052925,0.8687180121918213,0.8657742449416176,0.8681990357503055,0.8657742449416176,0.8687180121918212,0.8681990357503055,0.0,0.0,0.0
model_n4-2-n8-0-p-avg-up-transpose-add-sum-skip0,"[4, 4, 4]",2,128.0,724,0,avg,transpose,sum,0,0.1493327741821607,0.14317596703767776,0.14685001596808434,0.3650354905390357,0.37421621515615267,0.3618844831374872,0.37421621515615267,0.3650354905390357,0.3618844831374873,0.0,0.0,0.0
model_n4-1-n8-2-p-max-up-upsample-add-cat-skip1,"[4, 4, 8, 8]",3,128.0,2036,1,max,upsample,cat,1,0.009944742855926355,0.007419684669002891,0.00746818061452359,0.9926427404155022,0.9865804197640866,0.9922663149088821,0.9865804197640866,0.9926427404155022,0.9922663149088821,0.0,0.0,0.0
model_n4-1-n8-2-p-max-up-upsample-add-cat-skip0,"[4, 4, 8, 8]",3,128.0,1748,0,max,upsample,cat,0,0.14380092521508533,0.139739777892828,0.14508645236492157,0.38947357585345477,0.4143730061932825,0.36905923509419736,0.4143730061932825,0.38947357585345477,0.36905923509419736,0.0,0.0,0.0
model_n4-1-n8-2-p-max-up-upsample-add-sum-skip1,"[4, 4, 8, 8]",3,128.0,1828,1,max,upsample,sum,1,0.06033057644963265,0.05753834452480078,0.05966028105467558,0.764711057543416,0.7763002346132406,0.7560107739336496,0.7763002346132405,0.764711057543416,0.7560107739336497,0.0,0.0,0.0
model_n4-1-n8-2-p-max-up-upsample-add-sum-skip0,"[4, 4, 8, 8]",3,128.0,1748,0,max,upsample,sum,0,0.14373020480076473,0.13944338634610176,0.14534876495599747,0.38461297550387663,0.41588139579068367,0.36580045494376695,0.41588139579068367,0.38461297550387663,0.36580045494376695,0.0,0.0,0.0
model_n4-1-n8-2-p-max-up-transpose-add-cat-skip1,"[4, 4, 8, 8]",3,128.0,2340,1,max,transpose,cat,1,0.017251733380059402,0.016552302055060863,0.017377141397446394,0.9980125001856132,0.9968624708092619,0.9968094221872404,0.9968624708092619,0.9980125001856132,0.9968094221872404,0.0,0.0,0.0
model_n4-1-n8-2-p-max-up-transpose-add-cat-skip0,"[4, 4, 8, 8]",3,128.0,2052,0,max,transpose,cat,0,0.13915983190139133,0.139517430216074,0.14319216459989548,0.3890186808786152,0.4424592669432459,0.3818478891930319,0.4424592669432459,0.3890186808786152,0.38184788919303186,0.0,0.0,0.0
model_n4-1-n8-2-p-max-up-transpose-add-sum-skip1,"[4, 4, 8, 8]",3,128.0,2052,1,max,transpose,sum,1,0.009280783248444398,0.00863667344674468,0.008852182421833277,0.9997542941797627,0.999715779276337,0.9997825750578907,0.999715779276337,0.9997542941797627,0.9997825750578907,0.0,0.0,0.0
model_n4-1-n8-2-p-max-up-transpose-add-sum-skip0,"[4, 4, 8, 8]",3,128.0,2052,0,max,transpose,sum,0,0.13915983190139133,0.139517430216074,0.14319216459989548,0.3890186808786152,0.4424592669432459,0.3818478891930319,0.4424592669432459,0.3890186808786152,0.38184788919303186,0.0,0.0,0.0
model_n4-1-n8-2-p-avg-up-upsample-add-cat-skip1,"[4, 4, 8, 8]",3,128.0,2036,1,avg,upsample,cat,1,0.007734706159681082,0.006372090079821646,0.00533543957863003,0.9972685356582474,0.9941692432761552,0.9994250599776966,0.9941692432761552,0.9972685356582474,0.9994250599776966,0.0,0.0,0.0
model_n4-1-n8-2-p-avg-up-upsample-add-cat-skip0,"[4, 4, 8, 8]",3,128.0,1748,0,avg,upsample,cat,0,0.14301929672559102,0.139088224619627,0.14394095912575722,0.39568679249251987,0.4200126428375487,0.37670348875059356,0.42001264283754874,0.3956867924925198,0.3767034887505936,0.0,0.0,0.0
model_n4-1-n8-2-p-avg-up-upsample-add-sum-skip1,"[4, 4, 8, 8]",3,128.0,1828,1,avg,upsample,sum,1,0.07707619120677313,0.07412873208522797,0.07833857834339142,0.7508302192298864,0.762208763369822,0.7410278396737546,0.762208763369822,0.7508302192298864,0.7410278396737546,0.0,0.0,0.0
model_n4-1-n8-2-p-avg-up-upsample-add-sum-skip0,"[4, 4, 8, 8]",3,128.0,1748,0,avg,upsample,sum,0,0.14269814342260362,0.13929306343197823,0.14390522614121437,0.39235856761781973,0.42157968114398253,0.38091076972428545,0.42157968114398253,0.39235856761781973,0.38091076972428545,0.0,0.0,0.0
model_n4-1-n8-2-p-avg-up-transpose-add-cat-skip1,"[4, 4, 8, 8]",3,128.0,2340,1,avg,transpose,cat,1,0.015317820633451143,0.014229759341105819,0.014991655014455318,0.998656395080166,0.9978956133457735,0.9983862530396763,0.9978956133457735,0.998656395080166,0.9983862530396763,0.0,0.0,0.0
model_n4-1-n8-2-p-avg-up-transpose-add-cat-skip0,"[4, 4, 8, 8]",3,128.0,2052,0,avg,transpose,cat,0,0.13853204449017842,0.13659457117319107,0.14033512771129608,0.4209471044280079,0.44490758322003326,0.3943551574675109,0.44490758322003326,0.4209471044280079,0.3943551574675109,0.0,0.0,0.0
model_n4-1-n8-2-p-avg-up-transpose-add-sum-skip1,"[4, 4, 8, 8]",3,128.0,2052,1,avg,transpose,sum,1,0.010986408529182276,0.010286219883710146,0.010352942161262035,0.9995930409314258,0.9994024817162439,0.9994502765206978,0.9994024817162439,0.9995930409314258,0.9994502765206978,0.0,0.0,0.0
model_n4-1-n8-2-p-avg-up-transpose-add-sum-skip0,"[4, 4, 8, 8]",3,128.0,2052,0,avg,transpose,sum,0,0.13853204449017842,0.13659457117319107,0.14033512771129608,0.4209471044280079,0.44490758322003326,0.3943551574675109,0.44490758322003326,0.4209471044280079,0.3943551574675109,0.0,0.0,0.0
model_n4-1-n8-1-p-max-up-upsample-add-cat-skip1,"[4, 4, 8]",2,256.0,980,1,max,upsample,cat,1,0.03461745828390121,0.0310691031627357,0.03298263903707266,0.9455413041363638,0.9465592197125303,0.936432662082903,0.9465592197125303,0.9455413041363638,0.936432662082903,0.0,0.0,0.0
model_n4-1-n8-1-p-max-up-upsample-add-cat-skip0,"[4, 4, 8]",2,256.0,884,0,max,upsample,cat,0,0.13920355935891468,0.1345049999654293,0.13954468443989754,0.42995041124285016,0.44639586096113654,0.4060903520525682,0.44639586096113654,0.42995041124285016,0.40609035205256827,0.0,0.0,0.0
model_n4-1-n8-1-p-max-up-upsample-add-sum-skip1,"[4, 4, 8]",2,256.0,892,1,max,upsample,sum,1,0.0529219463467598,0.051092433743178844,0.05310155916959047,0.7678467393595194,0.7795863318756245,0.758437922410721,0.7795863318756245,0.7678467393595194,0.758437922410721,0.0,0.0,0.0
model_n4-1-n8-1-p-max-up-upsample-add-sum-skip0,"[4, 4, 8]",2,256.0,884,0,max,upsample,sum,0,0.13921113262573878,0.13442297652363777,0.1396094188094139,0.42946823663537725,0.4467797151142715,0.408319996731758,0.4467797151142715,0.42946823663537725,0.408319996731758,0.0,0.0,0.0
model_n4-1-n8-1-p-max-up-transpose-add-cat-skip1,"[4, 4, 8]",2,256.0,1084,1,max,transpose,cat,1,0.006562977004796267,0.006742956233210862,0.006487989332526922,0.9995905834745041,0.999198493866612,0.9994739343142903,0.999198493866612,0.9995905834745041,0.9994739343142903,0.0,0.0,0.0
model_n4-1-n8-1-p-max-up-transpose-add-cat-skip0,"[4, 4, 8]",2,256.0,988,0,max,transpose,cat,0,0.13001074170072874,0.12469888478517532,0.12973050773143768,0.4145704700761733,0.43507249692323424,0.40050149875260965,0.43507249692323424,0.4145704700761733,0.4005014987526096,0.0,0.0,0.0
model_n4-1-n8-1-p-max-up-transpose-add-sum-skip1,"[4, 4, 8]",2,256.0,988,1,max,transpose,sum,1,0.009092695669581492,0.007930747931823134,0.008293905993923545,0.9924640683219863,0.9906179526610276,0.9900983739947777,0.9906179526610276,0.9924640683219863,0.9900983739947777,0.0,0.0,0.0
model_n4-1-n8-1-p-max-up-transpose-add-sum-skip0,"[4, 4, 8]",2,256.0,988,0,max,transpose,sum,0,0.13001074170072874,0.12469888478517532,0.12973050773143768,0.4145704700761733,0.43507249692323424,0.40050149875260965,0.43507249692323424,0.4145704700761733,0.4005014987526096,0.0,0.0,0.0
model_n4-1-n8-1-p-avg-up-upsample-add-cat-skip1,"[4, 4, 8]",2,256.0,980,1,avg,upsample,cat,1,0.041972017660737035,0.03926637023687363,0.04126883577555418,0.9307734164027044,0.9228585516980939,0.9232455729604883,0.9228585516980939,0.9307734164027044,0.9232455729604881,0.0,0.0,0.0
model_n4-1-n8-1-p-avg-up-upsample-add-cat-skip0,"[4, 4, 8]",2,256.0,884,0,avg,upsample,cat,0,0.14225506087144216,0.13760150223970413,0.14184023439884186,0.42930630597982294,0.44335101525098836,0.41059668971759733,0.44335101525098836,0.42930630597982294,0.41059668971759733,0.0,0.0,0.0
model_n4-1-n8-1-p-avg-up-upsample-add-sum-skip1,"[4, 4, 8]",2,256.0,892,1,avg,upsample,sum,1,0.029187753361960254,0.02524990774691105,0.026670837309211493,0.993234261873764,0.9892370463755394,0.9917491515384081,0.9892370463755396,0.993234261873764,0.9917491515384081,0.0,0.0,0.0
model_n4-1-n8-1-p-avg-up-upsample-add-sum-skip0,"[4, 4, 8]",2,256.0,884,0,avg,upsample,sum,0,0.14225278049707413,0.13757101073861122,0.14199593663215637,0.4342062278372494,0.44337805698441624,0.41331005964491874,0.44337805698441624,0.4342062278372494,0.4133100596449186,0.0,0.0,0.0
model_n4-1-n8-1-p-avg-up-transpose-add-cat-skip1,"[4, 4, 8]",2,256.0,1084,1,avg,transpose,cat,1,0.019500682471940915,0.0154222440905869,0.016089196782559156,0.9991478067206405,0.9947389666945906,0.9996021158064505,0.9947389666945906,0.9991478067206405,0.9996021158064505,0.0,0.0,0.0
model_n4-1-n8-1-p-avg-up-transpose-add-cat-skip0,"[4, 4, 8]",2,256.0,988,0,avg,transpose,cat,0,0.14209332019090654,0.13602502271533012,0.1394047662615776,0.3931276230018909,0.3977625454580401,0.3674673388605908,0.39776254545804,0.39312762300189086,0.3674673388605908,0.0,0.0,0.0
model_n4-1-n8-1-p-avg-up-transpose-add-sum-skip1,"[4, 4, 8]",2,256.0,988,1,avg,transpose,sum,1,0.025722083759804566,0.02343560755252838,0.0232399869710207,0.9937677500841003,0.991905637771739,0.991263660713615,0.991905637771739,0.9937677500841003,0.991263660713615,0.0,0.0,0.0
model_n4-1-n8-1-p-avg-up-transpose-add-sum-skip0,"[4, 4, 8]",2,256.0,988,0,avg,transpose,sum,0,0.14209332019090654,0.13602502271533012,0.1394047662615776,0.3931276230018909,0.3977625454580401,0.3674673388605908,0.39776254545804,0.39312762300189086,0.3674673388605908,0.0,0.0,0.0
model_n4-1-n8-0-p-max-up-upsample-add-cat-skip1,"[4, 4]",1,256.0,428,1,max,upsample,cat,1,0.02730197962373495,0.02632792480289936,0.02706717001274228,0.9994697833006008,0.9994870470062303,0.9995534482709233,0.9994870470062303,0.9994697833006008,0.9995534482709233,0.0,0.0,0.0
model_n4-1-n8-0-p-max-up-upsample-add-cat-skip0,"[4, 4]",1,256.0,380,0,max,upsample,cat,0,0.1223978358010451,0.11908216774463654,0.1230400800704956,0.5161997239029071,0.5150353332539734,0.4803649144464782,0.5150353332539734,0.5161997239029071,0.4803649144464782,0.0,0.0,0.0
model_n4-1-n8-0-p-max-up-upsample-add-sum-skip1,"[4, 4]",1,256.0,400,1,max,upsample,sum,1,0.036909186840057374,0.034816802479326725,0.03419259935617447,0.9961630429285548,0.9955694899646816,0.9977306704497872,0.9955694899646816,0.9961630429285548,0.9977306704497872,0.0,0.0,0.0
model_n4-1-n8-0-p-max-up-upsample-add-sum-skip0,"[4, 4]",1,256.0,380,0,max,upsample,sum,0,0.12239792570471764,0.11907658725976944,0.12303116172552109,0.5135041308992084,0.5153030927051787,0.479306296279706,0.5153030927051787,0.5135041308992084,0.479306296279706,0.0,0.0,0.0
model_n4-1-n8-0-p-max-up-transpose-add-cat-skip1,"[4, 4]",1,256.0,480,1,max,transpose,cat,1,0.008878760536511739,0.007758764666505158,0.00798678444698453,0.9999182844097201,0.999666756824409,0.9995666923288675,0.999666756824409,0.9999182844097201,0.9995666923288675,0.0,0.0,0.0
model_n4-1-n8-0-p-max-up-transpose-add-cat-skip0,"[4, 4]",1,256.0,432,0,max,transpose,cat,0,0.1093134621779124,0.10413414612412453,0.1093573197722435,0.5389491352229097,0.5527090605953002,0.5130998295156127,0.5527090605953002,0.5389491352229097,0.5130998295156127,0.0,0.0,0.0
model_n4-1-n8-0-p-max-up-transpose-add-sum-skip1,"[4, 4]",1,256.0,432,1,max,transpose,sum,1,0.03820228079954783,0.03722842875868082,0.0356669994071126,0.999469503775902,0.9988866617499009,0.9996572877271587,0.9988866617499009,0.999469503775902,0.9996572877271587,0.0,0.0,0.0
model_n4-1-n8-0-p-max-up-transpose-add-sum-skip0,"[4, 4]",1,256.0,432,0,max,transpose,sum,0,0.1093134621779124,0.10413414612412453,0.1093573197722435,0.5389491352229097,0.5527090605953002,0.5130998295156127,0.5527090605953002,0.5389491352229097,0.5130998295156127,0.0,0.0,0.0
model_n4-1-n8-0-p-avg-up-upsample-add-cat-skip1,"[4, 4]",1,256.0,428,1,avg,upsample,cat,1,0.025826894802351792,0.024607409723103046,0.025537990033626556,0.9995504099247693,0.9993923085771607,0.9992441398213133,0.9993923085771607,0.9995504099247693,0.9992441398213133,0.0,0.0,0.0
model_n4-1-n8-0-p-avg-up-upsample-add-cat-skip0,"[4, 4]",1,256.0,380,0,avg,upsample,cat,0,0.11734543293714524,0.11347394809126854,0.11640301160514355,0.5172991960821655,0.534463149291143,0.5177405650009169,0.534463149291143,0.5172991960821655,0.5177405650009169,0.0,0.0,0.0
model_n4-1-n8-0-p-avg-up-upsample-add-sum-skip1,"[4, 4]",1,256.0,400,1,avg,upsample,sum,1,0.03532854827741782,0.03351823892444372,0.032542480155825615,0.9958369900088478,0.9949537542597525,0.9980269889453293,0.9949537542597525,0.9958369900088478,0.9980269889453293,0.0,0.0,0.0
model_n4-1-n8-0-p-avg-up-upsample-add-sum-skip0,"[4, 4]",1,256.0,380,0,avg,upsample,sum,0,0.11737254361311594,0.11353019252419472,0.11640451103448868,0.5170510328050066,0.5352047738939122,0.5180723387940345,0.5352047738939122,0.5170510328050066,0.5180723387940345,0.0,0.0,0.0
model_n4-1-n8-0-p-avg-up-transpose-add-cat-skip1,"[4, 4]",1,256.0,480,1,avg,transpose,cat,1,0.008243167167529463,0.007231774856336415,0.007297740434296429,0.9997955566956089,0.9998885766625526,0.9999242074090617,0.9998885766625526,0.9997955566956089,0.9999242074090617,0.0,0.0,0.0
model_n4-1-n8-0-p-avg-up-transpose-add-cat-skip0,"[4, 4]",1,256.0,432,0,avg,transpose,cat,0,0.11308750684062639,0.108226353302598,0.11311972886323929,0.5326552917982423,0.5398779939934543,0.5100675646072997,0.5398779939934543,0.5326552917982423,0.5100675646072997,0.0,0.0,0.0
model_n4-1-n8-0-p-avg-up-transpose-add-sum-skip1,"[4, 4]",1,256.0,432,1,avg,transpose,sum,1,0.04331085594991843,0.04206525068730116,0.04092029668390751,0.9979556788742219,0.9982962173679735,0.9992324379764552,0.9982962173679735,0.9979556788742219,0.9992324379764552,0.0,0.0,0.0
model_n4-1-n8-0-p-avg-up-transpose-add-sum-skip0,"[4, 4]",1,256.0,432,0,avg,transpose,sum,0,0.11308750684062639,0.108226353302598,0.11311972886323929,0.5326552917982423,0.5398779939934543,0.5100675646072997,0.5398779939934543,0.5326552917982423,0.5100675646072997,0.0,0.0,0.0
model_n4-0-n8-2-p-max-up-upsample-add-cat-skip1,"[4, 8, 8]",2,256.0,1748,1,max,upsample,cat,1,0.0821681909263134,0.07498480193316936,0.07458682172000408,0.7643912583072631,0.755552898018473,0.7794636377773138,0.755552898018473,0.7643912583072631,0.7794636377773139,0.0,0.0,0.0
model_n4-0-n8-2-p-max-up-upsample-add-cat-skip0,"[4, 8, 8]",2,256.0,1508,0,max,upsample,cat,0,0.1482879082361857,0.14209432527422905,0.14773441851139069,0.36412754795387114,0.3758447143966712,0.3556666083749189,0.3758447143966712,0.36412754795387114,0.3556666083749189,0.0,0.0,0.0
model_n4-0-n8-2-p-max-up-upsample-add-sum-skip1,"[4, 8, 8]",2,256.0,1568,1,max,upsample,sum,1,0.007189217597867051,0.0064105241326615214,0.006656534620560706,0.9996378790029887,0.9997809599144146,0.9999622071050642,0.9997809599144146,0.9996378790029887,0.9999622071050642,0.0,0.0,0.0
model_n4-0-n8-2-p-max-up-upsample-add-sum-skip0,"[4, 8, 8]",2,256.0,1508,0,max,upsample,sum,0,0.14799502789974212,0.14238830283284187,0.14756858348846436,0.35722476401717784,0.3771276885303723,0.35595706273209354,0.37712768853037226,0.35722476401717784,0.35595706273209354,0.0,0.0,0.0
model_n4-0-n8-2-p-max-up-transpose-add-cat-skip1,"[4, 8, 8]",2,256.0,2000,1,max,transpose,cat,1,0.05417376297215621,0.05305072292685509,0.05571858026087284,0.8843059185658413,0.8907844908214891,0.8818478276259495,0.8907844908214891,0.8843059185658414,0.8818478276259495,0.0,0.0,0.0
model_n4-0-n8-2-p-max-up-transpose-add-cat-skip0,"[4, 8, 8]",2,256.0,1760,0,max,transpose,cat,0,0.12222172419230143,0.11606655456125736,0.11949612759053707,0.46450892073280536,0.4707808264095283,0.46750769536386155,0.4707808264095283,0.46450892073280536,0.46750769536386155,0.0,0.0,0.0
model_n4-0-n8-2-p-max-up-transpose-add-sum-skip1,"[4, 8, 8]",2,256.0,1760,1,max,transpose,sum,1,0.05386877829829852,0.051449635066092014,0.052812290377914906,0.761726573276029,0.7723313449820247,0.7532385933491657,0.7723313449820247,0.761726573276029,0.7532385933491657,0.0,0.0,0.0
model_n4-0-n8-2-p-max-up-transpose-add-sum-skip0,"[4, 8, 8]",2,256.0,1760,0,max,transpose,sum,0,0.12222172419230143,0.11606655456125736,0.11949612759053707,0.46450892073280536,0.4707808264095283,0.46750769536386155,0.4707808264095283,0.46450892073280536,0.46750769536386155,0.0,0.0,0.0
model_n4-0-n8-2-p-avg-up-upsample-add-cat-skip1,"[4, 8, 8]",2,256.0,1748,1,avg,upsample,cat,1,0.09175669848918915,0.08519761823117733,0.08490427769720554,0.703675604847081,0.6896243910606139,0.7159242213272212,0.6896243910606139,0.703675604847081,0.7159242213272212,0.0,0.0,0.0
model_n4-0-n8-2-p-avg-up-upsample-add-cat-skip0,"[4, 8, 8]",2,256.0,1508,0,avg,upsample,cat,0,0.13999663641055424,0.13567344471812248,0.1423676423728466,0.4116034096365875,0.4364081358315081,0.3909760634010524,0.4364081358315081,0.4116034096365875,0.3909760634010524,0.0,0.0,0.0
model_n4-0-n8-2-p-avg-up-upsample-add-sum-skip1,"[4, 8, 8]",2,256.0,1568,1,avg,upsample,sum,1,0.0065903617069125175,0.006059950334019959,0.006350159994326532,0.9999196529005303,0.999855478134167,0.9997558636046131,0.999855478134167,0.9999196529005303,0.9997558636046131,0.0,0.0,0.0
model_n4-0-n8-2-p-avg-up-upsample-add-sum-skip0,"[4, 8, 8]",2,256.0,1508,0,avg,upsample,sum,0,0.13951391279697417,0.1349819153547287,0.14161965996026993,0.40951579539181027,0.43643089952626224,0.3929278377430893,0.43643089952626224,0.40951579539181027,0.3929278377430893,0.0,0.0,0.0
model_n4-0-n8-2-p-avg-up-transpose-add-cat-skip1,"[4, 8, 8]",2,256.0,2000,1,avg,transpose,cat,1,0.05105471760034561,0.04993405006825924,0.05233819503337145,0.9092216494928355,0.9094404657179741,0.9017490563536886,0.9094404657179741,0.9092216494928355,0.9017490563536886,0.0,0.0,0.0
model_n4-0-n8-2-p-avg-up-transpose-add-cat-skip0,"[4, 8, 8]",2,256.0,1760,0,avg,transpose,cat,0,0.12144247119625409,0.11673360504209995,0.12027212604880333,0.4624852654430626,0.4728465437692135,0.44992583338062064,0.4728465437692135,0.4624852654430626,0.44992583338062064,0.0,0.0,0.0
model_n4-0-n8-2-p-avg-up-transpose-add-sum-skip1,"[4, 8, 8]",2,256.0,1760,1,avg,transpose,sum,1,0.05152094264825185,0.04931964632123709,0.05062460247427225,0.774651273319474,0.7795337788288632,0.7697065365131561,0.7795337788288633,0.774651273319474,0.7697065365131561,0.0,0.0,0.0
model_n4-0-n8-2-p-avg-up-transpose-add-sum-skip0,"[4, 8, 8]",2,256.0,1760,0,avg,transpose,sum,0,0.12144247119625409,0.11673360504209995,0.12027212604880333,0.4624852654430626,0.4728465437692135,0.44992583338062064,0.4728465437692135,0.4624852654430626,0.44992583338062064,0.0,0.0,0.0
model_n4-0-n8-1-p-max-up-upsample-add-cat-skip1,"[4, 8]",1,512.0,692,1,max,upsample,cat,1,0.018353465696175894,0.018311571329832077,0.01901749148964882,0.9979567678403333,0.9987983991143506,0.9992711053784673,0.9987983991143506,0.9979567678403333,0.9992711053784673,0.0,0.0,0.0
model_n4-0-n8-1-p-max-up-upsample-add-cat-skip0,"[4, 8]",1,512.0,644,0,max,upsample,cat,0,0.150557911892732,0.14160503819584846,0.1458442658185959,0.39482141342343785,0.39319207649623894,0.3983607186186406,0.39319207649623894,0.3948214134234378,0.3983607186186406,0.0,0.0,0.0
model_n4-0-n8-1-p-max-up-upsample-add-sum-skip1,"[4, 8]",1,512.0,632,1,max,upsample,sum,1,0.016046845788757005,0.013579559279605746,0.014419474173337221,0.9957161898349445,0.9937654104526712,0.9972589176605264,0.9937654104526712,0.9957161898349445,0.9972589176605264,0.0,0.0,0.0
model_n4-0-n8-1-p-max-up-upsample-add-sum-skip0,"[4, 8]",1,512.0,644,0,max,upsample,sum,0,0.15051051278909047,0.14164021983742714,0.14589816704392433,0.39785291830721364,0.39362478723058925,0.39772189465132374,0.39362478723058925,0.39785291830721364,0.39772189465132374,0.0,0.0,0.0
model_n4-0-n8-1-p-max-up-transpose-add-cat-skip1,"[4, 8]",1,512.0,744,1,max,transpose,cat,1,0.04091189329822858,0.037628392688930035,0.03979124501347542,0.9114249028482421,0.9077085456725928,0.9035563130251754,0.9077085456725928,0.9114249028482421,0.9035563130251754,0.0,0.0,0.0
model_n4-0-n8-1-p-max-up-transpose-add-cat-skip0,"[4, 8]",1,512.0,696,0,max,transpose,cat,0,0.09854037960370382,0.09664077870547771,0.09875906445086002,0.7175634028997648,0.7219599374497686,0.7062368732305364,0.7219599374497686,0.7175634028997648,0.7062368732305365,0.0,0.0,0.0
model_n4-0-n8-1-p-max-up-transpose-add-sum-skip1,"[4, 8]",1,512.0,696,1,max,transpose,sum,1,0.015387359447777272,0.013411311898380518,0.013885198393836617,0.9992688864192427,0.9991884254186353,0.9995382318614372,0.9991884254186353,0.9992688864192427,0.9995382318614372,0.0,0.0,0.0
model_n4-0-n8-1-p-max-up-transpose-add-sum-skip0,"[4, 8]",1,512.0,696,0,max,transpose,sum,0,0.09854037960370382,0.09664077870547771,0.09875906445086002,0.7175634028997648,0.7219599374497686,0.7062368732305364,0.7219599374497686,0.7175634028997648,0.7062368732305365,0.0,0.0,0.0
model_n4-0-n8-1-p-avg-up-upsample-add-cat-skip1,"[4, 8]",1,512.0,692,1,avg,upsample,cat,1,0.017061777661244074,0.017028924077749252,0.017965796869248152,0.9983637269089076,0.9992582883999028,0.9999348279457768,0.9992582883999028,0.9983637269089076,0.9999348279457768,0.0,0.0,0.0
model_n4-0-n8-1-p-avg-up-upsample-add-cat-skip0,"[4, 8]",1,512.0,644,0,avg,upsample,cat,0,0.15487644871075948,0.14685726165771484,0.14920572936534882,0.371796817112392,0.3735635731271506,0.37970029815691764,0.3735635731271506,0.371796817112392,0.37970029815691764,0.0,0.0,0.0
model_n4-0-n8-1-p-avg-up-upsample-add-sum-skip1,"[4, 8]",1,512.0,632,1,avg,upsample,sum,1,0.018653103895485402,0.015606430592015386,0.016342817340046167,0.9894713930172159,0.9885122733215506,0.9938192105137978,0.9885122733215506,0.9894713930172159,0.9938192105137978,0.0,0.0,0.0
model_n4-0-n8-1-p-avg-up-upsample-add-sum-skip0,"[4, 8]",1,512.0,644,0,avg,upsample,sum,0,0.15489279727141061,0.1468549631536007,0.1491665467619896,0.3724858004705228,0.3739185847118576,0.37681103072477684,0.37391858471185757,0.3724858004705228,0.37681103072477684,0.0,0.0,0.0
model_n4-0-n8-1-p-avg-up-transpose-add-cat-skip1,"[4, 8]",1,512.0,744,1,avg,transpose,cat,1,0.028100968214372794,0.023009627126157284,0.024899632204324007,0.9790501942927223,0.9591288266431203,0.9798245873202938,0.9591288266431203,0.9790501942927223,0.9798245873202938,0.0,0.0,0.0
model_n4-0-n8-1-p-avg-up-transpose-add-cat-skip0,"[4, 8]",1,512.0,696,0,avg,transpose,cat,0,0.09211310570438704,0.08985885418951511,0.09146396815776825,0.7529625476173695,0.7656395655450391,0.7454426730819329,0.7656395655450391,0.7529625476173694,0.7454426730819328,0.0,0.0,0.0
model_n4-0-n8-1-p-avg-up-transpose-add-sum-skip1,"[4, 8]",1,512.0,696,1,avg,transpose,sum,1,0.018012767657637596,0.015103483106940985,0.01566797005943954,0.9994331561738988,0.9993263036706416,0.9994993576583584,0.9993263036706416,0.9994331561738988,0.9994993576583584,0.0,0.0,0.0
model_n4-0-n8-1-p-avg-up-transpose-add-sum-skip0,"[4, 8]",1,512.0,696,0,avg,transpose,sum,0,0.09211310570438704,0.08985885418951511,0.09146396815776825,0.7529625476173695,0.7656395655450391,0.7454426730819329,0.7656395655450391,0.7529625476173694,0.7454426730819328,0.0,0.0,0.0
model_n4-0-n8-0-p-max-up-upsample-add-cat-skip1,[4],0,512.0,140,1,max,upsample,cat,1,0.03243323794255654,0.03188489703461528,0.03280515130609274,0.9975495292470602,0.9976247264429835,0.9987930560585976,0.9976247264429835,0.9975495292470602,0.9987930560585976,0.0,0.0,0.0
model_n4-0-n8-0-p-max-up-upsample-add-cat-skip0,[4],0,512.0,140,0,max,upsample,cat,0,0.03243323794255654,0.03188489703461528,0.03280515130609274,0.9975495292470602,0.9976247264429835,0.9987930560585976,0.9976247264429835,0.9975495292470602,0.9987930560585976,0.0,0.0,0.0
model_n4-0-n8-0-p-max-up-upsample-add-sum-skip1,[4],0,512.0,140,1,max,upsample,sum,1,0.03243323794255654,0.03188489703461528,0.03280515130609274,0.9975495292470602,0.9976247264429835,0.9987930560585976,0.9976247264429835,0.9975495292470602,0.9987930560585976,0.0,0.0,0.0
model_n4-0-n8-0-p-max-up-upsample-add-sum-skip0,[4],0,512.0,140,0,max,upsample,sum,0,0.03243323794255654,0.03188489703461528,0.03280515130609274,0.9975495292470602,0.9976247264429835,0.9987930560585976,0.9976247264429835,0.9975495292470602,0.9987930560585976,0.0,0.0,0.0
model_n4-0-n8-0-p-max-up-transpose-add-cat-skip1,[4],0,512.0,140,1,max,transpose,cat,1,0.03243323794255654,0.03188489703461528,0.03280515130609274,0.9975495292470602,0.9976247264429835,0.9987930560585976,0.9976247264429835,0.9975495292470602,0.9987930560585976,0.0,0.0,0.0
model_n4-0-n8-0-p-max-up-transpose-add-cat-skip0,[4],0,512.0,140,0,max,transpose,cat,0,0.03243323794255654,0.03188489703461528,0.03280515130609274,0.9975495292470602,0.9976247264429835,0.9987930560585976,0.9976247264429835,0.9975495292470602,0.9987930560585976,0.0,0.0,0.0
model_n4-0-n8-0-p-max-up-transpose-add-sum-skip1,[4],0,512.0,140,1,max,transpose,sum,1,0.03243323794255654,0.03188489703461528,0.03280515130609274,0.9975495292470602,0.9976247264429835,0.9987930560585976,0.9976247264429835,0.9975495292470602,0.9987930560585976,0.0,0.0,0.0
model_n4-0-n8-0-p-max-up-transpose-add-sum-skip0,[4],0,512.0,140,0,max,transpose,sum,0,0.03243323794255654,0.03188489703461528,0.03280515130609274,0.9975495292470602,0.9976247264429835,0.9987930560585976,0.9976247264429835,0.9975495292470602,0.9987930560585976,0.0,0.0,0.0
model_n4-0-n8-0-p-avg-up-upsample-add-cat-skip1,[4],0,512.0,140,1,avg,upsample,cat,1,0.03243323794255654,0.03188489703461528,0.03280515130609274,0.9975495292470602,0.9976247264429835,0.9987930560585976,0.9976247264429835,0.9975495292470602,0.9987930560585976,0.0,0.0,0.0
model_n4-0-n8-0-p-avg-up-upsample-add-cat-skip0,[4],0,512.0,140,0,avg,upsample,cat,0,0.03243323794255654,0.03188489703461528,0.03280515130609274,0.9975495292470602,0.9976247264429835,0.9987930560585976,0.9976247264429835,0.9975495292470602,0.9987930560585976,0.0,0.0,0.0
model_n4-0-n8-0-p-avg-up-upsample-add-sum-skip1,[4],0,512.0,140,1,avg,upsample,sum,1,0.03243323794255654,0.03188489703461528,0.03280515130609274,0.9975495292470602,0.9976247264429835,0.9987930560585976,0.9976247264429835,0.9975495292470602,0.9987930560585976,0.0,0.0,0.0
model_n4-0-n8-0-p-avg-up-upsample-add-sum-skip0,[4],0,512.0,140,0,avg,upsample,sum,0,0.03243323794255654,0.03188489703461528,0.03280515130609274,0.9975495292470602,0.9976247264429835,0.9987930560585976,0.9976247264429835,0.9975495292470602,0.9987930560585976,0.0,0.0,0.0
model_n4-0-n8-0-p-avg-up-transpose-add-cat-skip1,[4],0,512.0,140,1,avg,transpose,cat,1,0.03243323794255654,0.03188489703461528,0.03280515130609274,0.9975495292470602,0.9976247264429835,0.9987930560585976,0.9976247264429835,0.9975495292470602,0.9987930560585976,0.0,0.0,0.0
model_n4-0-n8-0-p-avg-up-transpose-add-cat-skip0,[4],0,512.0,140,0,avg,transpose,cat,0,0.03243323794255654,0.03188489703461528,0.03280515130609274,0.9975495292470602,0.9976247264429835,0.9987930560585976,0.9976247264429835,0.9975495292470602,0.9987930560585976,0.0,0.0,0.0
model_n4-0-n8-0-p-avg-up-transpose-add-sum-skip1,[4],0,512.0,140,1,avg,transpose,sum,1,0.03243323794255654,0.03188489703461528,0.03280515130609274,0.9975495292470602,0.9976247264429835,0.9987930560585976,0.9976247264429835,0.9975495292470602,0.9987930560585976,0.0,0.0,0.0
model_n4-0-n8-0-p-avg-up-transpose-add-sum-skip0,[4],0,512.0,140,0,avg,transpose,sum,0,0.03243323794255654,0.03188489703461528,0.03280515130609274,0.9975495292470602,0.9976247264429835,0.9987930560585976,0.9976247264429835,0.9975495292470602,0.9987930560585976,0.0,0.0,0.0
model_n4-0-n8-0-p-avg-uptranspose-addcat-skip0,"[4, 8, 16, 32, 64]",4,512.0,42080,0,avg,transpose,cat,0,0.12278657083710035,0.14407774433493614,,0.37517865516414767,0.536718859706981,,0.536718859706981,0.37517865516414767,,0.0,0.0,
model_n4-0-n8-0-p-avg-uptranspose-addsum-skip1,"[4, 8, 16, 32, 64]",4,512.0,42080,1,avg,transpose,sum,1,0.05093347057700157,0.049669455736875534,0.05094925034791231,0.767481601856189,0.7791873532752059,0.7582589580695573,0.7791873532752059,0.767481601856189,0.7582589580695573,0.0,0.0,0.0
model_n4-0-n8-0-p-avg-uptranspose-addsum-skip0,"[4, 8, 16, 32, 64]",4,512.0,42080,0,avg,transpose,sum,0,0.12278657083710035,0.14407774433493614,0.14393097534775734,0.37517865516414767,0.536718859706981,0.38298608876167595,0.536718859706981,0.37517865516414767,0.38298608876167595,0.0,0.0,0.0
