,model,run_name,exp,run,arc_features,arc_num_conv,arc_latent_volume,arc_num_params,train_loss,valid_loss,test_loss,valid_F1,train_F1,test_F1,train_Accuracy,valid_Accuracy,test_Accuracy,train_Accuracy_seq,valid_Accuracy_seq,test_Accuracy_seq,arc_skip,arc_encoder_blocks,arc_kernels,limit
0,Encoder,nc2_f16_32_64,SimpleCNN,nc2_f16_32_64,"[16, 32, 64]",2.0,2048.0,287009,0.0145482445135712,0.1458478309214115,0.0694640846922993,0.8025801876722203,0.9831907802910796,0.9011154467117564,0.9810198682406656,0.8019476383292068,0.8888873754448943,0.0,0.0,0.0,,,,128
1,Encoder,nc2_f8_32_64,SimpleCNN,nc2_f8_32_64,"[8, 32, 64]",2.0,2048.0,285521,0.0110678356606513,0.1282507572323084,0.0668519958853721,0.8227160038976518,0.9873288408634272,0.9042293364104036,0.9857254978536358,0.8252865661914187,0.8934582305824236,0.0,0.0,0.0,,,,128
2,Encoder,nc2_f8_16_64,SimpleCNN,nc2_f8_16_64,"[8, 16, 64]",2.0,2048.0,279665,0.0138646165840327,0.1321128793060779,0.0550536205992102,0.8121806231065636,0.9839188410298118,0.9239992812523564,0.9818637023344275,0.8162649034598074,0.9135549316082442,0.0,0.0,0.0,,,,128
3,Encoder,nc2_f8_16_32,SimpleCNN,nc2_f8_16_32,"[8, 16, 32]",2.0,1024.0,137617,0.0128238193069895,0.1453631501644849,0.0656493175774812,0.7983065922570849,0.9851742235197878,0.9043061977821923,0.9832773865887324,0.8012368443190612,0.891113344604133,0.0,0.0,0.0,,,,128
4,Encoder,nc2_f4_32_64,SimpleCNN,nc2_f4_32_64,"[4, 32, 64]",2.0,2048.0,284921,0.0113392779914041,0.1403349321335554,0.0688233375549316,0.8043517007244309,0.9872022752934032,0.9063592604100394,0.9855882483157618,0.8077902768769687,0.8946222944829826,0.0,0.0,0.0,,,,128
5,Encoder,nc2_f4_16_64,SimpleCNN,nc2_f4_16_64,"[4, 16, 64]",2.0,2048.0,279257,0.0171365798761447,0.145312737673521,0.0755290705710649,0.8002169811114962,0.9802032761783293,0.895497381506175,0.9776600734154228,0.8009775902375207,0.8821809495308937,0.0,0.0,0.0,,,,128
6,Encoder,nc2_f4_16_32,SimpleCNN,nc2_f4_16_32,"[4, 16, 32]",2.0,1024.0,137209,0.0187172464715937,0.1434834897518158,0.0728052500635385,0.8026526225547918,0.9778926710510436,0.8955896063958574,0.9750385349536804,0.8009977170930698,0.8817775377853185,0.0,0.0,0.0,,,,128
7,Encoder,nc2_f4_8_64,SimpleCNN,nc2_f4_8_64,"[4, 8, 64]",2.0,2048.0,277001,0.0115957289623717,0.1340730674564838,0.0627540266141295,0.8141668266967605,0.9870165223316058,0.9147503772759348,0.9853528165109448,0.8179987321270743,0.9050464559273224,0.0,0.0,0.0,,,,128
8,Encoder,nc2_f4_8_32,SimpleCNN,nc2_f4_8_32,"[4, 8, 32]",2.0,1024.0,135721,0.0148471289003888,0.1258691288530826,0.0763080762699246,0.8198459715886341,0.9825522327232152,0.8883374947923479,0.9803186410895272,0.8223497972781821,0.8744701940217036,0.0,0.0,0.0,,,,128
9,Encoder,nc2_f4_8_16,SimpleCNN,nc2_f4_8_16,"[4, 8, 16]",2.0,512.0,67385,0.0143792068275312,0.1448847781866789,0.0715478956699371,0.7922572262401352,0.9834748903610192,0.9032501233143616,0.9813525093361836,0.7990177088042679,0.8911117233258834,0.0,0.0,0.0,,,,128
10,Encoder,nc2_f32_64,SimpleCNN,nc2_f32_64,"[32, 64]",2.0,4096.0,546945,0.1101287874082724,0.179617278277874,0.0997618492692709,0.7720006066010303,0.8810947220978507,0.8921661996851171,0.8669062313906709,0.7748418929435106,0.8779190246196436,0.0,0.0,0.0,,,,128
11,Encoder,nc2_f16_64,SimpleCNN,nc2_f16_64,"[16, 64]",2.0,4096.0,541281,0.0078131553018465,0.1198172308504581,0.0477036042138934,0.8339453525498033,0.9912997423342292,0.9367248102520004,0.9901988652970336,0.839909097053767,0.9285689157830208,0.0,0.0,0.0,,,,128
12,Encoder,nc2_f16_32,SimpleCNN,nc2_f16_32,"[16, 32]",2.0,2048.0,268161,0.0106609875491509,0.1301485225558281,0.0572602814063429,0.8259869918959141,0.9882375645384824,0.9234410983393214,0.98674117002144,0.8328526249447531,0.9139811589896848,0.0,0.0,0.0,,,,128
13,Encoder,nc2_f8_64,SimpleCNN,nc2_f8_64,"[8, 64]",2.0,4096.0,539025,0.0099933140911161,0.1278319954872131,0.0554262651130557,0.8269794804827726,0.98878786472354,0.925957784495472,0.987362330515475,0.8305292076792516,0.9168087531192036,0.0,0.0,0.0,,,,128
14,Encoder,nc2_f8_32,SimpleCNN,nc2_f8_32,"[8, 32]",2.0,2048.0,266673,0.0143248659869035,0.1440603677183389,0.0644281953573226,0.8006916789914774,0.9838959425271654,0.9116472584376124,0.981862785367498,0.8039696340196973,0.9018894966846532,0.0,0.0,0.0,,,,128
15,Encoder,nc2_f8_16,SimpleCNN,nc2_f8_16,"[8, 16]",2.0,1024.0,132801,0.015117178329577,0.1456190552562475,0.0577949387952685,0.8031223017169327,0.982919648923382,0.9231862504713356,0.9807307878697672,0.8086538917226737,0.9127333639075323,0.0,0.0,0.0,,,,128
16,Encoder,nc2_f4_64,SimpleCNN,nc2_f4_64,"[4, 64]",2.0,4096.0,538041,0.0124786466670533,0.1367918774485588,0.0608670553192496,0.8166036892340715,0.9860934663435772,0.9204575084930616,0.984337369170915,0.820062133742764,0.9106918506599728,0.0,0.0,0.0,,,,128
17,Encoder,nc2_f4_32,SimpleCNN,nc2_f4_32,"[4, 32]",2.0,2048.0,266073,0.0133768920165797,0.1334162317216396,0.0649924138560891,0.8194668495903309,0.9850391929816688,0.9136328582902072,0.9831061633556925,0.8193684701979114,0.9024652099152732,0.0,0.0,0.0,,,,128
18,Encoder,nc2_f4_16,SimpleCNN,nc2_f4_16,"[4, 16]",2.0,1024.0,132393,0.0164359700866043,0.1395940259099006,0.0675326911732554,0.8164602058773314,0.981423726223052,0.907123259200606,0.978997872561006,0.8152527359891999,0.8950458009125345,0.0,0.0,0.0,,,,128
19,Encoder,nc2_f4_8,SimpleCNN,nc2_f4_8,"[4, 8]",2.0,512.0,66129,0.0140701551611224,0.1558211725205183,0.0737255439162254,0.7896378093730745,0.9840930503891856,0.89690757418759,0.9820750658115176,0.7927583698453433,0.8842455154263296,0.0,0.0,0.0,,,,128
20,Encoder,nc2_f64,SimpleCNN,nc2_f64,[64],2.0,8192.0,1062209,0.1494535292188326,0.2206091322004795,0.1520208232104778,0.7316160107148226,0.8447742739212967,0.8441419938941309,0.8266921834289248,0.7334226180299418,0.82304162306556,0.0,0.0,0.0,,,,128
21,Encoder,nc2_f32,SimpleCNN,nc2_f32,[32],2.0,4096.0,528097,0.04982896844546,0.1462456192821264,0.0689112804830074,0.8030862432059643,0.9464859363094332,0.9186692204731304,0.939803465412576,0.810189891294799,0.9084150961935314,0.0,0.0,0.0,,,,128
22,Encoder,nc2_f16,SimpleCNN,nc2_f16,[16],2.0,2048.0,263345,0.026288218734165,0.152625985443592,0.072623087093234,0.7964451540086568,0.9716294080563298,0.9053627988434242,0.9679912563539024,0.8020732356003972,0.8932589644731416,0.0,0.0,0.0,,,,128
23,Encoder,nc2_f8,SimpleCNN,nc2_f8,[8],2.0,1024.0,131545,0.019852175625662,0.149697421118617,0.0632399646565318,0.791405782524145,0.9781795888388564,0.9184940579640531,0.9754868573336188,0.7998298638050857,0.9081862966738726,0.0,0.0,0.0,,,,128
24,Encoder,nc2_f4,SimpleCNN,nc2_f4,[4],2.0,512.0,65789,0.0155440667954583,0.138464480638504,0.0626637730747461,0.8021816371521553,0.982940124807326,0.916076272045592,0.9807058983808764,0.813353796046228,0.9053195110953758,0.0,0.0,0.0,,,,128
25,Encoder,nc1_f16_32_64,SimpleCNN,nc1_f16_32_64,"[16, 32, 64]",1.0,2048.0,270545,0.0088059181347489,0.116952808573842,0.0497304396703839,0.8296021535540613,0.9899537688161388,0.9310186557185892,0.9886717159293228,0.834929436556449,0.9226166975470376,0.0,0.0,0.0,,,,128
26,Encoder,nc1_f8_32_64,SimpleCNN,nc1_f8_32_64,"[8, 32, 64]",1.0,2048.0,269657,0.0093844329006969,0.1386856026947498,0.0564132267609238,0.8019895154566345,0.989360798029596,0.9224886685629792,0.9880152668949864,0.8073681412304743,0.912520133186254,0.0,0.0,0.0,,,,128
27,Encoder,nc1_f8_16_64,SimpleCNN,nc1_f8_16_64,"[8, 16, 64]",1.0,2048.0,266153,0.0084439745328078,0.1128634419292211,0.0525884507223963,0.8411564783803004,0.9904336998191944,0.9273814444420706,0.989222262536882,0.8490276613402181,0.9183591913419152,0.0,0.0,0.0,,,,128
28,Encoder,nc1_f8_16_32,SimpleCNN,nc1_f8_16_32,"[8, 16, 32]",1.0,1024.0,133417,0.0111823505411545,0.1367063373327255,0.0631128018721938,0.8084831215274204,0.9872460856565052,0.9116315419086332,0.9856354292782462,0.8172218841765534,0.9015859792152452,0.0,0.0,0.0,,,,128
29,Encoder,nc1_f4_32_64,SimpleCNN,nc1_f4_32_64,"[4, 32, 64]",1.0,2048.0,269213,0.009430321616431,0.1286525316536426,0.0643503852188587,0.815237623662879,0.98939535375677,0.9117059873875328,0.9880385811551804,0.8227248363423567,0.8997804041547023,0.0,0.0,0.0,,,,128
30,Encoder,nc1_f4_16_64,SimpleCNN,nc1_f4_16_64,"[4, 16, 64]",1.0,2048.0,265901,0.0104023069143295,0.1385298054665327,0.0642805574461817,0.805698473402988,0.9882736377967768,0.9090525081269966,0.986770087488132,0.8105644122489184,0.8983070477118303,0.0,0.0,0.0,,,,128
31,Encoder,nc1_f4_16_32,SimpleCNN,nc1_f4_16_32,"[4, 16, 32]",1.0,1024.0,133165,0.0120892505471905,0.1291330754756927,0.0624541472643613,0.8139351597420657,0.9863943463420732,0.9127316163247792,0.984639269204278,0.8218881482057777,0.9021899859933364,0.0,0.0,0.0,,,,128
32,Encoder,nc1_f4_8_64,SimpleCNN,nc1_f4_8_64,"[4, 8, 64]",1.0,2048.0,264245,0.009908535455664,0.1291978470981121,0.0612041279673576,0.8122528886067206,0.9888337173869054,0.9170455174515416,0.9874078202459458,0.8234380120049265,0.9059243227811876,0.0,0.0,0.0,,,,128
33,Encoder,nc1_f4_8_32,SimpleCNN,nc1_f4_8_32,"[4, 8, 32]",1.0,1024.0,132277,0.0128961555970211,0.1416936386376619,0.0763168986886739,0.8003409226370469,0.9851224407558192,0.8895192243332235,0.9832226367547882,0.8101971598527696,0.878920759526173,0.0,0.0,0.0,,,,128
34,Encoder,nc1_f4_8_16,SimpleCNN,nc1_f4_8_16,"[4, 8, 16]",1.0,512.0,66293,0.0144929059781134,0.1508644856512546,0.0698358323425054,0.8030532195679843,0.9835250617758902,0.9025905996308284,0.981398500558224,0.801063454769355,0.8896268007042404,0.0,0.0,0.0,,,,128
35,Encoder,nc1_f32_64,SimpleCNN,nc1_f32_64,"[32, 64]",1.0,4096.0,531297,0.0251155819743871,0.134262653067708,0.0609225798398256,0.8187475475954229,0.972481543077686,0.9242089467291008,0.9690080511168172,0.825813158247788,0.9145903054105964,0.0,0.0,0.0,,,,128
36,Encoder,nc1_f16_64,SimpleCNN,nc1_f16_64,"[16, 64]",1.0,4096.0,527985,0.0095351389143615,0.1180590558797121,0.0483025573194026,0.8317146161502428,0.9894637623516565,0.9343289680572618,0.988090410651964,0.8354170078229672,0.9257830149519792,0.0,0.0,0.0,,,,128
37,Encoder,nc1_f16_32,SimpleCNN,nc1_f16_32,"[16, 32]",1.0,2048.0,264177,0.0121092941922446,0.1182433813810348,0.0511475065723061,0.832153139831056,0.9865346809989934,0.9317801357219456,0.9848265385500092,0.8391848415919543,0.9230673582103592,0.0,0.0,0.0,,,,128
38,Encoder,nc1_f8_64,SimpleCNN,nc1_f8_64,"[8, 64]",1.0,4096.0,526329,0.0127441102017958,0.1257619690150022,0.0531431399285793,0.823812395961312,0.9858768416103598,0.928858376414512,0.9840407703112138,0.8294127185241799,0.919725394977728,0.0,0.0,0.0,,,,128
39,Encoder,nc1_f8_32,SimpleCNN,nc1_f8_32,"[8, 32]",1.0,2048.0,263289,0.0110961359615127,0.1220133993774652,0.0515219457447528,0.8224888791103763,0.9877464200828664,0.9299738653669978,0.986160364823786,0.8307770158357998,0.92118887913831,0.0,0.0,0.0,,,,128
40,Encoder,nc1_f8_16,SimpleCNN,nc1_f8_16,"[8, 16]",1.0,1024.0,131769,0.0163703420509894,0.151518227532506,0.0604647016152739,0.7951035801278323,0.9817866773697655,0.9172289510011424,0.9794524403638926,0.7978856969718051,0.9068246845238486,0.0,0.0,0.0,,,,128
41,Encoder,nc1_f4_64,SimpleCNN,nc1_f4_64,"[4, 64]",1.0,4096.0,525501,0.0194593705857793,0.1329953074455261,0.0609238287433981,0.8171092910226709,0.9783305427663648,0.9204831252998112,0.9757201597527402,0.8249743318325077,0.910330614266456,0.0,0.0,0.0,,,,128
42,Encoder,nc1_f4_32,SimpleCNN,nc1_f4_32,"[4, 32]",1.0,2048.0,262845,0.0099082237264762,0.1261832546442747,0.0586365927010774,0.8178013393787588,0.988991803503559,0.9225365852583296,0.9876112838533768,0.8263448817504464,0.9131607675277372,0.0,0.0,0.0,,,,128
43,Encoder,nc1_f4_16,SimpleCNN,nc1_f4_16,"[4, 16]",1.0,1024.0,131517,0.017880414519459,0.1408024542033672,0.0667948517948389,0.8020255864379437,0.9804217766964556,0.9076794708663698,0.977902063622396,0.8098847717251014,0.8956118046664127,0.0,0.0,0.0,,,,128
44,Encoder,nc1_f4_8,SimpleCNN,nc1_f4_8,"[4, 8]",1.0,512.0,65853,0.0160930003039538,0.1310582272708416,0.0591576676815748,0.8107427221197328,0.9821229637941862,0.921646738189963,0.9798297080421462,0.8211326012680547,0.911157259841148,0.0,0.0,0.0,,,,128
45,Encoder,nc1_f64,SimpleCNN,nc1_f64,[64],1.0,8192.0,1049729,0.0876961035033067,0.1817405149340629,0.1053100787103176,0.7634193414637371,0.9065826728119196,0.8852030751235145,0.8963743480336764,0.772290486308043,0.8721603689848956,0.0,0.0,0.0,,,,128
46,Encoder,nc1_f32,SimpleCNN,nc1_f32,[32],1.0,4096.0,524929,0.0080961300991475,0.1420189272612333,0.0540431914851069,0.8018910764517988,0.9911493070597742,0.9312658637218322,0.9900433045483492,0.8057856930133652,0.9226684174895974,0.0,0.0,0.0,,,,128
47,Encoder,nc1_f16,SimpleCNN,nc1_f16,[16],1.0,2048.0,262529,0.0091529407848914,0.1311946120113134,0.0544780939817428,0.8098705471124137,0.9900717692051578,0.929574674580364,0.9888179852839974,0.8224907897625389,0.9203068073660728,0.0,0.0,0.0,,,,128
48,Encoder,nc1_f8,SimpleCNN,nc1_f8,[8],1.0,1024.0,131329,0.0154374287153283,0.1386470310389995,0.0526028173044323,0.8099916819870255,0.9830971075953824,0.9327746119722332,0.9809834053586176,0.8169455573066722,0.9241013883351638,0.0,0.0,0.0,,,,128
49,Encoder,nc1_f4,SimpleCNN,nc1_f4,[4],1.0,512.0,65729,0.0326219357550144,0.1411258205771446,0.066818282008171,0.800091687159564,0.9638385839604796,0.9176811923162118,0.9598766892297296,0.8137170855106495,0.9081497199773668,0.0,0.0,0.0,,,,128
50,Encoder,SCNN_nc2_f16_16_16,SimpleCNN_compress,SCNN_nc2_f16_16_16,"[16, 16, 16]",2.0,512.0,70001,0.0167686698337395,0.1409018021076917,0.0659815538674593,0.8054866161632098,0.9800328380191476,0.9089548120875236,0.9774556049261676,0.8047705691760422,0.8958720501185251,0.0,0.0,0.0,,,,128
51,Encoder,SCNN_nc2_f8_16_16,SimpleCNN_compress,SCNN_nc2_f8_16_16,"[8, 16, 16]",2.0,512.0,68897,0.0126541720082362,0.1351764630526304,0.0765580236911773,0.8063214251781096,0.9854321774011534,0.8888042875120672,0.9835727697963532,0.8076933650098763,0.8731997150177442,0.0,0.0,0.0,,,,128
52,Encoder,SCNN_nc2_f8_8_16,SimpleCNN_compress,SCNN_nc2_f8_8_16,"[8, 8, 16]",2.0,512.0,67697,0.0158253049167493,0.1250206399708986,0.0635108333081007,0.815383835186154,0.9814135448184604,0.9071023515843074,0.979029877166982,0.8247046625267183,0.8954085477253309,0.0,0.0,0.0,,,,128
53,Encoder,SCNN_nc2_f8_8_8,SimpleCNN_compress,SCNN_nc2_f8_8_8,"[8, 8, 8]",2.0,256.0,34105,0.0179087805561721,0.1460741180926561,0.0654205530881881,0.7997022167967051,0.9790111778579452,0.9105846471786956,0.9763028281996396,0.8000255347468701,0.8993012735266894,0.0,0.0,0.0,,,,128
54,Encoder,SCNN_nc2_f4_16_16,SimpleCNN_compress,SCNN_nc2_f4_16_16,"[4, 16, 16]",2.0,512.0,68489,0.0204943981952965,0.1348920632153749,0.0704982057213783,0.8153726389852445,0.9759364517531268,0.9051155473051002,0.972839111461012,0.8165665167914465,0.891787416894998,0.0,0.0,0.0,,,,128
55,Encoder,SCNN_nc2_f4_8_16,SimpleCNN_compress,SCNN_nc2_f4_8_16,"[4, 8, 16]",2.0,512.0,67385,0.0149452827870845,0.1414764355868101,0.0675280969589948,0.801884141602948,0.982474171028906,0.9061671953454518,0.9802219176428556,0.8055235017653706,0.8945581998845432,0.0,0.0,0.0,,,,128
56,Encoder,SCNN_nc2_f4_8_8,SimpleCNN_compress,SCNN_nc2_f4_8_8,"[4, 8, 8]",2.0,256.0,33793,0.0153093753072122,0.1380127016454935,0.0788919124752283,0.8170504970350216,0.9822081205672014,0.8927904919240979,0.9799426905420344,0.8167912833677697,0.8794708199953775,0.0,0.0,0.0,,,,128
57,Encoder,SCNN_nc2_f4_4_16,SimpleCNN_compress,SCNN_nc2_f4_4_16,"[4, 4, 16]",2.0,512.0,66977,0.0168537029065191,0.1473686974495649,0.0724644530564546,0.7983670944672051,0.9804077048080696,0.9020518154875192,0.977891959661192,0.8010274234314417,0.8885671214712322,0.0,0.0,0.0,,,,128
58,Encoder,SCNN_nc2_f4_4_8,SimpleCNN_compress,SCNN_nc2_f4_4_8,"[4, 4, 8]",2.0,256.0,33481,0.02105026828746,0.15233782120049,0.086415471509099,0.7854544612288928,0.97497063475651,0.8796781709181775,0.9717615036092268,0.7882845217088608,0.8633043595671867,0.0,0.0,0.0,,,,128
59,Encoder,SCNN_nc2_f4_4_4,SimpleCNN_compress,SCNN_nc2_f4_4_4,"[4, 4, 4]",2.0,128.0,16877,0.0263617816691597,0.1529350113123655,0.0814179517328739,0.7825852020303781,0.9681857665542096,0.8868965018514051,0.9640927503826006,0.789139702570441,0.8737639006350985,0.0,0.0,0.0,,,,128
60,Encoder,SCNN_nc2_f16_16,SimpleCNN_compress,SCNN_nc2_f16_16,"[16, 16]",2.0,1024.0,133905,0.0118034946732223,0.1265194546431303,0.0490458905696868,0.8309139674077359,0.9866559098513612,0.9334617797228256,0.9850056230055672,0.8350728501755069,0.9246564462452548,0.0,0.0,0.0,,,,128
61,Encoder,SCNN_nc2_f8_16,SimpleCNN_compress,SCNN_nc2_f8_16,"[8, 16]",2.0,1024.0,132801,0.0161583722879489,0.1448195446282625,0.0610187901183962,0.8033034090232822,0.981759579886376,0.917345089624807,0.979428858041862,0.8084723305444308,0.9060049982484578,0.0,0.0,0.0,,,,128
62,Encoder,SCNN_nc2_f8_8,SimpleCNN_compress,SCNN_nc2_f8_8,"[8, 8]",2.0,512.0,66441,0.0136316887103021,0.1382217593491077,0.0682033216580748,0.8117002920941374,0.9848245597682684,0.9076073514117232,0.9828976262454584,0.820876890824028,0.8955128744922001,0.0,0.0,0.0,,,,128
63,Encoder,SCNN_nc2_f4_16,SimpleCNN_compress,SCNN_nc2_f4_16,"[4, 16]",2.0,1024.0,132393,0.0169517574210961,0.1385973803699016,0.0654756836593151,0.8161003223481159,0.9805750953576068,0.9090038374156753,0.9780791374229156,0.8148447753525657,0.896008892275408,0.0,0.0,0.0,,,,128
64,Encoder,SCNN_nc2_f4_8,SimpleCNN_compress,SCNN_nc2_f4_8,"[4, 8]",2.0,512.0,66129,0.0142822648088137,0.1587588414549827,0.073683250695467,0.785718543665394,0.9837516164666612,0.8967334391540734,0.9816863384765812,0.7897448876537216,0.8840771716218809,0.0,0.0,0.0,,,,128
65,Encoder,SCNN_nc2_f4_4,SimpleCNN_compress,SCNN_nc2_f4_4,"[4, 4]",2.0,256.0,33141,0.0236083324998617,0.1467733811587095,0.0754096237942576,0.7995099574816531,0.973807953314226,0.903116633517652,0.9705958944247892,0.8100040294090923,0.8924405604681789,0.0,0.0,0.0,,,,128
66,Encoder,SCNN_nc2_f16,SimpleCNN_compress,SCNN_nc2_f16,[16],2.0,2048.0,263345,0.025829328286151,0.1553107239305973,0.0727708451449871,0.795471392932934,0.972185779590108,0.9053227496926428,0.9686205286512996,0.8003077563169406,0.8931999282248041,0.0,0.0,0.0,,,,128
67,Encoder,SCNN_nc2_f8,SimpleCNN_compress,SCNN_nc2_f8,[8],2.0,1024.0,131545,0.0199973143016298,0.1479755192995071,0.063184143975377,0.7955779518264139,0.9779111391163204,0.91855193958583,0.9751866126365591,0.8029051224069161,0.908172639013795,0.0,0.0,0.0,,,,128
68,Encoder,SCNN_nc2_f4,SimpleCNN_compress,SCNN_nc2_f4,[4],2.0,512.0,65789,0.0145172494774063,0.145478043705225,0.0626294836401939,0.7979021312171735,0.9842526378980776,0.9158249950257654,0.9821874572054216,0.8108892469066857,0.9050784756624836,0.0,0.0,0.0,,,,128
69,Encoder,SCNN_nc1_f16_16_16,SimpleCNN_compress,SCNN_nc1_f16_16_16,"[16, 16, 16]",1.0,512.0,67553,0.0113727717815587,0.1443337779492139,0.0611436450853943,0.8013197534036633,0.9869337114733008,0.9139675442228296,0.9852841513710952,0.8028864845971003,0.901503854536668,0.0,0.0,0.0,,,,128
70,Encoder,SCNN_nc1_f8_16_16,SimpleCNN_compress,SCNN_nc1_f8_16_16,"[8, 16, 16]",1.0,512.0,67049,0.0108572675380855,0.1299167182296514,0.0619947928935289,0.8150932326072122,0.9875924504951884,0.917335285177152,0.9859928269583218,0.8219491042837169,0.9054647123268604,0.0,0.0,0.0,,,,128
71,Encoder,SCNN_nc1_f8_8_16,SimpleCNN_compress,SCNN_nc1_f8_8_16,"[8, 8, 16]",1.0,512.0,66449,0.0170489123401542,0.1318311877548694,0.071448503062129,0.8077582380707394,0.980212474524408,0.8988529133212909,0.9776858035000682,0.8162920474512284,0.8860249529307049,0.0,0.0,0.0,,,,128
72,Encoder,SCNN_nc1_f8_8_8,SimpleCNN_compress,SCNN_nc1_f8_8_8,"[8, 8, 8]",1.0,256.0,33457,0.0150871660560369,0.130931194871664,0.0723044723272323,0.8121950498380482,0.9826451958439468,0.9001727296206385,0.980416742796198,0.8235560337637553,0.8871921637915436,0.0,0.0,0.0,,,,128
73,Encoder,SCNN_nc1_f4_16_16,SimpleCNN_compress,SCNN_nc1_f4_16_16,"[4, 16, 16]",1.0,512.0,66797,0.0154930554640789,0.1352079845964908,0.0775040332227945,0.8196710509542208,0.982120398860192,0.8797210409193381,0.9798252018885608,0.8186317536138223,0.8653058816679355,0.0,0.0,0.0,,,,128
74,Encoder,SCNN_nc1_f4_8_16,SimpleCNN_compress,SCNN_nc1_f4_8_16,"[4, 8, 16]",1.0,512.0,66293,0.0145978917057315,0.1499263327568769,0.0700382608920335,0.8050615274188258,0.9833802594342128,0.9033656573733356,0.9812388461910044,0.8027036458188338,0.8904118516690331,0.0,0.0,0.0,,,,128
75,Encoder,SCNN_nc1_f4_8_8,SimpleCNN_compress,SCNN_nc1_f4_8_8,"[4, 8, 8]",1.0,256.0,33301,0.0174411076741913,0.1413474660366773,0.0772766973823309,0.8069131921506552,0.9801618953233608,0.89613987621519,0.9776036428679856,0.8112277011119542,0.8835329089989795,0.0,0.0,0.0,,,,128
76,Encoder,SCNN_nc1_f4_4_16,SimpleCNN_compress,SCNN_nc1_f4_4_16,"[4, 4, 16]",1.0,512.0,66041,0.0143994411143163,0.1244130358099937,0.0660438919439911,0.8211316714061005,0.9836319575218766,0.9074830518912764,0.981507610187593,0.8301167830039928,0.894774120015555,0.0,0.0,0.0,,,,128
77,Encoder,SCNN_nc1_f4_4_8,SimpleCNN_compress,SCNN_nc1_f4_4_8,"[4, 4, 8]",1.0,256.0,33145,0.0184689487020174,0.1400757245719432,0.0732276458293199,0.807476961289172,0.9786247450917896,0.8968397548003026,0.975897945461358,0.80902154150271,0.8825793948484542,0.0,0.0,0.0,,,,128
78,Encoder,SCNN_nc1_f4_4_4,SimpleCNN_compress,SCNN_nc1_f4_4_4,"[4, 4, 4]",1.0,128.0,16697,0.0284795281166831,0.1619927734136581,0.0846939347684383,0.7807200673337606,0.9666833225071146,0.8883566797332969,0.9624045024968862,0.7852367824494071,0.8741561138900757,0.0,0.0,0.0,,,,128
79,Encoder,SCNN_nc1_f16_16,SimpleCNN_compress,SCNN_nc1_f16_16,"[16, 16]",1.0,1024.0,132273,0.0112368070210019,0.1281027067452669,0.0549095459282398,0.8229555071967884,0.9874510061738004,0.9258093295435592,0.9858547032231968,0.8273848950926213,0.9158635642735256,0.0,0.0,0.0,,,,128
80,Encoder,SCNN_nc1_f8_16,SimpleCNN_compress,SCNN_nc1_f8_16,"[8, 16]",1.0,1024.0,131769,0.0163041767974694,0.1457884665578603,0.0605798726901412,0.8013245602866365,0.9818753692616576,0.9174412613009738,0.9795533761399836,0.8063426157981262,0.9070319025313762,0.0,0.0,0.0,,,,128
81,Encoder,SCNN_nc1_f8_8,SimpleCNN_compress,SCNN_nc1_f8_8,"[8, 8]",1.0,512.0,66009,0.0146043601135412,0.1407234836369753,0.0581902079284191,0.8095795797253384,0.9838465556564912,0.9208266407193152,0.9817831247893726,0.813106629724526,0.9107166335842668,0.0,0.0,0.0,,,,128
82,Encoder,SCNN_nc1_f4_16,SimpleCNN_compress,SCNN_nc1_f4_16,"[4, 16]",1.0,1024.0,131517,0.0176999358149866,0.1305310986936092,0.0665176771581173,0.8151637883609048,0.9805461320473726,0.9075295923309664,0.978040572859247,0.8239656849692207,0.895537600364904,0.0,0.0,0.0,,,,128
83,Encoder,SCNN_nc1_f4_8,SimpleCNN_compress,SCNN_nc1_f4_8,"[4, 8]",1.0,512.0,65853,0.0159972040603558,0.1310679782181978,0.0591853288933634,0.8101810222300738,0.9822952875438636,0.9215881459318154,0.980023376986844,0.8202924046963136,0.9110910064787818,0.0,0.0,0.0,,,,128
84,Encoder,SCNN_nc1_f4_4,SimpleCNN_compress,SCNN_nc1_f4_4,"[4, 4]",1.0,256.0,33021,0.0383212896063923,0.1480610631406307,0.0799069181084632,0.8052903511888373,0.9589019342229332,0.8966482845520898,0.9534365572250828,0.8081676775148452,0.882748963976486,0.0,0.0,0.0,,,,128
85,Encoder,SCNN_nc1_f16,SimpleCNN_compress,SCNN_nc1_f16,[16],1.0,2048.0,262529,0.0091286219346026,0.1301117297261953,0.0544933779165148,0.8088114880093028,0.9900391729646087,0.9295902413589338,0.988781052187902,0.8232429407146848,0.920318509210931,0.0,0.0,0.0,,,,128
86,Encoder,SCNN_nc1_f8,SimpleCNN_compress,SCNN_nc1_f8,[8],1.0,1024.0,131329,0.0152170241189499,0.1408767495304346,0.0526023674756288,0.7997194920498938,0.983370666878143,0.932869938757501,0.981289601547554,0.8109011427484624,0.9242160551291808,0.0,0.0,0.0,,,,128
87,Encoder,SCNN_nc1_f4,SimpleCNN_compress,SCNN_nc1_f4,[4],1.0,512.0,65729,0.0327314738805095,0.1420759242027998,0.06682582013309,0.798853563706957,0.9636391195797326,0.9177672275980918,0.959658167616508,0.813170683475734,0.9082380889202396,0.0,0.0,0.0,,,,128
88,MLP,SMLP_f64_64_64,SimpleMLP,SMLP_f64_64_64,"[64, 64, 64]",,,49472,0.0987969574828942,0.1353475209325552,0.0733801228925585,0.7459121961956037,0.8652009106378704,0.8992543162183898,0.8483135363116738,0.7607764585519693,0.8863266672170493,0.0390625,0.03125,0.0,,,,128
89,MLP,SMLP_f32_64_64,SimpleMLP,SMLP_f32_64_64,"[32, 64, 64]",,,31008,0.0980211488902568,0.144825117662549,0.1013910919427871,0.7347096059031321,0.8500030881806927,0.8283263099791761,0.8294863508195268,0.7329183124821765,0.8020790023920372,0.0,0.0,0.0,,,,128
90,MLP,SMLP_f32_32_64,SimpleMLP,SMLP_f32_32_64,"[32, 32, 64]",,,27904,0.0885495908558368,0.1633406560868024,0.0807212255895137,0.7222806258368205,0.8816744823618899,0.8861828844748326,0.8670735834387315,0.7234936373604093,0.8716142487008177,0.0520833333333333,0.00390625,0.0,,,,128
91,MLP,SMLP_f32_32_32,SimpleMLP,SMLP_f32_32_32,"[32, 32, 32]",,,22752,0.081342476606369,0.1682410556823015,0.0863677244633436,0.7626657049226806,0.8958185023196736,0.8860865620561584,0.8819820507856553,0.7618890342669543,0.872660244030485,0.0055208333457509,0.0,0.0,,,,128
92,MLP,SMLP_f16_64_64,SimpleMLP,SMLP_f16_64_64,"[16, 64, 64]",,,21776,0.0830908693373203,0.1524082086980343,0.0819971952587366,0.7451221849164963,0.8837729201422732,0.8754704154387768,0.8681469058940894,0.7443644043665754,0.859865518457593,0.0,0.0,0.0,,,,128
93,MLP,SMLP_f16_32_64,SimpleMLP,SMLP_f16_32_64,"[16, 32, 64]",,,19184,0.0865411877632141,0.1583144813776016,0.0823414474725723,0.7313175805505833,0.8745657686504092,0.8762502421058904,0.8580379431650171,0.7234415339335654,0.8599420965634369,0.0,0.0,0.0,,,,128
94,MLP,SMLP_f16_32_32,SimpleMLP,SMLP_f16_32_32,"[16, 32, 32]",,,14032,0.0838887227078278,0.1402454283088445,0.0827830769121646,0.7569513135249215,0.8840392055532614,0.876347299005928,0.8699375445094343,0.7548142957220443,0.8610769742169132,0.0,0.0,0.0,,,,128
95,MLP,SMLP_f16_16_64,SimpleMLP,SMLP_f16_16_64,"[16, 16, 64]",,,17888,0.0906664190193017,0.1474129203706979,0.0875969938933849,0.7277298057956927,0.8667975251065488,0.8648206213766148,0.8491883544467078,0.7256779367788464,0.8482425878097138,0.0,0.0,0.0,,,,128
96,MLP,SMLP_f16_16_32,SimpleMLP,SMLP_f16_16_32,"[16, 16, 32]",,,13248,0.083291831985116,0.1271952856332063,0.0751627441495657,0.7461790662763319,0.8809259483649278,0.8949297504148619,0.8659009397096625,0.7628956306524326,0.8805077340663205,0.0036458333333333,0.0,0.0,,,,128
97,MLP,SMLP_f16_16_16,SimpleMLP,SMLP_f16_16_16,"[16, 16, 16]",,,10928,0.0882432252168655,0.1757101211696863,0.0667947875335812,0.7147485931721665,0.8786264513077395,0.8979071524995059,0.8638605134227237,0.7165602480389657,0.8840455238309446,0.0,0.0,0.0,,,,128
98,MLP,SMLP_f64_64,SimpleMLP,SMLP_f64_64,"[64, 64]",,,45312,0.0570770185440778,0.1912199594080448,0.0564865907654166,0.7689347214024013,0.930099958827738,0.9233016951939016,0.9206694162899088,0.770626678708311,0.9128876791455308,0.0492708335320154,0.01953125,0.0,,,,128
99,MLP,SMLP_f32_64,SimpleMLP,SMLP_f32_64,"[32, 64]",,,26848,0.0589110353340705,0.1384877562522888,0.0568183278664946,0.7725979750703371,0.9217067698949226,0.918210941546126,0.911632201706265,0.7694083079996713,0.9073380556242476,0.0010416666666666,0.0,0.0,,,,128
100,MLP,SMLP_f32_32,SimpleMLP,SMLP_f32_32,"[32, 32]",,,21696,0.0602462037156025,0.1274983901530504,0.0588487433269619,0.8110407680449397,0.9228545581644884,0.9099056224414568,0.9120719961075822,0.8101566185116346,0.8995096673012051,0.003125,0.0,0.0,,,,128
101,MLP,SMLP_f16_64,SimpleMLP,SMLP_f16_64,"[16, 64]",,,17616,0.0790239747613668,0.1558465249836444,0.0792618105188012,0.7251047558237934,0.8903406883851167,0.8946634066396035,0.8757169227429833,0.7284967033466199,0.8803306351330378,0.0,0.0,0.0,,,,128
102,MLP,SMLP_f16_32,SimpleMLP,SMLP_f16_32,"[16, 32]",,,12976,0.0694857399910688,0.1252462435513734,0.0720852520316839,0.7922823506216592,0.9039067502486966,0.8954120084921601,0.8911994927146923,0.8040189937680099,0.8828679937877046,0.0013541666790843,0.0,0.0,,,,128
103,MLP,SMLP_f16_16,SimpleMLP,SMLP_f16_16,"[16, 16]",,,10656,0.0710202223310867,0.11321572214365,0.077230479568243,0.7974340342547575,0.9005534541839599,0.8931847254347562,0.8877722421811611,0.7977419452254835,0.8796255598841795,0.0020833333333333,0.01171875,0.0,,,,128
104,MLP,SMLP_f64,SimpleMLP,SMLP_f64,[64],,,41152,0.0456769491856296,0.1307659018784761,0.0531439501792192,0.8133857805962366,0.944606604113193,0.9285828676820744,0.9372003797673184,0.8216135089577752,0.9185165955922154,0.0,0.0,0.0,,,,128
105,MLP,SMLP_f32,SimpleMLP,SMLP_f32,[32],,,20640,0.0502036698162555,0.1635517217218876,0.056875230744481,0.7958709553432868,0.93901078612541,0.91812262623563,0.9306342489917172,0.794955533911262,0.906927243968708,0.0,0.0,0.0,,,,128
106,MLP,SMLP_f16,SimpleMLP,SMLP_f16,[16],,,10384,0.0608419864128033,0.138260057196021,0.0671268729493022,0.7887910882627697,0.9214721574525344,0.9060353462729736,0.9106799206487456,0.786870801215364,0.8935498364630362,0.0,0.0,0.0,,,,128
107,MLP,SMLP_f16_16_16,SimpleMLP_compress,SMLP_f16_16_16,"[16, 16, 16]",,,10928,0.0882432252168655,0.1757101211696863,0.0667947875335812,0.7147485931721665,0.8786264513077395,0.8979071524995059,0.8638605134227237,0.7165602480389657,0.8840455238309446,0.0,0.0,0.0,,,,128
108,MLP,SMLP_f8_16_16,SimpleMLP_compress,SMLP_f8_16_16,"[8, 16, 16]",,,6696,0.0918157383799553,0.153148990124464,0.1082753799855709,0.7286074652394592,0.8630999362229189,0.8293009869220915,0.8463163645134497,0.7278553831326102,0.8076436547783576,0.0,0.0,0.0,,,,128
109,MLP,SMLP_f8_8_16,SimpleMLP_compress,SMLP_f8_8_16,"[8, 8, 16]",,,6496,0.082755376646916,0.1798370461910963,0.0893355924636125,0.6954994433292911,0.8800142205212081,0.8668405034710256,0.8634181057561473,0.681734865577255,0.8492075511268339,0.0,0.0,0.0,,,,128
110,MLP,SMLP_f8_8_8,SimpleMLP_compress,SMLP_f8_8_8,"[8, 8, 8]",,,5400,0.0925741302470366,0.1508834864944219,0.1063889674842357,0.713995824994011,0.85674759137224,0.8228371745486562,0.8386120609662985,0.7119209190082934,0.8021255249693222,0.0,0.0,0.0,,,,128
111,MLP,SMLP_f4_16_16,SimpleMLP_compress,SMLP_f4_16_16,"[4, 16, 16]",,,4580,0.0864561396340529,0.1473710965365171,0.0988794192671775,0.7361891915608187,0.870980950385942,0.8552317042296218,0.8539570468081563,0.7363158355025896,0.8339026566219904,0.0,0.0,0.0,,,,128
112,MLP,SMLP_f4_8_16,SimpleMLP_compress,SMLP_f4_8_16,"[4, 8, 16]",,,4412,0.0983080277840296,0.1469601653516292,0.1097402833402156,0.7187508035536764,0.8530197258948112,0.8311229243036796,0.8335976601134572,0.7232217398763884,0.8051976732159809,0.0,0.0,0.0,,,,128
113,MLP,SMLP_f4_8_8,SimpleMLP_compress,SMLP_f4_8_8,"[4, 8, 8]",,,3316,0.0903106682002544,0.1750112529844045,0.0856599137187004,0.7179701665191898,0.8696112484278452,0.8811682209813123,0.8512547796577186,0.7058023900023034,0.862577647258779,0.0,0.0,0.0,,,,128
114,MLP,SMLP_f4_4_16,SimpleMLP_compress,SMLP_f4_4_16,"[4, 4, 16]",,,4328,0.0758665579060713,0.1409850213676691,0.0824593193829059,0.7434756791045742,0.8866881648977346,0.8770871667319697,0.8719598033819804,0.7348722903129011,0.861151748259149,0.0,0.0,0.0,,,,128
115,MLP,SMLP_f4_4_8,SimpleMLP_compress,SMLP_f4_4_8,"[4, 4, 8]",,,3264,0.1960257579882939,0.2107094526290893,0.1872422285377979,0.5941275457658949,0.6766299882628167,0.6764714937663163,0.6599564366663044,0.610245116120727,0.6629544654846538,0.0,0.0,0.0,,,,128
116,MLP,SMLP_f4_4_4,SimpleMLP_compress,SMLP_f4_4_4,"[4, 4, 4]",,,2732,0.1167950555682182,0.1637361831963062,0.113437196239829,0.716128766641747,0.8145468481787201,0.8256547782153391,0.790307710078297,0.7028319704922952,0.8035661855428768,0.0,0.0,0.0,,,,128
117,MLP,SMLP_f16_16,SimpleMLP_compress,SMLP_f16_16,"[16, 16]",,,10656,0.0710202223310867,0.11321572214365,0.077230479568243,0.7974340342547575,0.9005534541839599,0.8931847254347562,0.8877722421811611,0.7977419452254835,0.8796255598841795,0.0020833333333333,0.01171875,0.0,,,,128
118,MLP,SMLP_f8_16,SimpleMLP_compress,SMLP_f8_16,"[8, 16]",,,6424,0.0812423373262087,0.1379414740949869,0.0805152785032987,0.7569016261658472,0.8842720834900769,0.8757344479276192,0.8694775265968673,0.7546576708917114,0.8590198640827515,0.0,0.0,0.0,,,,128
119,MLP,SMLP_f8_8,SimpleMLP_compress,SMLP_f8_8,"[8, 8]",,,5328,0.0857905221482118,0.1706394329667091,0.091844443231821,0.7246948340895599,0.8759857711228347,0.8586361831728451,0.8589947785004316,0.7174794592187191,0.8386289809396783,0.0,0.0,0.0,,,,128
120,MLP,SMLP_f4_16,SimpleMLP_compress,SMLP_f4_16,"[4, 16]",,,4308,0.1292915711800257,0.1579551361501217,0.1197543535381555,0.716728063730577,0.7982426871497926,0.8170072161530745,0.7694146573569705,0.704142740487872,0.7916144892250232,0.0,0.0,0.0,,,,128
121,MLP,SMLP_f4_8,SimpleMLP_compress,SMLP_f4_8,"[4, 8]",,,3244,0.1140428232649962,0.1678280401974916,0.1086528860032558,0.7129004846893476,0.8322707409606316,0.8415626558009565,0.8066886153414596,0.698596267504051,0.8156658205542398,0.0,0.0,0.0,,,,128
122,MLP,SMLP_f4_4,SimpleMLP_compress,SMLP_f4_4,"[4, 4]",,,2712,0.1201117393871148,0.1585378777235746,0.1071752700954675,0.6970584894033647,0.8069332768822634,0.8320178859968709,0.7789274143407717,0.6951925053352984,0.8058882952737129,0.0,0.0,0.0,,,,128
123,MLP,SMLP_f16,SimpleMLP_compress,SMLP_f16,[16],,,10384,0.0608419864128033,0.138260057196021,0.0671268729493022,0.7887910882627697,0.9214721574525344,0.9060353462729736,0.9106799206487456,0.786870801215364,0.8935498364630362,0.0,0.0,0.0,,,,128
124,MLP,SMLP_f8,SimpleMLP_compress,SMLP_f8,[8],,,5256,0.0844459719955921,0.1450931243598461,0.0807696878910064,0.7537497247669573,0.8790086942276601,0.8845653384660843,0.8641046691629218,0.7543918142272972,0.8682154566440269,0.0,0.0,0.0,,,,128
125,MLP,SMLP_f4,SimpleMLP_compress,SMLP_f4,[4],,,2692,0.1484545027216275,0.1660054326057434,0.1309106275439262,0.6995577728493929,0.7769941623627817,0.8144525940958052,0.7395847019661751,0.6845885370215848,0.7813094330300393,0.0,0.0,0.0,,,,128
126,seq2pp,s2pp_nc2_skip_1_f32_32_32,seq2pp,s2pp_nc2_skip_1_f32_32_32,"[32, 32, 32]",2.0,1024.0,41377,0.0180237755489846,0.1116696335375309,0.083235427737236,0.8246817367711732,0.97707367927855,0.8773319130659075,0.9740993070687392,0.827320712832775,0.8651847993341337,0.0,0.0,0.0,1.0,2.0,,128
127,seq2pp,s2pp_nc2_skip_0_f32_32_32,seq2pp,s2pp_nc2_skip_0_f32_32_32,"[32, 32, 32]",2.0,1024.0,35233,0.0207109412799278,0.1132816560566425,0.0901344642043113,0.8130476537862434,0.9724134423858604,0.8690735330047741,0.9687963299454182,0.8125191003634973,0.8530823556156227,0.0,0.0,0.0,0.0,2.0,,128
128,seq2pp,s2pp_nc2_skip_1_f16_32_32,seq2pp,s2pp_nc2_skip_1_f16_32_32,"[16, 32, 32]",2.0,1024.0,28673,0.0209669558020929,0.123489947989583,0.0863916929811239,0.7984488197733265,0.971948579346665,0.8819898973711696,0.968290439886941,0.8113575604000401,0.8656451387077101,0.0,0.0,0.0,1.0,2.0,,128
129,seq2pp,s2pp_nc2_skip_0_f16_32_32,seq2pp,s2pp_nc2_skip_0_f16_32_32,"[16, 32, 32]",2.0,1024.0,24833,0.0235768624891837,0.1163693089038133,0.0779167041182518,0.8132985465842443,0.9686555949067048,0.8937687904387149,0.964509233696366,0.8124168483472922,0.8780357808141424,0.0,0.0,0.0,0.0,2.0,,128
130,seq2pp,s2pp_nc2_skip_1_f16_16_32,seq2pp,s2pp_nc2_skip_1_f16_16_32,"[16, 16, 32]",2.0,1024.0,14641,0.0235468327999115,0.1309689935296774,0.0892765820026397,0.8021779262823833,0.9686954942950476,0.8624280452224694,0.9646971454901772,0.800002170448538,0.8499870277556737,0.0,0.0,0.0,1.0,2.0,,128
131,seq2pp,s2pp_nc2_skip_0_f16_16_32,seq2pp,s2pp_nc2_skip_0_f16_16_32,"[16, 16, 32]",2.0,1024.0,13105,0.0314862105374534,0.1145249642431736,0.0926333982497453,0.8023804644401005,0.9569590272426712,0.8656262899784017,0.951104537461668,0.8112441266886667,0.8487519687437791,0.0,0.0,0.0,0.0,2.0,,128
132,seq2pp,s2pp_nc2_skip_1_f16_16_16,seq2pp,s2pp_nc2_skip_1_f16_16_16,"[16, 16, 16]",2.0,512.0,10705,0.025485182305177,0.1137004178017377,0.0930652301758527,0.8176891844985932,0.9659795213998572,0.8588101634129959,0.9614955955331612,0.8177704484689873,0.8450083584355035,0.0,0.0,0.0,1.0,2.0,,128
133,seq2pp,s2pp_nc2_skip_0_f16_16_16,seq2pp,s2pp_nc2_skip_0_f16_16_16,"[16, 16, 16]",2.0,512.0,9169,0.0372166008378068,0.114443426951766,0.0818183794617652,0.8114974041690384,0.948314663320932,0.8763321653991636,0.9411179022113194,0.8138041235396679,0.8625835541085602,0.0,0.0,0.0,0.0,2.0,,128
134,seq2pp,s2pp_nc2_skip_1_f8_32_32,seq2pp,s2pp_nc2_skip_1_f8_32_32,"[8, 32, 32]",2.0,1024.0,24625,0.0195687722104291,0.1202913019806146,0.090581264346838,0.8163796640679577,0.9744045444027504,0.8638394662200021,0.9711217664171464,0.8179345516943123,0.8534863033059843,0.0,0.0,0.0,1.0,2.0,,128
135,seq2pp,s2pp_nc2_skip_0_f8_32_32,seq2pp,s2pp_nc2_skip_0_f8_32_32,"[8, 32, 32]",2.0,1024.0,21361,0.0244014762962857,0.1254515573382377,0.0859353970736265,0.797957920532142,0.9672668989735904,0.867410587724681,0.962960460351976,0.7959252455884869,0.8512562200760362,0.0,0.0,0.0,0.0,2.0,,128
136,seq2pp,s2pp_nc2_skip_1_f8_16_32,seq2pp,s2pp_nc2_skip_1_f8_16_32,"[8, 16, 32]",2.0,1024.0,11361,0.0270635672534505,0.1147274691611528,0.1045229118317365,0.8048704622690984,0.9636925564427123,0.8555703306601413,0.958858704398343,0.8078014520038378,0.840697313621941,0.0,0.0,0.0,1.0,2.0,,128
137,seq2pp,s2pp_nc2_skip_0_f8_16_32,seq2pp,s2pp_nc2_skip_0_f8_16_32,"[8, 16, 32]",2.0,1024.0,10401,0.0328805856406688,0.1289384514093399,0.089896310120821,0.786166308151025,0.9551081086641264,0.8656222563950269,0.9490790325458112,0.786088953937242,0.8471316271272653,0.0,0.0,0.0,0.0,2.0,,128
138,seq2pp,s2pp_nc2_skip_1_f8_16_16,seq2pp,s2pp_nc2_skip_1_f8_16_16,"[8, 16, 16]",2.0,512.0,7425,0.0315312676131725,0.1137492023408413,0.0866574831306934,0.8042711603437296,0.9575894045063784,0.8736668992469071,0.9519142970172854,0.8065194844319143,0.8585738725395025,0.0,0.0,0.0,1.0,2.0,,128
139,seq2pp,s2pp_nc2_skip_0_f8_16_16,seq2pp,s2pp_nc2_skip_0_f8_16_16,"[8, 16, 16]",2.0,512.0,6465,0.0432301522543032,0.1293161492794752,0.1028576623648405,0.77741163764491,0.9390059715838812,0.8430160393277204,0.930404956432868,0.7760131589690115,0.8213863131791324,0.0,0.0,0.0,0.0,2.0,,128
140,seq2pp,s2pp_nc2_skip_1_f8_8_32,seq2pp,s2pp_nc2_skip_1_f8_8_32,"[8, 8, 32]",2.0,1024.0,7033,0.0361146114766597,0.1256454084068536,0.0865695904940366,0.8009771082164219,0.95140960836429,0.8726186735017829,0.9448055813519292,0.8019148985711422,0.8557184389484603,0.0,0.0,0.0,1.0,2.0,,128
141,seq2pp,s2pp_nc2_skip_0_f8_8_32,seq2pp,s2pp_nc2_skip_0_f8_8_32,"[8, 8, 32]",2.0,1024.0,6649,0.0468110249688228,0.1227391846477985,0.0857136789709329,0.7950272915422807,0.934560141232628,0.8786680084845437,0.9252858135762964,0.7838387129706953,0.860239783181981,0.0,0.0,0.0,0.0,2.0,,128
142,seq2pp,s2pp_nc2_skip_1_f8_8_16,seq2pp,s2pp_nc2_skip_1_f8_8_16,"[8, 8, 16]",2.0,512.0,3865,0.0443526239444812,0.1295251920819282,0.096733184531331,0.7954249975801442,0.9395071278623688,0.8587665534176899,0.9311472033769304,0.7871345773580032,0.8444597123281601,0.0,0.0,0.0,1.0,2.0,,128
143,seq2pp,s2pp_nc2_skip_0_f8_8_16,seq2pp,s2pp_nc2_skip_0_f8_8_16,"[8, 8, 16]",2.0,512.0,3481,0.0592640177657206,0.1185903307050466,0.0939161051064729,0.7775495218590998,0.9144673633838144,0.8512982993925207,0.902100424384131,0.7794161999958746,0.8331940265447562,0.0,0.0,0.0,0.0,2.0,,128
144,seq2pp,s2pp_nc2_skip_1_f8_8_8,seq2pp,s2pp_nc2_skip_1_f8_8_8,"[8, 8, 8]",2.0,256.0,2857,0.0529281438638766,0.1295718178153038,0.0978490151464939,0.7979446784818209,0.926943934716334,0.8504714235536248,0.9166459776696272,0.7899572506089572,0.8359069213631559,0.0,0.0,0.0,1.0,2.0,,128
145,seq2pp,s2pp_nc2_skip_0_f8_8_8,seq2pp,s2pp_nc2_skip_0_f8_8_8,"[8, 8, 8]",2.0,256.0,2473,0.0669153030961751,0.1289930678904056,0.1029033437371254,0.783209204025102,0.9046271060985964,0.8301828348046465,0.8898597468976691,0.7783188415424149,0.814309657258051,0.0,0.0,0.0,0.0,2.0,,128
146,seq2pp,s2pp_nc2_skip_1_f4_32_32,seq2pp,s2pp_nc2_skip_1_f4_32_32,"[4, 32, 32]",2.0,1024.0,23177,0.0222911556561787,0.1270030811429023,0.0821356754750013,0.7991978629154957,0.9705872379509636,0.8815538845138219,0.9667575542560836,0.8020863100505919,0.8660143234668481,0.0,0.0,0.0,1.0,2.0,,128
147,seq2pp,s2pp_nc2_skip_0_f4_32_32,seq2pp,s2pp_nc2_skip_0_f4_32_32,"[4, 32, 32]",2.0,1024.0,20057,0.0327530672773718,0.1339040230959653,0.0898126550018787,0.7947174392236325,0.9568045921161904,0.8630938435063298,0.9507921653908702,0.7875458450307942,0.8490398016867354,0.0,0.0,0.0,0.0,2.0,,128
148,seq2pp,s2pp_nc2_skip_1_f4_16_32,seq2pp,s2pp_nc2_skip_1_f4_16_32,"[4, 16, 32]",2.0,1024.0,10297,0.0355857985715071,0.1256433129310608,0.0872221793979406,0.7852413119827504,0.9514508279876208,0.8683668702524746,0.9449473593124076,0.7909190203123602,0.8527526366565125,0.0,0.0,0.0,1.0,2.0,,128
149,seq2pp,s2pp_nc2_skip_0_f4_16_32,seq2pp,s2pp_nc2_skip_0_f4_16_32,"[4, 16, 32]",2.0,1024.0,9481,0.0412558416525522,0.1253244150429964,0.0994019154459238,0.7820466759547082,0.9440153927723322,0.8533411429991,0.936281559158434,0.78955706525538,0.8404588565406653,0.0,0.0,0.0,0.0,2.0,,128
150,seq2pp,s2pp_nc2_skip_1_f4_16_16,seq2pp,s2pp_nc2_skip_1_f4_16_16,"[4, 16, 16]",2.0,512.0,6361,0.0411178397635618,0.1410423591732978,0.1059759426862001,0.7691113919069275,0.943182226823137,0.8363488859689869,0.9354798538329246,0.7663716769551173,0.8207884739378281,0.0,0.0,0.0,1.0,2.0,,128
151,seq2pp,s2pp_nc2_skip_0_f4_16_16,seq2pp,s2pp_nc2_skip_0_f4_16_16,"[4, 16, 16]",2.0,512.0,5545,0.0571353909869988,0.12982127815485,0.095394967123866,0.7759227852439046,0.923968059762397,0.8613181764213045,0.912754045508034,0.7815285403815213,0.8415841726113851,0.0,0.0,0.0,0.0,2.0,,128
152,seq2pp,s2pp_nc2_skip_1_f4_8_32,seq2pp,s2pp_nc2_skip_1_f4_8_32,"[4, 8, 32]",2.0,1024.0,6161,0.0454415264228979,0.1415605433285236,0.099149527028203,0.7810611433696303,0.9386776415401747,0.8487521821610616,0.9303048146009522,0.7704753969642325,0.8375679086140355,0.0,0.0,0.0,1.0,2.0,,128
153,seq2pp,s2pp_nc2_skip_0_f4_8_32,seq2pp,s2pp_nc2_skip_0_f4_8_32,"[4, 8, 32]",2.0,1024.0,5921,0.0466835269083579,0.1630606893450021,0.1059620045125484,0.7595421984608285,0.9355403491004076,0.8340461812788127,0.9266088405828286,0.738850940182021,0.8174314112764344,0.0,0.0,0.0,0.0,2.0,,128
154,seq2pp,s2pp_nc2_skip_1_f4_8_16,seq2pp,s2pp_nc2_skip_1_f4_8_16,"[4, 8, 16]",2.0,512.0,2993,0.0578689071039358,0.1289500463753938,0.1067986525595188,0.7850383814836863,0.9188428228394436,0.8382369402518292,0.907116870500962,0.7798575057843984,0.8207686587780263,0.0,0.0,0.0,1.0,2.0,,128
155,seq2pp,s2pp_nc2_skip_0_f4_8_16,seq2pp,s2pp_nc2_skip_0_f4_8_16,"[4, 8, 16]",2.0,512.0,2753,0.0711784563958644,0.1321209389716386,0.094704333692789,0.7662829500979628,0.9000635390204953,0.8573057340463952,0.8846414855371896,0.7659210311604313,0.8388691350988711,0.0,0.0,0.0,0.0,2.0,,128
156,seq2pp,s2pp_nc2_skip_1_f4_8_8,seq2pp,s2pp_nc2_skip_1_f4_8_8,"[4, 8, 8]",2.0,256.0,1985,0.0647936557730039,0.14131392352283,0.1181193739175796,0.7622943860184328,0.9106483846997252,0.8227790805444455,0.8981225476527249,0.7568577338461677,0.8070143901085592,0.0,0.0,0.0,1.0,2.0,,128
157,seq2pp,s2pp_nc2_skip_0_f4_8_8,seq2pp,s2pp_nc2_skip_0_f4_8_8,"[4, 8, 8]",2.0,256.0,1745,0.0785947198669115,0.1336614359170198,0.1046771351248025,0.7648645123564028,0.886212467143487,0.8362995148359034,0.8684085857856289,0.7501956296377744,0.8156190210420413,0.0,0.0,0.0,0.0,2.0,,128
158,seq2pp,s2pp_nc2_skip_1_f4_4_32,seq2pp,s2pp_nc2_skip_1_f4_4_32,"[4, 4, 32]",2.0,1024.0,4669,0.0592297472059726,0.1571170352399349,0.1085598450154066,0.7697921882162763,0.9194460793718424,0.835980865511918,0.9083761755837176,0.75066624266798,0.814564227610074,0.0,0.0,0.0,1.0,2.0,,128
159,seq2pp,s2pp_nc2_skip_0_f4_4_32,seq2pp,s2pp_nc2_skip_0_f4_4_32,"[4, 4, 32]",2.0,1024.0,4573,0.0599775332957506,0.1470047086477279,0.1173224281519651,0.7684700802003278,0.9164912476970656,0.815332010832023,0.9041025089383878,0.757112504850256,0.7966549443787095,0.0,0.0,0.0,0.0,2.0,,128
160,seq2pp,s2pp_nc2_skip_1_f4_4_16,seq2pp,s2pp_nc2_skip_1_f4_4_16,"[4, 4, 16]",2.0,512.0,1885,0.0775137028346459,0.1308275703340768,0.1120823230594396,0.7758387802010973,0.8913767576523192,0.8250688093855696,0.8753402733408863,0.7678313790405247,0.8055462958450413,0.0,0.0,0.0,1.0,2.0,,128
161,seq2pp,s2pp_nc2_skip_0_f4_4_16,seq2pp,s2pp_nc2_skip_0_f4_4_16,"[4, 4, 16]",2.0,512.0,1789,0.0849474062522252,0.1391567271202802,0.1104487776756286,0.7537515194173167,0.8733303683059026,0.8276734013613339,0.8546050369879203,0.7442899238632082,0.8058259587673857,0.0,0.0,0.0,0.0,2.0,,128
162,seq2pp,s2pp_nc2_skip_1_f4_4_8,seq2pp,s2pp_nc2_skip_1_f4_4_8,"[4, 4, 8]",2.0,256.0,1069,0.0807504015664259,0.1357732396572828,0.1089766751974821,0.7628998294429229,0.888342476777216,0.8429554483345861,0.8713022591643133,0.7594328030779458,0.8183776185293071,0.0,0.0,0.0,1.0,2.0,,128
163,seq2pp,s2pp_nc2_skip_0_f4_4_8,seq2pp,s2pp_nc2_skip_0_f4_4_8,"[4, 4, 8]",2.0,256.0,973,0.0990097018579641,0.1463362760841846,0.1213646065443754,0.7475984956407477,0.8593416836639661,0.7999190547693615,0.8352021565881692,0.7339124441530481,0.7862636521703437,0.0,0.0,0.0,0.0,2.0,,128
164,seq2pp,s2pp_nc2_skip_1_f4_4_4,seq2pp,s2pp_nc2_skip_1_f4_4_4,"[4, 4, 4]",2.0,128.0,805,0.0897437527775764,0.1496097259223461,0.1191267985850572,0.7500232074179614,0.8712495230882104,0.803587424476697,0.8526839005071153,0.7424475207243066,0.7869049613774867,0.0,0.0,0.0,1.0,2.0,,128
165,seq2pp,s2pp_nc2_skip_0_f4_4_4,seq2pp,s2pp_nc2_skip_0_f4_4_4,"[4, 4, 4]",2.0,128.0,709,0.1013453764220078,0.1522565595805645,0.1202312037348747,0.7323384922211066,0.8529950978430797,0.8126215017396523,0.828512351847612,0.7186240984029332,0.7881316866878847,0.0,0.0,0.0,0.0,2.0,,128
166,seq2pp,s2pp_nc2_skip_1_f32_32,seq2pp,s2pp_nc2_skip_1_f32_32,"[32, 32]",2.0,2048.0,22529,0.0237116167942682,0.1448247004300356,0.1091111153364181,0.7936784449633927,0.9689631653164632,0.8375701937545359,0.9649412109670406,0.786059041681565,0.823086307809482,0.0,0.0,0.0,1.0,1.0,,128
167,seq2pp,s2pp_nc2_skip_0_f32_32,seq2pp,s2pp_nc2_skip_0_f32_32,"[32, 32]",2.0,2048.0,19457,0.0296336771299441,0.1372791957110166,0.1063584964722395,0.7816148653869784,0.9609544847059176,0.8444705409098997,0.955835188938791,0.7803471413993563,0.8302768035718329,0.0,0.0,0.0,0.0,1.0,,128
168,seq2pp,s2pp_nc2_skip_1_f16_32,seq2pp,s2pp_nc2_skip_1_f16_32,"[16, 32]",2.0,2048.0,9825,0.0342211259528994,0.1413875259459018,0.096980981528759,0.7931530221102202,0.9541064744987076,0.8579888034124705,0.94792321926879,0.7841260976397098,0.8371919448565699,0.0,0.0,0.0,1.0,1.0,,128
169,seq2pp,s2pp_nc2_skip_0_f16_32,seq2pp,s2pp_nc2_skip_0_f16_32,"[16, 32]",2.0,2048.0,9057,0.0389407423014442,0.1464852001518011,0.1118768211454153,0.7638565835848522,0.9471872131610894,0.8290391086877078,0.940086213985176,0.757868416248078,0.8124914908186893,0.0,0.0,0.0,0.0,1.0,,128
170,seq2pp,s2pp_nc2_skip_1_f16_16,seq2pp,s2pp_nc2_skip_1_f16_16,"[16, 16]",2.0,1024.0,5889,0.0460386835038661,0.1402546092867851,0.1151940543204546,0.7822989725809769,0.9370421824518516,0.8338517347389625,0.9284094162984208,0.775707893190112,0.808637298047938,0.0,0.0,0.0,1.0,1.0,,128
171,seq2pp,s2pp_nc2_skip_0_f16_16,seq2pp,s2pp_nc2_skip_0_f16_16,"[16, 16]",2.0,1024.0,5121,0.0506471878538529,0.1389880646020174,0.1009037252515554,0.7604834518855765,0.9304280835533476,0.8523871634233707,0.92057916275746,0.7561599251753629,0.8340948212509127,0.0,0.0,0.0,0.0,1.0,,128
172,seq2pp,s2pp_nc2_skip_1_f8_32,seq2pp,s2pp_nc2_skip_1_f8_32,"[8, 32]",2.0,2048.0,5777,0.0440347379694382,0.1507550533860921,0.126221377402544,0.7743773767120693,0.9414459908570062,0.8216523976391972,0.9333922717011106,0.7628231586962756,0.7986381254115048,0.0,0.0,0.0,1.0,1.0,,128
173,seq2pp,s2pp_nc2_skip_0_f8_32,seq2pp,s2pp_nc2_skip_0_f8_32,"[8, 32]",2.0,2048.0,5585,0.048599470903476,0.1495809014886617,0.121816286817193,0.7759774345009309,0.9338965549866782,0.8081091770702973,0.9246517117012196,0.7628749861711293,0.7916110270420302,0.0,0.0,0.0,0.0,1.0,,128
174,seq2pp,s2pp_nc2_skip_1_f8_16,seq2pp,s2pp_nc2_skip_1_f8_16,"[8, 16]",2.0,1024.0,2609,0.0674350106467803,0.1527677327394485,0.1191545594483614,0.7626225438827762,0.9068719185058758,0.8118143188416722,0.893101740323424,0.7444620051431681,0.7928213037270717,0.0,0.0,0.0,1.0,1.0,,128
175,seq2pp,s2pp_nc2_skip_0_f8_16,seq2pp,s2pp_nc2_skip_0_f8_16,"[8, 16]",2.0,1024.0,2417,0.0665798557301362,0.1448553018271923,0.1237082295119762,0.7501963657669752,0.9069943842037422,0.8077070906535244,0.8931608910595922,0.7442255317433295,0.7928745468620101,0.0,0.0,0.0,0.0,1.0,,128
176,seq2pp,s2pp_nc2_skip_1_f8_8,seq2pp,s2pp_nc2_skip_1_f8_8,"[8, 8]",2.0,512.0,1601,0.076294057816267,0.1495616845786571,0.1197791192680597,0.7715099990037325,0.8927817928002856,0.8236589815534908,0.8762409594246632,0.7510683882671574,0.7990981011431033,0.0,0.0,0.0,1.0,1.0,,128
177,seq2pp,s2pp_nc2_skip_0_f8_8,seq2pp,s2pp_nc2_skip_0_f8_8,"[8, 8]",2.0,512.0,1409,0.081248998393615,0.1438729651272297,0.1220434736460447,0.7551443364657985,0.8856384792192364,0.826322264659757,0.8670780035002512,0.7353104680371817,0.7950110114860006,0.0,0.0,0.0,0.0,1.0,,128
178,seq2pp,s2pp_nc2_skip_1_f4_32,seq2pp,s2pp_nc2_skip_1_f4_32,"[4, 32]",2.0,2048.0,4329,0.0623552123705546,0.1508534494787454,0.1406795997172594,0.7635504190553217,0.915186989189556,0.7748609150007904,0.9029804171583428,0.7502932661251611,0.7545454355398146,0.0,0.0,0.0,1.0,1.0,,128
179,seq2pp,s2pp_nc2_skip_0_f4_32,seq2pp,s2pp_nc2_skip_0_f4_32,"[4, 32]",2.0,2048.0,4281,0.0648244710018237,0.1514597367495298,0.1206426154822111,0.7531983608699312,0.9096045743341328,0.8269621235815144,0.8962725218708324,0.7357683918662625,0.7998702741710483,0.0,0.0,0.0,0.0,1.0,,128
180,seq2pp,s2pp_nc2_skip_1_f4_16,seq2pp,s2pp_nc2_skip_1_f4_16,"[4, 16]",2.0,1024.0,1545,0.0816349181036154,0.1476193554699421,0.1342063285410404,0.7564683360528524,0.8873720762990038,0.7892334415925255,0.8697551660100228,0.7462081443194918,0.7725803584278559,0.0,0.0,0.0,1.0,1.0,,128
181,seq2pp,s2pp_nc2_skip_0_f4_16,seq2pp,s2pp_nc2_skip_0_f4_16,"[4, 16]",2.0,1024.0,1497,0.0835663047929604,0.1512973606586456,0.1312450133264064,0.748089152877242,0.8827682787657128,0.8006032374875827,0.8646668146388689,0.7321035161547507,0.7745910547681443,0.0,0.0,0.0,0.0,1.0,,128
182,seq2pp,s2pp_nc2_skip_1_f4_8,seq2pp,s2pp_nc2_skip_1_f4_8,"[4, 8]",2.0,512.0,729,0.097735300908486,0.1673444509506225,0.1295325830578804,0.7408393009793617,0.8618951726319698,0.7950676403878295,0.8397241003132002,0.7065247188725319,0.7716249442034094,0.0,0.0,0.0,1.0,1.0,,128
183,seq2pp,s2pp_nc2_skip_0_f4_8,seq2pp,s2pp_nc2_skip_0_f4_8,"[4, 8]",2.0,512.0,681,0.1007617967824141,0.1578983590006828,0.1314868163317442,0.739562682987008,0.8575370532698395,0.7957913092226503,0.8349619383916795,0.7203427491966483,0.7693799602217455,0.0,0.0,0.0,0.0,1.0,,128
184,seq2pp,s2pp_nc2_skip_1_f4_4,seq2pp,s2pp_nc2_skip_1_f4_4,"[4, 4]",2.0,256.0,465,0.1069738025466601,0.1654848530888557,0.1350165158510208,0.729792670674617,0.8463896627731545,0.7819027375367313,0.8221944426903429,0.7077269745217478,0.7609591230706183,0.0,0.0,0.0,1.0,1.0,,128
185,seq2pp,s2pp_nc2_skip_0_f4_4,seq2pp,s2pp_nc2_skip_0_f4_4,"[4, 4]",2.0,256.0,417,0.1163844488561153,0.1531408615410328,0.1384719237685203,0.7351466105915223,0.8319695346364374,0.7741699782207859,0.8029530587847987,0.7139737332035756,0.7523079937433412,0.0,0.0,0.0,0.0,1.0,,128
186,seq2pp,s2pp_nc2_skip_1_f32,seq2pp,s2pp_nc2_skip_1_f32,[32],2.0,4096.0,3681,0.130150143802166,0.1615111455321312,0.1549970284104347,0.6952748145755349,0.8002871730540139,0.7385986471655932,0.7696136958842724,0.6864675623845397,0.715927000594017,0.0,0.0,0.0,1.0,0.0,,128
187,seq2pp,s2pp_nc2_skip_0_f32,seq2pp,s2pp_nc2_skip_0_f32,[32],2.0,4096.0,3681,0.1291646756231785,0.1681497991085052,0.1490498147904873,0.7073557510937223,0.803160626411404,0.7523488670136628,0.7723854259323055,0.6798153200506472,0.7230747268076533,0.0,0.0,0.0,0.0,0.0,,128
188,seq2pp,s2pp_nc2_skip_1_f16,seq2pp,s2pp_nc2_skip_1_f16,[16],2.0,2048.0,1073,0.1319715964297453,0.168859601020813,0.149246759712696,0.7019867754306294,0.8001450590167635,0.7565138756548848,0.768375420186689,0.6791514013634903,0.7251321513783857,0.0,0.0,0.0,1.0,0.0,,128
189,seq2pp,s2pp_nc2_skip_0_f16,seq2pp,s2pp_nc2_skip_0_f16,[16],2.0,2048.0,1073,0.1315777781109015,0.1672159731388092,0.1522573083639145,0.7029591490661709,0.7997141085028937,0.74656297967104,0.7676564292794065,0.6808713850756442,0.7192860296475824,0.0,0.0,0.0,0.0,0.0,,128
190,seq2pp,s2pp_nc2_skip_1_f8,seq2pp,s2pp_nc2_skip_1_f8,[8],2.0,1024.0,345,0.141066255668799,0.1684854552149772,0.1583344787359237,0.7012048117394253,0.7862660739365572,0.7218740761115887,0.7508345277985045,0.6748130752408584,0.6978085197077354,0.0,0.0,0.0,1.0,0.0,,128
191,seq2pp,s2pp_nc2_skip_0_f8,seq2pp,s2pp_nc2_skip_0_f8,[8],2.0,1024.0,345,0.1410662546753883,0.1682210601866245,0.1583431623876094,0.7003599769964592,0.7862660739365572,0.7219088834225799,0.7508345277985045,0.6744473786881304,0.697887349422036,0.0,0.0,0.0,0.0,0.0,,128
192,seq2pp,s2pp_nc2_skip_1_f4,seq2pp,s2pp_nc2_skip_1_f4,[4],2.0,512.0,125,0.1546521430214246,0.1747560054063797,0.1687540933489799,0.6704634422620904,0.7665234125953917,0.7062142700265629,0.7251441497160462,0.6459726611239119,0.6710919932094165,0.0,0.0,0.0,1.0,0.0,,128
193,seq2pp,s2pp_nc2_skip_0_f4,seq2pp,s2pp_nc2_skip_0_f4,[4],2.0,512.0,125,0.1543265213569005,0.1761502400040626,0.1713216714560985,0.675792916417661,0.7668141130951122,0.680660542428481,0.7251419513741371,0.6414913747445897,0.6480406619345251,0.0,0.0,0.0,0.0,0.0,,128
194,seq2pp,s2pp_nc1_skip_1_f32_32_32,seq2pp,s2pp_nc1_skip_1_f32_32_32,"[32, 32, 32]",1.0,1024.0,25537,0.0204177216937144,0.1362722422927618,0.0963820125907659,0.7933995154914978,0.9738471317476348,0.8642792815220405,0.9704770310904264,0.7967196606245391,0.8477447490439343,0.0,0.0,0.0,1.0,2.0,,128
195,seq2pp,s2pp_nc1_skip_0_f32_32_32,seq2pp,s2pp_nc1_skip_0_f32_32_32,"[32, 32, 32]",1.0,1024.0,19393,0.0308107838034629,0.140765031799674,0.107914499938488,0.7796788413184124,0.9589443142823632,0.8408789394669424,0.9534831049625336,0.7776436968139913,0.8104144880791878,0.0,0.0,0.0,0.0,2.0,,128
196,seq2pp,s2pp_nc1_skip_1_f16_32_32,seq2pp,s2pp_nc1_skip_1_f16_32_32,"[16, 32, 32]",1.0,1024.0,17537,0.0252171167482932,0.1366601530462503,0.0883933007717132,0.7930690993988463,0.9672847588385676,0.8709234490778965,0.9629768951566896,0.7971838464937303,0.8546767400766113,0.0,0.0,0.0,1.0,2.0,,128
197,seq2pp,s2pp_nc1_skip_0_f16_32_32,seq2pp,s2pp_nc1_skip_0_f16_32_32,"[16, 32, 32]",1.0,1024.0,13697,0.0334645220388968,0.1347807720303535,0.0954739823937416,0.7876364738034742,0.955138058464124,0.8571662833772119,0.949096445236797,0.7832201899474338,0.8362549884869204,0.0,0.0,0.0,0.0,2.0,,128
198,seq2pp,s2pp_nc1_skip_1_f16_16_32,seq2pp,s2pp_nc1_skip_1_f16_16_32,"[16, 16, 32]",1.0,1024.0,8209,0.0359157138814528,0.1419560797512531,0.1097110733389854,0.7866809297030821,0.952618640487012,0.8444328881530577,0.9462325122813188,0.7792469087388735,0.8275052586480327,0.0,0.0,0.0,1.0,2.0,,128
199,seq2pp,s2pp_nc1_skip_0_f16_16_32,seq2pp,s2pp_nc1_skip_0_f16_16_32,"[16, 16, 32]",1.0,1024.0,6673,0.0431662938247124,0.1382493246346712,0.1036181785166263,0.7753053326843249,0.9406067841726914,0.8431853656054626,0.9323984893125103,0.766075775469378,0.8260592574116897,0.0,0.0,0.0,0.0,2.0,,128
200,seq2pp,s2pp_nc1_skip_1_f16_16_16,seq2pp,s2pp_nc1_skip_1_f16_16_16,"[16, 16, 16]",1.0,512.0,6625,0.0400077562779188,0.1494199149310588,0.1005919259041547,0.7671832352445774,0.9462249879677208,0.8432176171067955,0.9390665053759776,0.7588320391442568,0.8281706262733894,0.0,0.0,0.0,1.0,2.0,,128
201,seq2pp,s2pp_nc1_skip_0_f16_16_16,seq2pp,s2pp_nc1_skip_0_f16_16_16,"[16, 16, 16]",1.0,512.0,5089,0.0539596860607465,0.142170213162899,0.1179541889578104,0.7625374230834612,0.9252297395512568,0.8255254513941448,0.914679849515831,0.7580311204498061,0.8051796656368023,0.0,0.0,0.0,0.0,2.0,,128
202,seq2pp,s2pp_nc1_skip_1_f8_32_32,seq2pp,s2pp_nc1_skip_1_f8_32_32,"[8, 32, 32]",1.0,1024.0,14689,0.0299069532503684,0.1365445535629987,0.1010967176407575,0.7837177852734037,0.9601745337114448,0.8457780423664198,0.954963456040836,0.7910455293380594,0.8304949643936943,0.0,0.0,0.0,1.0,2.0,,128
203,seq2pp,s2pp_nc1_skip_0_f8_32_32,seq2pp,s2pp_nc1_skip_0_f8_32_32,"[8, 32, 32]",1.0,1024.0,11425,0.0359754717598358,0.1402772795408964,0.1074924673885107,0.7687986909561261,0.9513795655194996,0.8299459417704078,0.9448158805275187,0.7715822366116069,0.8123592088622256,0.0,0.0,0.0,0.0,2.0,,128
204,seq2pp,s2pp_nc1_skip_1_f8_16_32,seq2pp,s2pp_nc1_skip_1_f8_16_32,"[8, 16, 32]",1.0,1024.0,6129,0.0446386421720186,0.14466542750597,0.1085072066634893,0.7696568371538947,0.9400084782398528,0.8380775575629305,0.9317945650262672,0.7639263230562894,0.8140777889156253,0.0,0.0,0.0,1.0,2.0,,128
205,seq2pp,s2pp_nc1_skip_0_f8_16_32,seq2pp,s2pp_nc1_skip_0_f8_16_32,"[8, 16, 32]",1.0,1024.0,5169,0.0480020972589651,0.141964565962553,0.117530133575201,0.7702560160044222,0.934397533966686,0.8222269189975263,0.9253677447641128,0.7651988073888175,0.806304123935915,0.0,0.0,0.0,0.0,2.0,,128
206,seq2pp,s2pp_nc1_skip_1_f8_16_16,seq2pp,s2pp_nc1_skip_1_f8_16_16,"[8, 16, 16]",1.0,512.0,4545,0.0517579869677623,0.1392611712217331,0.1000987701117992,0.7674457337611583,0.930756756613702,0.8468323015362226,0.9210280474877508,0.7757026034567659,0.8271877094777854,0.0,0.0,0.0,1.0,2.0,,128
207,seq2pp,s2pp_nc1_skip_0_f8_16_16,seq2pp,s2pp_nc1_skip_0_f8_16_16,"[8, 16, 16]",1.0,512.0,3585,0.0580614427725474,0.1371341720223426,0.1083308942615985,0.7734020662548649,0.9188349074805784,0.8356453042822172,0.9072232096483444,0.7722674134308527,0.8161482363924824,0.0,0.0,0.0,0.0,2.0,,128
208,seq2pp,s2pp_nc1_skip_1_f8_8_32,seq2pp,s2pp_nc1_skip_1_f8_8_32,"[8, 8, 32]",1.0,1024.0,3001,0.0612679736067851,0.1454002484679222,0.1185800787061452,0.751611964844006,0.9157329125141076,0.8204103869090995,0.9037742969539388,0.74979943887839,0.7962501736404639,0.0,0.0,0.0,1.0,2.0,,128
209,seq2pp,s2pp_nc1_skip_0_f8_8_32,seq2pp,s2pp_nc1_skip_0_f8_8_32,"[8, 8, 32]",1.0,1024.0,2617,0.0682700034230947,0.1474004555493593,0.1278659552335739,0.7432925537325742,0.90454074124583,0.7928472986365552,0.8900943168270001,0.7432379314909673,0.7711034895273667,0.0,0.0,0.0,0.0,2.0,,128
210,seq2pp,s2pp_nc1_skip_1_f8_8_16,seq2pp,s2pp_nc1_skip_1_f8_8_16,"[8, 8, 16]",1.0,512.0,2185,0.0649439187099536,0.1409244816750288,0.1158283799886703,0.763384743843427,0.9106620306833252,0.8303141115167264,0.8976778356204017,0.7626783159055402,0.8084232256668953,0.0,0.0,0.0,1.0,2.0,,128
211,seq2pp,s2pp_nc1_skip_0_f8_8_16,seq2pp,s2pp_nc1_skip_0_f8_8_16,"[8, 8, 16]",1.0,512.0,1801,0.0790296400586764,0.1510377656668424,0.1181891988962888,0.7499905995692944,0.8890839498155656,0.8253359363803583,0.8717192588954998,0.7382151869474928,0.7983477841303221,0.0,0.0,0.0,0.0,2.0,,128
212,seq2pp,s2pp_nc1_skip_1_f8_8_8,seq2pp,s2pp_nc1_skip_1_f8_8_8,"[8, 8, 8]",1.0,256.0,1777,0.0728085239728291,0.1433853451162576,0.1072707455605268,0.7622769675822547,0.8989073884599478,0.8338152864144325,0.8841798501110404,0.7597587610400458,0.8123737139422911,0.0,0.0,0.0,1.0,2.0,,128
213,seq2pp,s2pp_nc1_skip_0_f8_8_8,seq2pp,s2pp_nc1_skip_0_f8_8_8,"[8, 8, 8]",1.0,256.0,1393,0.0865995864073435,0.1405554413795471,0.1321180835366249,0.7572308951353648,0.8779309106998601,0.7965705706776086,0.8589480800471453,0.7462931155943815,0.7708089483595322,0.0,0.0,0.0,0.0,2.0,,128
214,seq2pp,s2pp_nc1_skip_1_f4_32_32,seq2pp,s2pp_nc1_skip_1_f4_32_32,"[4, 32, 32]",1.0,1024.0,13553,0.0335044416909416,0.1459755655378103,0.113716447725892,0.7730380308215439,0.9559731653590064,0.8315968558942008,0.9500556307772444,0.7718794730514548,0.8133257329310206,0.0,0.0,0.0,1.0,2.0,,128
215,seq2pp,s2pp_nc1_skip_0_f4_32_32,seq2pp,s2pp_nc1_skip_0_f4_32_32,"[4, 32, 32]",1.0,1024.0,10433,0.0394973290463288,0.142356377094984,0.1060529109090566,0.7724009247764215,0.9468037601896288,0.8381284914459944,0.9395614269730146,0.7637506556669531,0.817079389276194,0.0,0.0,0.0,0.0,2.0,,128
216,seq2pp,s2pp_nc1_skip_1_f4_16_32,seq2pp,s2pp_nc1_skip_1_f4_16_32,"[4, 16, 32]",1.0,1024.0,5377,0.0471460234373807,0.1507308539003133,0.109999906271696,0.7625761610273616,0.9366884988905768,0.831344509905859,0.9279102966022,0.7550132222541353,0.8160331227507263,0.0,0.0,0.0,1.0,2.0,,128
217,seq2pp,s2pp_nc1_skip_0_f4_16_32,seq2pp,s2pp_nc1_skip_0_f4_16_32,"[4, 16, 32]",1.0,1024.0,4561,0.0541514257589976,0.1459543202072382,0.1091591082513332,0.7576747100835282,0.925311046914263,0.8325101096533406,0.91476382054019,0.7505262882353374,0.8107654207993062,0.0,0.0,0.0,0.0,2.0,,128
218,seq2pp,s2pp_nc1_skip_1_f4_16_16,seq2pp,s2pp_nc1_skip_1_f4_16_16,"[4, 16, 16]",1.0,512.0,3793,0.0565700373301903,0.1417400613427162,0.1254424694925546,0.7602633137662516,0.9229184719979984,0.8060906755127323,0.9118969126078872,0.7595681674648043,0.7832471793192416,0.0,0.0,0.0,1.0,2.0,,128
219,seq2pp,s2pp_nc1_skip_0_f4_16_16,seq2pp,s2pp_nc1_skip_0_f4_16_16,"[4, 16, 16]",1.0,512.0,2977,0.0686458089699347,0.1531517673283815,0.1193872764706611,0.7465656280157635,0.9042462475281474,0.817679863049488,0.8901480181488091,0.7390019404928563,0.7957306870495691,0.0,0.0,0.0,0.0,2.0,,128
220,seq2pp,s2pp_nc1_skip_1_f4_8_32,seq2pp,s2pp_nc1_skip_1_f4_8_32,"[4, 8, 32]",1.0,1024.0,2441,0.0682497716198364,0.1456781104207039,0.1175865177065134,0.7546976472332266,0.9066592070189172,0.8201681176418121,0.8927089614359152,0.7504161030190374,0.7999475581658251,0.0,0.0,0.0,1.0,2.0,,128
221,seq2pp,s2pp_nc1_skip_0_f4_8_32,seq2pp,s2pp_nc1_skip_0_f4_8_32,"[4, 8, 32]",1.0,1024.0,2201,0.0727642687658468,0.1504872553050518,0.1285504885017871,0.7375297249581625,0.8983665957030816,0.800512136284014,0.8828243836118673,0.748753821455648,0.7820785325705296,0.0,0.0,0.0,0.0,2.0,,128
222,seq2pp,s2pp_nc1_skip_1_f4_8_16,seq2pp,s2pp_nc1_skip_1_f4_8_16,"[4, 8, 16]",1.0,512.0,1625,0.0777344450354576,0.1586960833519697,0.1367304101586341,0.747451200597217,0.8917515058344375,0.7832379341571004,0.8756091693252992,0.7330531143170915,0.7641454842612566,0.0,0.0,0.0,1.0,2.0,,128
223,seq2pp,s2pp_nc1_skip_0_f4_8_16,seq2pp,s2pp_nc1_skip_0_f4_8_16,"[4, 8, 16]",1.0,512.0,1385,0.0878927998244762,0.1582106538116932,0.1434062607586383,0.7432726491730695,0.8770014597786735,0.7890911741445901,0.8566782231224448,0.7251081039036483,0.7443743713410709,0.0,0.0,0.0,0.0,2.0,,128
224,seq2pp,s2pp_nc1_skip_1_f4_8_8,seq2pp,s2pp_nc1_skip_1_f4_8_8,"[4, 8, 8]",1.0,256.0,1217,0.0871511769791444,0.1450555995106697,0.1291928142309188,0.7538928948662031,0.8778812538756776,0.7916436613715978,0.8595004908217232,0.7489097563365859,0.7651955948042302,0.0,0.0,0.0,1.0,2.0,,128
225,seq2pp,s2pp_nc1_skip_0_f4_8_8,seq2pp,s2pp_nc1_skip_0_f4_8_8,"[4, 8, 8]",1.0,256.0,977,0.0957195937633514,0.1594200916588306,0.132874134927988,0.7327366169397671,0.8627811983689863,0.7978855390128019,0.8397938608677554,0.7195118849527132,0.7632821457954776,0.0,0.0,0.0,0.0,2.0,,128
226,seq2pp,s2pp_nc1_skip_1_f4_4_32,seq2pp,s2pp_nc1_skip_1_f4_4_32,"[4, 4, 32]",1.0,1024.0,1261,0.0878200953205426,0.1533566135913133,0.1350379362702369,0.7559216461144952,0.8772392671479498,0.786105494921343,0.8594129720169567,0.7404049213828652,0.7688106179116325,0.0,0.0,0.0,1.0,2.0,,128
227,seq2pp,s2pp_nc1_skip_0_f4_4_32,seq2pp,s2pp_nc1_skip_0_f4_4_32,"[4, 4, 32]",1.0,1024.0,1165,0.0940189888079961,0.1531558632850647,0.1309983134269714,0.7355836297916267,0.864957828077862,0.7780251338870892,0.8435012761238705,0.7213160544300097,0.7647428007134555,0.0,0.0,0.0,0.0,2.0,,128
228,seq2pp,s2pp_nc1_skip_1_f4_4_16,seq2pp,s2pp_nc1_skip_1_f4_4_16,"[4, 4, 16]",1.0,512.0,829,0.1006557568907737,0.159978836774826,0.1198982745409011,0.7329577616744656,0.8571009320606533,0.8139434445680702,0.8345242453655282,0.7105524957611717,0.7856990777265201,0.0,0.0,0.0,1.0,2.0,,128
229,seq2pp,s2pp_nc1_skip_0_f4_4_16,seq2pp,s2pp_nc1_skip_0_f4_4_16,"[4, 4, 16]",1.0,512.0,733,0.1056302557388941,0.1540708057582378,0.1264511868357658,0.7205988565920878,0.8474102860251465,0.7901992969680995,0.8203429053496757,0.7188390648157068,0.7677841594020282,0.0,0.0,0.0,0.0,2.0,,128
230,seq2pp,s2pp_nc1_skip_1_f4_4_8,seq2pp,s2pp_nc1_skip_1_f4_4_8,"[4, 4, 8]",1.0,256.0,613,0.1040136697391669,0.1513851918280124,0.139813844114542,0.7361603814990418,0.8504311514923214,0.7688880546088855,0.8279780778222213,0.7246919736741473,0.7474717102962946,0.0,0.0,0.0,1.0,2.0,,128
231,seq2pp,s2pp_nc1_skip_0_f4_4_8,seq2pp,s2pp_nc1_skip_0_f4_4_8,"[4, 4, 8]",1.0,256.0,517,0.1177171093722184,0.1679517775774002,0.1430115401744842,0.7277870373969972,0.8266844985524852,0.7749999151033881,0.7967309755459067,0.685645151282358,0.7505041168877037,0.0,0.0,0.0,0.0,2.0,,128
232,seq2pp,s2pp_nc1_skip_1_f4_4_4,seq2pp,s2pp_nc1_skip_1_f4_4_4,"[4, 4, 4]",1.0,128.0,505,0.1088369667530059,0.1553576178848743,0.1324071548879146,0.7339342954605004,0.8434203148931542,0.7986621852016769,0.818879965685425,0.7207894807769012,0.7705086699296082,0.0,0.0,0.0,1.0,2.0,,128
233,seq2pp,s2pp_nc1_skip_0_f4_4_4,seq2pp,s2pp_nc1_skip_0_f4_4_4,"[4, 4, 4]",1.0,128.0,409,0.123245204736789,0.1649078764021396,0.1415830254554748,0.7294585060430963,0.8143511408611366,0.7723683685911955,0.7826790174497092,0.694551099307428,0.7404641876217373,0.0,0.0,0.0,0.0,2.0,,128
234,seq2pp,s2pp_nc1_skip_1_f32_32,seq2pp,s2pp_nc1_skip_1_f32_32,"[32, 32]",1.0,2048.0,13025,0.0547564310332139,0.1575160324573516,0.1317105982452631,0.7462673457032017,0.926083231868142,0.7951944565379396,0.9159961812414354,0.7465011685697954,0.7609926213265081,0.0,0.0,0.0,1.0,1.0,,128
235,seq2pp,s2pp_nc1_skip_0_f32_32,seq2pp,s2pp_nc1_skip_0_f32_32,"[32, 32]",1.0,2048.0,9953,0.0541607034703095,0.1636643446981907,0.1344438567757606,0.7463542005261654,0.92767260078177,0.7923822758645461,0.9178289025464442,0.735762426344198,0.7703170500613353,0.0,0.0,0.0,0.0,1.0,,128
236,seq2pp,s2pp_nc1_skip_1_f16_32,seq2pp,s2pp_nc1_skip_1_f16_32,"[16, 32]",1.0,2048.0,5025,0.0651176455120245,0.1679893508553505,0.1339438669383525,0.7483306237100097,0.9113210721557252,0.7823937521555243,0.8986968287195395,0.7288271253658364,0.767230148899263,0.0,0.0,0.0,1.0,1.0,,128
237,seq2pp,s2pp_nc1_skip_0_f16_32,seq2pp,s2pp_nc1_skip_0_f16_32,"[16, 32]",1.0,2048.0,4257,0.0702388998121023,0.1656951829791069,0.1314437091350555,0.7409174110427771,0.9033119551915274,0.8026921434807094,0.8894427086923439,0.7214762494634183,0.7751983171325751,0.0,0.0,0.0,0.0,1.0,,128
238,seq2pp,s2pp_nc1_skip_1_f16_16,seq2pp,s2pp_nc1_skip_1_f16_16,"[16, 16]",1.0,1024.0,3441,0.0754048417011896,0.156222216784954,0.1367626078426838,0.7421612395639835,0.8966544249761437,0.7883530933579469,0.8814054875537302,0.7351136748011697,0.7644187050860842,0.0,0.0,0.0,1.0,1.0,,128
239,seq2pp,s2pp_nc1_skip_0_f16_16,seq2pp,s2pp_nc1_skip_0_f16_16,"[16, 16]",1.0,1024.0,2673,0.0812848500907421,0.1593693569302559,0.1315225791186094,0.7412629371438968,0.8865675016419657,0.7934419264139821,0.8698324399155204,0.7210979579271342,0.7636771264771129,0.0,0.0,0.0,0.0,1.0,,128
240,seq2pp,s2pp_nc1_skip_1_f8_32,seq2pp,s2pp_nc1_skip_1_f8_32,"[8, 32]",1.0,2048.0,2177,0.0849822849035263,0.1574793234467506,0.1300720013678074,0.7377289914623297,0.8814006462124039,0.7924779403834117,0.8642713184133988,0.7191694282236774,0.7784617273081134,0.0,0.0,0.0,1.0,1.0,,128
241,seq2pp,s2pp_nc1_skip_0_f8_32,seq2pp,s2pp_nc1_skip_0_f8_32,"[8, 32]",1.0,2048.0,1985,0.0879637499650319,0.1620095409452915,0.1489720083773136,0.7459083034104068,0.8770713504568836,0.7391389079853461,0.8581807562046228,0.7224914572532095,0.7275390904497498,0.0,0.0,0.0,0.0,1.0,,128
242,seq2pp,s2pp_nc1_skip_1_f8_16,seq2pp,s2pp_nc1_skip_1_f8_16,"[8, 16]",1.0,1024.0,1361,0.0949920249481996,0.1650610789656639,0.1347422152757644,0.7203859844494542,0.8661958830965338,0.7820493978615841,0.8467933082886139,0.7161832424494505,0.7652385209685229,0.0,0.0,0.0,1.0,1.0,,128
243,seq2pp,s2pp_nc1_skip_0_f8_16,seq2pp,s2pp_nc1_skip_0_f8_16,"[8, 16]",1.0,1024.0,1169,0.1020288807650407,0.1653912849724292,0.1559810042381286,0.7319542933450847,0.8556061773248109,0.7367580013743463,0.8326161117589002,0.7108341066647499,0.7143027499991433,0.0,0.0,0.0,0.0,1.0,,128
244,seq2pp,s2pp_nc1_skip_1_f8_8,seq2pp,s2pp_nc1_skip_1_f8_8,"[8, 8]",1.0,512.0,953,0.107859069854021,0.1663719974458217,0.1470499634742736,0.7234782211243951,0.8450521246206457,0.7467445652955979,0.8206389848657181,0.7007713386779001,0.7221314821467366,0.0,0.0,0.0,1.0,1.0,,128
245,seq2pp,s2pp_nc1_skip_0_f8_8,seq2pp,s2pp_nc1_skip_0_f8_8,"[8, 8]",1.0,512.0,761,0.1135576834281285,0.1503261029720306,0.1409919075667858,0.7274161371866499,0.8374583421466045,0.7677093786746144,0.8104027887766028,0.7178394806163001,0.7422007956639168,0.0,0.0,0.0,0.0,1.0,,128
246,seq2pp,s2pp_nc1_skip_1_f4_32,seq2pp,s2pp_nc1_skip_1_f4_32,"[4, 32]",1.0,2048.0,1041,0.1045470577975114,0.1721997298300266,0.1431855969130993,0.7260903027616298,0.8516261637996022,0.779801262505634,0.8280128551237299,0.6962546646225949,0.7503471737205738,0.0,0.0,0.0,1.0,1.0,,128
247,seq2pp,s2pp_nc1_skip_0_f4_32,seq2pp,s2pp_nc1_skip_0_f4_32,"[4, 32]",1.0,2048.0,993,0.1072524716456731,0.1620557494461536,0.1486801579594612,0.7197441417666699,0.8480128420816694,0.7719316951807782,0.8210672973666551,0.7039566315599436,0.742847102600185,0.0,0.0,0.0,0.0,1.0,,128
248,seq2pp,s2pp_nc1_skip_1_f4_16,seq2pp,s2pp_nc1_skip_1_f4_16,"[4, 16]",1.0,1024.0,609,0.1166555697719256,0.1642794832587242,0.1488048620522022,0.7233512917739051,0.8322717462268048,0.7574068055214606,0.8052081217859351,0.6968655505466367,0.726187311403226,0.0,0.0,0.0,1.0,1.0,,128
249,seq2pp,s2pp_nc1_skip_0_f4_16,seq2pp,s2pp_nc1_skip_0_f4_16,"[4, 16]",1.0,1024.0,561,0.1152683322628339,0.1613132730126381,0.1429815180599689,0.7238319655562718,0.8339157967345051,0.7751197378647705,0.8049732971300092,0.6923039845584185,0.7488456898901755,0.0,0.0,0.0,0.0,1.0,,128
250,seq2pp,s2pp_nc1_skip_1_f4_8,seq2pp,s2pp_nc1_skip_1_f4_8,"[4, 8]",1.0,512.0,393,0.1269664441545804,0.1716604568064212,0.1447392702102661,0.704478328319396,0.814088866311309,0.773540876025733,0.7844931836431169,0.6833012799249008,0.7416973302434545,0.0,0.0,0.0,1.0,1.0,,128
251,seq2pp,s2pp_nc1_skip_0_f4_8,seq2pp,s2pp_nc1_skip_0_f4_8,"[4, 8]",1.0,512.0,345,0.1289735754330953,0.1690466627478599,0.1590057946741581,0.7215714930688197,0.8126005099612044,0.7361303152919779,0.7797034390471373,0.6956409086526538,0.7087470782647183,0.0,0.0,0.0,0.0,1.0,,128
252,seq2pp,s2pp_nc1_skip_1_f4_4,seq2pp,s2pp_nc1_skip_1_f4_4,"[4, 4]",1.0,256.0,285,0.1320394774278005,0.1600559651851654,0.150796465575695,0.6868105512267141,0.8058140056549189,0.7495290056569663,0.7738192542681827,0.6849151601229535,0.7147471521156323,0.0,0.0,0.0,1.0,1.0,,128
253,seq2pp,s2pp_nc1_skip_0_f4_4,seq2pp,s2pp_nc1_skip_0_f4_4,"[4, 4]",1.0,256.0,237,0.1381402532259623,0.1729996167123317,0.1515130177140236,0.70689284231064,0.7923418448867452,0.7376919757324172,0.7590568555360512,0.6752796816189947,0.70738000029479,0.0,0.0,0.0,0.0,1.0,,128
254,seq2pp,s2pp_nc1_skip_1_f32,seq2pp,s2pp_nc1_skip_1_f32,[32],1.0,4096.0,513,0.1678325037161509,0.1776504069566726,0.1735101826488971,0.6628849105832502,0.7361935445632498,0.6968273981631996,0.6840354881286308,0.630700511761604,0.6546720650327584,0.0,0.0,0.0,1.0,0.0,,128
255,seq2pp,s2pp_nc1_skip_0_f32,seq2pp,s2pp_nc1_skip_0_f32,[32],1.0,4096.0,513,0.1678327093521754,0.1776651665568351,0.1735199652612209,0.6628849105832502,0.7361935445632498,0.6968273981631996,0.6840354881286308,0.630700511761604,0.6546720650327584,0.0,0.0,0.0,0.0,0.0,,128
256,seq2pp,s2pp_nc1_skip_1_f16,seq2pp,s2pp_nc1_skip_1_f16,[16],1.0,2048.0,257,0.1680009429653485,0.1740911304950714,0.1730420589447021,0.6623598732385907,0.7354566806766812,0.6841568369456584,0.6834847910465379,0.629552633804667,0.6481525694835871,0.0,0.0,0.0,1.0,0.0,,128
257,seq2pp,s2pp_nc1_skip_0_f16,seq2pp,s2pp_nc1_skip_0_f16,[16],1.0,2048.0,257,0.1680009424686432,0.1740901581943035,0.1730904914438724,0.6623598732385907,0.7354566806766812,0.6841568369456584,0.6834847910465379,0.629552633804667,0.6481525694835871,0.0,0.0,0.0,0.0,0.0,,128
258,seq2pp,s2pp_nc1_skip_1_f8,seq2pp,s2pp_nc1_skip_1_f8,[8],1.0,1024.0,129,0.1678131580352783,0.1726864092051983,0.1736640408635139,0.6628179420613354,0.7369239221314979,0.6639696953248206,0.6827231875807581,0.6306600586871705,0.6395046406564752,0.0,0.0,0.0,1.0,0.0,,128
259,seq2pp,s2pp_nc1_skip_0_f8,seq2pp,s2pp_nc1_skip_0_f8,[8],1.0,1024.0,129,0.1678131555517514,0.1727071553468704,0.1738235615193843,0.6628179420613354,0.7369239221314979,0.6639696953248206,0.6827231875807581,0.6306600586871705,0.6395046406564752,0.0,0.0,0.0,0.0,0.0,,128
260,seq2pp,s2pp_nc1_skip_1_f4,seq2pp,s2pp_nc1_skip_1_f4,[4],1.0,512.0,65,0.1696950087944666,0.1762042343616485,0.1767287850379943,0.6717166023843992,0.7345360247415784,0.6597191683402739,0.6808184286785843,0.6284037297595894,0.6306819093387027,0.0,0.0,0.0,1.0,0.0,,128
261,seq2pp,s2pp_nc1_skip_0_f4,seq2pp,s2pp_nc1_skip_0_f4,[4],1.0,512.0,65,0.1696950058142344,0.1761734411120414,0.1768307089805603,0.6717166023843992,0.7345360247415784,0.668313717550138,0.6808184286785843,0.6284037297595894,0.6351919683432403,0.0,0.0,0.0,0.0,0.0,,128
262,SimpleCNN,scnn_k_3_f6_8_12_16_24,SimpleCNN_no_pooling,scnn_k_3_f6_8_12_16_24,"[6, 8, 12, 16, 24]",,,2455,0.0767625991255045,0.1651944629848003,0.1317659951746463,0.751426805819723,0.8936751745838404,0.7944465615809889,0.8782812561391433,0.731550649270806,0.7711902361070316,0.0,0.0,0.0,,,"[3, 3, 3, 3, 3]",128
263,SimpleCNN,scnn_k_3_f8_16_24_32_48,SimpleCNN_no_pooling,scnn_k_3_f8_16_24_32_48,"[8, 16, 24, 32, 48]",,,8977,0.052144515266021,0.1652042884379625,0.1250154413282871,0.7567481672676122,0.9293853912945016,0.8071500802560361,0.9198128757733802,0.7422811036271768,0.7821623094562271,0.0,0.0,0.0,,,"[3, 3, 3, 3, 3]",128
264,SimpleCNN,scnn_k_3_f8_16_32_64_128,SimpleCNN_no_pooling,scnn_k_3_f8_16_32_64_128,"[8, 16, 32, 64, 128]",,,33609,0.0387100677937269,0.1622317470610141,0.1159238275140523,0.7640035868276082,0.9488170954372036,0.8239846099074002,0.9420701467891098,0.7515191412387608,0.8065076500495528,0.0,0.0,0.0,,,"[3, 3, 3, 3, 3]",128
265,SimpleCNN,scnn_k_3_f8_8_16_32_64,SimpleCNN_no_pooling,scnn_k_3_f8_8_16_32_64,"[8, 8, 16, 32, 64]",,,8801,0.0562729012221097,0.1604115404188633,0.1166163515299558,0.7495683374005463,0.923826200826644,0.825082433620216,0.9135591956932178,0.7401904869224751,0.8062061376007714,0.0,0.0,0.0,,,"[3, 3, 3, 3, 3]",128
266,SimpleCNN,scnn_k_3_f4_8_16_32_64,SimpleCNN_no_pooling,scnn_k_3_f4_8_16_32_64,"[4, 8, 16, 32, 64]",,,8645,0.0587668657302856,0.1578229218721389,0.1314302403479814,0.7584615222789406,0.9204029290138872,0.7952622791161224,0.9094318703085292,0.7515747417584306,0.7757449055756045,0.0,0.0,0.0,,,"[3, 3, 3, 3, 3]",128
267,SimpleCNN,scnn_k_3_f64_64_64_64,SimpleCNN_no_pooling,scnn_k_3_f64_64_64_64,"[64, 64, 64, 64]",,,38465,0.0441464730848868,0.1620620936155319,0.1243178974837064,0.7491422487859088,0.9416504480848752,0.8096624477044414,0.9338848225738768,0.7378283009202694,0.7894051370682102,0.0,0.0,0.0,,,"[3, 3, 3, 3]",128
268,SimpleCNN,scnn_k_3_f32_64_64_64,SimpleCNN_no_pooling,scnn_k_3_f32_64_64_64,"[32, 64, 64, 64]",,,31841,0.043495358278354,0.1620721463114023,0.125120835378766,0.7604166598171669,0.9425882805127264,0.8076468848645001,0.9350133417467412,0.7468921604066466,0.7910257313368012,0.0,0.0,0.0,,,"[3, 3, 3, 3]",128
269,SimpleCNN,scnn_k_3_f32_32_64_64,SimpleCNN_no_pooling,scnn_k_3_f32_32_64_64,"[32, 32, 64, 64]",,,22529,0.0440263057748476,0.1630952209234237,0.1221780478954315,0.7591221975502533,0.942098760900038,0.8191594714547166,0.9344137160466204,0.7515785584809563,0.8012484029891083,0.0,0.0,0.0,,,"[3, 3, 3, 3]",128
270,SimpleCNN,scnn_k_3_f32_32_32_64,SimpleCNN_no_pooling,scnn_k_3_f32_32_32_64,"[32, 32, 32, 64]",,,13217,0.0522848520427942,0.1690952740609645,0.1180831287056207,0.7494195942896354,0.9300708342031868,0.8178831009077352,0.920730638620383,0.7262217621922091,0.7973149303175735,0.0,0.0,0.0,,,"[3, 3, 3, 3]",128
271,SimpleCNN,scnn_k_3_f32_32_32_32,SimpleCNN_no_pooling,scnn_k_3_f32_32_32_32,"[32, 32, 32, 32]",,,10017,0.0553193185478448,0.1585344839841127,0.1213599145412445,0.7569971118606235,0.925728934274707,0.8144378725943338,0.9155439109717084,0.7493547021674851,0.7923649762553748,0.0,0.0,0.0,,,"[3, 3, 3, 3]",128
272,SimpleCNN,scnn_k_3_f16_64_64_64,SimpleCNN_no_pooling,scnn_k_3_f16_64_64_64,"[16, 64, 64, 64]",,,28529,0.0475452368458112,0.1646942235529422,0.1200761552900075,0.7473877282693415,0.9366396635125877,0.8175663768793231,0.9282294342231372,0.7350229131846673,0.792243996567387,0.0,0.0,0.0,,,"[3, 3, 3, 3]",128
273,SimpleCNN,scnn_k_3_f16_32_64_64,SimpleCNN_no_pooling,scnn_k_3_f16_32_64_64,"[16, 32, 64, 64]",,,20753,0.0467064489920934,0.1634585820138454,0.1261368468403816,0.7575200194465278,0.9380710007606556,0.805219852621112,0.9298124985769682,0.7488686230694162,0.7827979392286706,0.0,0.0,0.0,,,"[3, 3, 3, 3]",128
274,SimpleCNN,scnn_k_3_f16_32_32_64,SimpleCNN_no_pooling,scnn_k_3_f16_32_32_64,"[16, 32, 32, 64]",,,11441,0.0557551357895135,0.1658368930220604,0.129856264218688,0.7319579226197463,0.925274272527225,0.7917291093845753,0.9151920070511396,0.7309153726374242,0.7741560989570069,0.0,0.0,0.0,,,"[3, 3, 3, 3]",128
275,SimpleCNN,scnn_k_3_f16_32_32_32,SimpleCNN_no_pooling,scnn_k_3_f16_32_32_32,"[16, 32, 32, 32]",,,8241,0.0603504831592241,0.1524885222315788,0.1184577848762273,0.7568831289978032,0.9181799321225984,0.8171521658821075,0.9067855321367464,0.7514782077049456,0.7881162308029805,0.0,0.0,0.0,,,"[3, 3, 3, 3]",128
276,SimpleCNN,scnn_k_3_f16_16_64_64,SimpleCNN_no_pooling,scnn_k_3_f16_16_64_64,"[16, 16, 64, 64]",,,16865,0.052594423169891,0.1624868586659431,0.1308643333613872,0.750526385091632,0.9299230993282652,0.791771092864661,0.9205011097037702,0.7405784390142283,0.7748373670088491,0.0,0.0,0.0,,,"[3, 3, 3, 3]",128
277,SimpleCNN,scnn_k_3_f16_16_32_64,SimpleCNN_no_pooling,scnn_k_3_f16_16_32_64,"[16, 16, 32, 64]",,,9089,0.0634607673933108,0.160878324881196,0.1285928636789322,0.7565553199929096,0.9133170332266212,0.797404704761802,0.9013106370978216,0.7388424759310144,0.7674737048301961,0.0,0.0,0.0,,,"[3, 3, 3, 3]",128
278,SimpleCNN,scnn_k_3_f16_16_32_32,SimpleCNN_no_pooling,scnn_k_3_f16_16_32_32,"[16, 16, 32, 32]",,,5889,0.0673548030356566,0.1591512188315391,0.1231167279183864,0.7384261732309894,0.907754248778686,0.8186406879643711,0.8944581035046506,0.7263488896996932,0.7898981712208353,0.0,0.0,0.0,,,"[3, 3, 3, 3]",128
279,SimpleCNN,scnn_k_3_f16_16_16_64,SimpleCNN_no_pooling,scnn_k_3_f16_16_16_64,"[16, 16, 16, 64]",,,5201,0.0702033928285042,0.1514212489128112,0.1337306480854749,0.7480624345798799,0.9039545092921945,0.7866904954348669,0.8905100185676924,0.7467221995433907,0.7655459212569111,0.0,0.0,0.0,,,"[3, 3, 3, 3]",128
280,SimpleCNN,scnn_k_3_f16_16_16_32,SimpleCNN_no_pooling,scnn_k_3_f16_16_16_32,"[16, 16, 16, 32]",,,3537,0.0725392714142799,0.1633850745856762,0.1258840151131153,0.7370488851987242,0.9004395315339978,0.8011102770941303,0.8858459965102481,0.720106911690599,0.7743512436315159,0.0,0.0,0.0,,,"[3, 3, 3, 3]",128
281,SimpleCNN,scnn_k_3_f16_16_16_16,SimpleCNN_no_pooling,scnn_k_3_f16_16_16_16,"[16, 16, 16, 16]",,,2705,0.0780028685927391,0.1651109680533409,0.128747422248125,0.7442827055636625,0.8919560461350067,0.8104437596223969,0.8760556239448294,0.7193260006968774,0.7769837865705558,0.0,0.0,0.0,,,"[3, 3, 3, 3]",128
282,SimpleCNN,scnn_k_3_f8_64_64_64,SimpleCNN_no_pooling,scnn_k_3_f8_64_64_64,"[8, 64, 64, 64]",,,26873,0.0449732633928457,0.1587277874350547,0.1227029617875814,0.7546349993064673,0.940074136820185,0.8080997970313063,0.9320915624017172,0.7503924839246727,0.7866765246716333,0.0,0.0,0.0,,,"[3, 3, 3, 3]",128
283,SimpleCNN,scnn_k_3_f8_32_64_64,SimpleCNN_no_pooling,scnn_k_3_f8_32_64_64,"[8, 32, 64, 64]",,,19865,0.0508098644514878,0.155362956225872,0.1236772015690803,0.7628095751077306,0.9319479896550842,0.8146364092213779,0.922905798657762,0.7562926861046835,0.794141374382602,0.0,0.0,0.0,,,"[3, 3, 3, 3]",128
284,SimpleCNN,scnn_k_3_f8_32_32_64,SimpleCNN_no_pooling,scnn_k_3_f8_32_32_64,"[8, 32, 32, 64]",,,10553,0.0581106026967366,0.160241849720478,0.1242552492767572,0.7560862084189068,0.9207077248870196,0.8129640051512927,0.9100252554610928,0.7416517141344289,0.7868998372803886,0.0,0.0,0.0,,,"[3, 3, 3, 3]",128
285,SimpleCNN,scnn_k_3_f8_32_32_32,SimpleCNN_no_pooling,scnn_k_3_f8_32_32_32,"[8, 32, 32, 32]",,,7353,0.0618707990894715,0.1537898145616054,0.1230638697743415,0.7578613784808137,0.9160659559406856,0.8068950537384768,0.9044538364114016,0.7497449152326464,0.7852550100631761,0.0,0.0,0.0,,,"[3, 3, 3, 3]",128
286,SimpleCNN,scnn_k_3_f8_16_64_64,SimpleCNN_no_pooling,scnn_k_3_f8_16_64_64,"[8, 16, 64, 64]",,,16361,0.0542271160831054,0.1552404910326004,0.1247396692633628,0.755964841786019,0.9271744932195174,0.8125924336636787,0.917311253939001,0.7472120269149769,0.7882873033112302,0.0,0.0,0.0,,,"[3, 3, 3, 3]",128
287,SimpleCNN,scnn_k_3_f8_16_32_64,SimpleCNN_no_pooling,scnn_k_3_f8_16_32_64,"[8, 16, 32, 64]",,,8585,0.0616309151053428,0.1587558276951313,0.1185643840581178,0.7468471730040885,0.9167546840168824,0.8303676453947971,0.90523639647677,0.7348323671925221,0.8095929523714293,0.0,0.0,0.0,,,"[3, 3, 3, 3]",128
288,SimpleCNN,scnn_k_3_f8_16_32_32,SimpleCNN_no_pooling,scnn_k_3_f8_16_32_32,"[8, 16, 32, 32]",,,5385,0.0670033745467662,0.15541747584939,0.1232079770416021,0.7619545366080542,0.9089174630770848,0.8130446790833255,0.8961473966523344,0.7489349456436334,0.787093889351641,0.0,0.0,0.0,,,"[3, 3, 3, 3]",128
289,SimpleCNN,scnn_k_3_f8_16_16_64,SimpleCNN_no_pooling,scnn_k_3_f8_16_16_64,"[8, 16, 16, 64]",,,4697,0.0723296129455169,0.1577784270048141,0.1267439108341932,0.7491502961999902,0.9003594344152233,0.8061859959579366,0.8864811612304581,0.7363554792872333,0.7793973141395929,0.0,0.0,0.0,,,"[3, 3, 3, 3]",128
290,SimpleCNN,scnn_k_3_f8_16_16_32,SimpleCNN_no_pooling,scnn_k_3_f8_16_16_32,"[8, 16, 16, 32]",,,3033,0.0753739772985378,0.1678259447216987,0.1380305849015712,0.7462787946062699,0.895821474068576,0.7862675361211885,0.8808530265228606,0.7231455787380988,0.762530243470348,0.0,0.0,0.0,,,"[3, 3, 3, 3]",128
291,SimpleCNN,scnn_k_3_f8_16_16_16,SimpleCNN_no_pooling,scnn_k_3_f8_16_16_16,"[8, 16, 16, 16]",,,2201,0.0824238921205202,0.1689964234828949,0.1302856039255857,0.7363183898049781,0.8848008671388672,0.7976714988071472,0.8678230363482159,0.7012964855748307,0.7650303069394382,0.0,0.0,0.0,,,"[3, 3, 3, 3]",128
292,SimpleCNN,scnn_k_3_f8_8_64_64,SimpleCNN_no_pooling,scnn_k_3_f8_8_64_64,"[8, 8, 64, 64]",,,14609,0.0626958234856526,0.1623548697680235,0.1317952126264572,0.7480172563039249,0.9140917770711818,0.8005190737084814,0.90237715033668,0.7336066624710076,0.7763091951228781,0.0,0.0,0.0,,,"[3, 3, 3, 3]",128
293,SimpleCNN,scnn_k_3_f8_8_32_64,SimpleCNN_no_pooling,scnn_k_3_f8_8_32_64,"[8, 8, 32, 64]",,,7601,0.0711770129700501,0.159878809005022,0.145059447735548,0.7450599185489886,0.9025159936641264,0.7627129216950104,0.8885581024814381,0.7343280008352776,0.7430776216516145,0.0,0.0,0.0,,,"[3, 3, 3, 3]",128
294,SimpleCNN,scnn_k_3_f8_8_32_32,SimpleCNN_no_pooling,scnn_k_3_f8_8_32_32,"[8, 8, 32, 32]",,,4401,0.0738304123282432,0.1550498828291893,0.1195570454001426,0.7416409023845569,0.8993034811680752,0.8197171495411407,0.8852712998492414,0.7317331814273597,0.7986136758186344,0.0,0.0,0.0,,,"[3, 3, 3, 3]",128
295,SimpleCNN,scnn_k_3_f8_8_16_64,SimpleCNN_no_pooling,scnn_k_3_f8_8_16_64,"[8, 8, 16, 64]",,,4097,0.0757259242236614,0.1595457382500171,0.1362737007439136,0.748132835794282,0.8959884218487427,0.7836555064199735,0.8807544873305175,0.7348213709757281,0.7632266737207358,0.0,0.0,0.0,,,"[3, 3, 3, 3]",128
296,SimpleCNN,scnn_k_3_f8_8_16_32,SimpleCNN_no_pooling,scnn_k_3_f8_8_16_32,"[8, 8, 16, 32]",,,2433,0.0851295786599318,0.1542297303676605,0.1308190654963255,0.7459109796195088,0.8821087418042775,0.7949274560575361,0.8642604358397598,0.7365112322251647,0.7714206417103616,0.0,0.0,0.0,,,"[3, 3, 3, 3]",128
297,SimpleCNN,scnn_k_3_f8_8_16_16,SimpleCNN_no_pooling,scnn_k_3_f8_8_16_16,"[8, 8, 16, 16]",,,1601,0.0890061331291993,0.1567930988967418,0.1323284339159727,0.7445849204674355,0.8759765774298564,0.7885682966265116,0.8574119412910652,0.7301198422880956,0.7633702794507682,0.0,0.0,0.0,,,"[3, 3, 3, 3]",128
298,SimpleCNN,scnn_k_3_f8_8_8_64,SimpleCNN_no_pooling,scnn_k_3_f8_8_8_64,"[8, 8, 8, 64]",,,2345,0.0921592916051546,0.160915870219469,0.1422327421605587,0.7380966261461327,0.8702944311257804,0.7644110150188508,0.8512737170405466,0.7266405985235359,0.7405070432537574,0.0,0.0,0.0,,,"[3, 3, 3, 3]",128
299,SimpleCNN,scnn_k_3_f8_8_8_32,SimpleCNN_no_pooling,scnn_k_3_f8_8_8_32,"[8, 8, 8, 32]",,,1449,0.0956262292961279,0.1525646150112152,0.1364780627191066,0.7368743051699428,0.8658258667675836,0.7875402938983962,0.8450236168865414,0.7272536681122717,0.7576972987315773,0.0,0.0,0.0,,,"[3, 3, 3, 3]",128
300,SimpleCNN,scnn_k_3_f8_8_8_16,SimpleCNN_no_pooling,scnn_k_3_f8_8_8_16,"[8, 8, 8, 16]",,,1001,0.1014730667074521,0.1694652959704399,0.1402469277381897,0.7280911007915543,0.8554362667550738,0.7680384172529165,0.8322077915441819,0.6996062874937622,0.7464746340378208,0.0,0.0,0.0,,,"[3, 3, 3, 3]",128
301,SimpleCNN,scnn_k_3_f8_8_8_8,SimpleCNN_no_pooling,scnn_k_3_f8_8_8_8,"[8, 8, 8, 8]",,,777,0.1049831606447696,0.1608590111136436,0.1392281539738178,0.729273401700526,0.8526921551446238,0.7922083061432157,0.8281364544189579,0.7099052557954395,0.7559814272292069,0.0,0.0,0.0,,,"[3, 3, 3, 3]",128
302,SimpleCNN,scnn_k_3_f64_64_64,SimpleCNN_no_pooling,scnn_k_3_f64_64_64,"[64, 64, 64]",,,25985,0.0766731788714726,0.1620031744241714,0.1329018734395504,0.7371407671333885,0.8904211411929683,0.8009821799190275,0.8753237538448904,0.7212547279365852,0.7777931217176977,0.0,0.0,0.0,,,"[3, 3, 3]",128
303,SimpleCNN,scnn_k_3_f32_64_64,SimpleCNN_no_pooling,scnn_k_3_f32_64_64,"[32, 64, 64]",,,19361,0.075818287829558,0.1622702293097973,0.132233664393425,0.7374748906908746,0.8917049716391173,0.8015702608975588,0.8768708187986645,0.7247957700545008,0.7787148912178817,0.0,0.0,0.0,,,"[3, 3, 3]",128
304,SimpleCNN,scnn_k_3_f32_32_64,SimpleCNN_no_pooling,scnn_k_3_f32_32_64,"[32, 32, 64]",,,10049,0.0818580249945322,0.1630760729312896,0.1377926766872406,0.7314895436069223,0.882745990839881,0.7788894937176551,0.8662812563224781,0.713512020294766,0.7645080509144845,0.0,0.0,0.0,,,"[3, 3, 3]",128
305,SimpleCNN,scnn_k_3_f16_64_64,SimpleCNN_no_pooling,scnn_k_3_f16_64_64,"[16, 64, 64]",,,16049,0.0772070045272509,0.1581239849328994,0.1346877627074718,0.7285018444826012,0.8892769038076651,0.7968192803804529,0.8738808553709209,0.7136389226375321,0.7731926445759144,0.0,0.0,0.0,,,"[3, 3, 3]",128
306,SimpleCNN,scnn_k_3_f16_32_64,SimpleCNN_no_pooling,scnn_k_3_f16_32_64,"[16, 32, 64]",,,8273,0.0828938715159893,0.1626710817217826,0.1366274207830429,0.734338180543288,0.8819800696716041,0.7855724552072765,0.8656398368079727,0.7213496632233081,0.7647900384043045,0.0,0.0,0.0,,,"[3, 3, 3]",128
307,SimpleCNN,scnn_k_3_f16_16_64,SimpleCNN_no_pooling,scnn_k_3_f16_16_64,"[16, 16, 64]",,,4385,0.0890713520348072,0.1604495719075203,0.1355670560151338,0.7434489755991871,0.873288956776644,0.7869944045772241,0.855020897945298,0.7225024070539269,0.7635249161853186,0.0,0.0,0.0,,,"[3, 3, 3]",128
308,SimpleCNN,scnn_k_3_f8_64_64,SimpleCNN_no_pooling,scnn_k_3_f8_64_64,"[8, 64, 64]",,,14393,0.0794672012329101,0.1641348116099834,0.1330462899059057,0.7355522366965758,0.8870756166222188,0.7989366267565157,0.8713402297337418,0.7166136755275748,0.7753925309558702,0.0,0.0,0.0,,,"[3, 3, 3]",128
309,SimpleCNN,scnn_k_3_f8_32_64,SimpleCNN_no_pooling,scnn_k_3_f8_32_64,"[8, 32, 64]",,,7385,0.0858520862956841,0.1628494746983051,0.1526271253824234,0.7314799717141944,0.8773322868966082,0.7452218081594612,0.8597329641313046,0.7160100369682053,0.7196190502064704,0.0,0.0,0.0,,,"[3, 3, 3]",128
310,SimpleCNN,scnn_k_3_f8_16_64,SimpleCNN_no_pooling,scnn_k_3_f8_16_64,"[8, 16, 64]",,,3881,0.0897984107335408,0.1603151224553585,0.1378968693315982,0.7402206393711867,0.8721601914705663,0.7773956497613855,0.8536997235372963,0.7243693751668188,0.7481950671400373,0.0,0.0,0.0,,,"[3, 3, 3]",128
311,SimpleCNN,scnn_k_3_f8_8_64,SimpleCNN_no_pooling,scnn_k_3_f8_8_64,"[8, 8, 64]",,,2129,0.0995079283912976,0.1594448499381542,0.1462811529636383,0.7329204830802863,0.8575217780708824,0.7535749301374481,0.8363437669491305,0.7154863461687215,0.7315739172591349,0.0,0.0,0.0,,,"[3, 3, 3]",128
312,SimpleCNN,scnn_k_3_f64_64,SimpleCNN_no_pooling,scnn_k_3_f64_64,"[64, 64]",,,13505,0.1289662579695383,0.1619413681328296,0.1472229547798633,0.7004653187209172,0.8031990301186791,0.7621462446557928,0.7725312364916304,0.680875814500332,0.7325340414071594,0.0,0.0,0.0,,,"[3, 3]",128
313,SimpleCNN,scnn_k_3_f32_64,SimpleCNN_no_pooling,scnn_k_3_f32_64,"[32, 64]",,,6881,0.1295606446762879,0.1623008847236633,0.1491300985217094,0.7069097555387894,0.8018934748684645,0.7534612750529048,0.7713342013485848,0.6912712586372782,0.723842890218957,0.0,0.0,0.0,,,"[3, 3]",128
314,SimpleCNN,scnn_k_3_f16_64,SimpleCNN_no_pooling,scnn_k_3_f16_64,"[16, 64]",,,3569,0.1300391969581445,0.1630137860774994,0.1493726857006549,0.7047012044692225,0.8014338518891304,0.7442167014385476,0.7706613261362623,0.6869390519669021,0.7134390986220757,0.0,0.0,0.0,,,"[3, 3]",128
315,SimpleCNN,scnn_k_3_f8_64,SimpleCNN_no_pooling,scnn_k_3_f8_64,"[8, 64]",,,1913,0.1309130569299062,0.1642690487205982,0.1556754149496555,0.6977675480149254,0.8009325447459866,0.735263865482998,0.7697244393503435,0.6798736402213931,0.7182957768231759,0.0,0.0,0.0,,,"[3, 3]",128
316,SimpleCNN,scnn_k_3_f32_32_32,SimpleCNN_no_pooling,scnn_k_3_f32_32_32,"[32, 32, 32]",,,6849,0.0841471003989378,0.1603363454341888,0.1389392614364624,0.7288055022852968,0.8803335300584887,0.7818007194858246,0.863036441409056,0.7172866137323555,0.7560185900769073,0.0,0.0,0.0,,,"[3, 3, 3]",128
317,SimpleCNN,scnn_k_3_f16_32_32,SimpleCNN_no_pooling,scnn_k_3_f16_32_32,"[16, 32, 32]",,,5073,0.0850642718374729,0.1581916138529777,0.1350379008799791,0.7469211710456796,0.8790806858863305,0.7922486148142016,0.8618402868753944,0.7322263485974577,0.7672119528426159,0.0,0.0,0.0,,,"[3, 3, 3]",128
318,SimpleCNN,scnn_k_3_f16_16_32,SimpleCNN_no_pooling,scnn_k_3_f16_16_32,"[16, 16, 32]",,,2721,0.0918439331154028,0.1631792820990085,0.1340005900710821,0.7432200283247573,0.8697078595331267,0.7901214540992968,0.8504736728798187,0.7225750557947049,0.7646579430017337,0.0,0.0,0.0,,,"[3, 3, 3]",128
319,SimpleCNN,scnn_k_3_f16_16_16,SimpleCNN_no_pooling,scnn_k_3_f16_16_16,"[16, 16, 16]",,,1889,0.0976899318397045,0.1607996709644794,0.1405437476933002,0.7319342591846192,0.8608461244031882,0.7822132622997326,0.8400542872303448,0.7141896803283079,0.7523585485167852,0.0,0.0,0.0,,,"[3, 3, 3]",128
320,SimpleCNN,scnn_k_3_f8_32_32,SimpleCNN_no_pooling,scnn_k_3_f8_32_32,"[8, 32, 32]",,,4185,0.0889577503005663,0.1547098457813263,0.1415859311819076,0.7382595597881362,0.8733157661356555,0.7684971924047276,0.8553199099252043,0.7281545401645367,0.7433516944354535,0.0,0.0,0.0,,,"[3, 3, 3]",128
321,SimpleCNN,scnn_k_3_f8_16_32,SimpleCNN_no_pooling,scnn_k_3_f8_16_32,"[8, 16, 32]",,,2217,0.0978828956683476,0.1596410349011421,0.1525857336819172,0.7249105913288628,0.8603323326185012,0.7443400275782331,0.839788128363798,0.7179381179218977,0.7255169972353659,0.0,0.0,0.0,,,"[3, 3, 3]",128
322,SimpleCNN,scnn_k_3_f8_16_16,SimpleCNN_no_pooling,scnn_k_3_f8_16_16,"[8, 16, 16]",,,1385,0.1027966407438119,0.1645208299160003,0.1597559042274952,0.7149918037410378,0.8524375124045971,0.7239388643657542,0.8304968805820417,0.6990315471126538,0.7004935259064425,0.0,0.0,0.0,,,"[3, 3, 3]",128
323,SimpleCNN,scnn_k_3_f8_8_32,SimpleCNN_no_pooling,scnn_k_3_f8_8_32,"[8, 8, 32]",,,1233,0.1077881164848804,0.1708689108490944,0.1389384791254997,0.721044308806511,0.8462659173651237,0.7784705285804668,0.8228209431998417,0.687274803017297,0.7493531096577571,0.0,0.0,0.0,,,"[3, 3, 3]",128
324,SimpleCNN,scnn_k_3_f8_8_16,SimpleCNN_no_pooling,scnn_k_3_f8_8_16,"[8, 8, 16]",,,785,0.114653451492389,0.162484310567379,0.1572425179183483,0.7259829109058153,0.836625807327454,0.732553212299445,0.8107180443905755,0.7087832411071838,0.7019344618689438,0.0,0.0,0.0,,,"[3, 3, 3]",128
325,SimpleCNN,scnn_k_3_f8_8_8,SimpleCNN_no_pooling,scnn_k_3_f8_8_8,"[8, 8, 8]",,,561,0.1171017641822497,0.1597300060093403,0.1437788978219032,0.7249049182877256,0.8319965080178157,0.7742833209011885,0.8038739135728625,0.7042983125928537,0.7456673433730672,0.0,0.0,0.0,,,"[3, 3, 3]",128
326,SimpleCNN,scnn_k_3_f4_32_32,SimpleCNN_no_pooling,scnn_k_3_f4_32_32,"[4, 32, 32]",,,3741,0.0920432103176911,0.1653570085763931,0.1353731118142604,0.7382233210771832,0.8683859896780809,0.7833471006568082,0.8493546424492229,0.7198226815031558,0.7596054365390039,0.0,0.0,0.0,,,"[3, 3, 3]",128
327,SimpleCNN,scnn_k_3_f4_16_32,SimpleCNN_no_pooling,scnn_k_3_f4_16_32,"[4, 16, 32]",,,1965,0.10232570245862,0.1610468365252018,0.1449570953845977,0.7232833797216999,0.853039828806353,0.7593414116919385,0.8312837565643398,0.7103414384987492,0.7391688996860872,0.0,0.0,0.0,,,"[3, 3, 3]",128
328,SimpleCNN,scnn_k_3_f4_16_16,SimpleCNN_no_pooling,scnn_k_3_f4_16_16,"[4, 16, 16]",,,1133,0.10977834785978,0.166312601417303,0.1459252648055553,0.7162774769139498,0.8421254730345752,0.7636109495646668,0.8180685471984487,0.6984741905501357,0.7365204795029192,0.0,0.0,0.0,,,"[3, 3, 3]",128
329,SimpleCNN,scnn_k_3_f4_8_32,SimpleCNN_no_pooling,scnn_k_3_f4_8_32,"[4, 8, 32]",,,1077,0.1158577404916286,0.15741678327322,0.1516974382102489,0.707434197020113,0.8318009824184067,0.746122799051062,0.8064636388316486,0.7064685933373103,0.725941989948004,0.0,0.0,0.0,,,"[3, 3, 3]",128
330,SimpleCNN,scnn_k_3_f4_8_16,SimpleCNN_no_pooling,scnn_k_3_f4_8_16,"[4, 8, 16]",,,629,0.121261129528284,0.1594465523958206,0.1519404202699661,0.7283806626742949,0.825263812639689,0.7463424373993063,0.7976248924626703,0.7103665570310732,0.7236699976663195,0.0,0.0,0.0,,,"[3, 3, 3]",128
331,SimpleCNN,scnn_k_3_f4_8_8,SimpleCNN_no_pooling,scnn_k_3_f4_8_8,"[4, 8, 8]",,,405,0.1280556646486123,0.1733744069933891,0.1578092165291309,0.6993579518522771,0.81391443420093,0.7434544195804685,0.7829452702581914,0.6760725225697992,0.7113685714982676,0.0,0.0,0.0,,,"[3, 3, 3]",128
332,SimpleCNN,scnn_k_3_f4_4_32,SimpleCNN_no_pooling,scnn_k_3_f4_4_32,"[4, 4, 32]",,,633,0.1262682857612768,0.1636277921497821,0.1565154418349266,0.7129071050793072,0.8157517596798616,0.7388594130878556,0.7885599413078754,0.704526259997913,0.7181969552541477,0.0,0.0,0.0,,,"[3, 3, 3]",128
333,SimpleCNN,scnn_k_3_f4_4_16,SimpleCNN_no_pooling,scnn_k_3_f4_4_16,"[4, 4, 16]",,,377,0.1334358702103296,0.1729513183236122,0.1636720634996891,0.7073720095610525,0.8042156166670019,0.7310359519476515,0.7718123976186084,0.6795939721528973,0.6926480301989594,0.0,0.0,0.0,,,"[3, 3, 3]",128
334,SimpleCNN,scnn_k_3_f4_4_8,SimpleCNN_no_pooling,scnn_k_3_f4_4_8,"[4, 4, 8]",,,249,0.1377650280793508,0.1682222001254558,0.1584848575294017,0.7008161835578736,0.7963547876264392,0.7324805486746717,0.7618430446664158,0.6794808404977855,0.7128129560110377,0.0,0.0,0.0,,,"[3, 3, 3]",128
335,SimpleCNN,scnn_k_3_f4_4_4,SimpleCNN_no_pooling,scnn_k_3_f4_4_4,"[4, 4, 4]",,,185,0.1404001295566558,0.1730311252176761,0.1556096263229847,0.7042428509506675,0.7928607687324865,0.7383224771128172,0.7559713145918173,0.6700307021153094,0.7172120815636325,0.0,0.0,0.0,,,"[3, 3, 3]",128
336,SimpleCNN,scnn_k_3_f32_32,SimpleCNN_no_pooling,scnn_k_3_f32_32,"[32, 32]",,,3681,0.1291205142935117,0.167967077344656,0.1505076996982097,0.707782826240829,0.8032094830640546,0.7528450798804631,0.7727112107667703,0.6822469924153072,0.7256265585494321,0.0,0.0,0.0,,,"[3, 3]",128
337,SimpleCNN,scnn_k_3_f16_32,SimpleCNN_no_pooling,scnn_k_3_f16_32,"[16, 32]",,,1905,0.1300968825817108,0.1668466366827488,0.1499502435326576,0.7003090750833774,0.8017134822990987,0.7555234518770324,0.7706696872322361,0.6806098317099569,0.7238148658755387,0.0,0.0,0.0,,,"[3, 3]",128
338,SimpleCNN,scnn_k_3_f16_16,SimpleCNN_no_pooling,scnn_k_3_f16_16,"[16, 16]",,,1073,0.1318486894170443,0.1699526160955429,0.1509354673326015,0.7023087500065012,0.8004101412163619,0.7390652530724187,0.7686165300252351,0.6763505915015139,0.7078847220359222,0.0,0.0,0.0,,,"[3, 3]",128
339,SimpleCNN,scnn_k_3_f8_32,SimpleCNN_no_pooling,scnn_k_3_f8_32,"[8, 32]",,,1017,0.1324473306536674,0.1679464057087898,0.1536056473851204,0.6994771374665057,0.7994748224277759,0.7332346867431071,0.7675676554152296,0.6777809991446405,0.707681951152822,0.0,0.0,0.0,,,"[3, 3]",128
340,SimpleCNN,scnn_k_3_f8_16,SimpleCNN_no_pooling,scnn_k_3_f8_16,"[8, 16]",,,569,0.1357589825987815,0.1697905138134956,0.1533179208636284,0.7015461348548379,0.7944272710700392,0.7412176543991557,0.7623200308818586,0.6798109669717204,0.7122387548035377,0.0,0.0,0.0,,,"[3, 3]",128
341,SimpleCNN,scnn_k_3_f8_8,SimpleCNN_no_pooling,scnn_k_3_f8_8,"[8, 8]",,,345,0.1412088940540949,0.1700793392956257,0.1578154601156711,0.7008786562111837,0.7864424981298642,0.7247702544239426,0.7512417441715572,0.6725485215306071,0.701009685010751,0.0,0.0,0.0,,,"[3, 3]",128
342,SimpleCNN,scnn_k_3_f4_32,SimpleCNN_no_pooling,scnn_k_3_f4_32,"[4, 32]",,,573,0.139379379649957,0.1714382618665695,0.1599032431840896,0.6980253295133112,0.7885920167035775,0.7122105117461917,0.7559920482863765,0.669585470690043,0.6910131830253958,0.0,0.0,0.0,,,"[3, 3]",128
343,SimpleCNN,scnn_k_3_f4_16,SimpleCNN_no_pooling,scnn_k_3_f4_16,"[4, 16]",,,317,0.1423523565133412,0.1699513718485832,0.1666927374899387,0.697434915513809,0.784953896231419,0.7096937684370428,0.751467054047792,0.6698876382970431,0.6774696506598554,0.0,0.0,0.0,,,"[3, 3]",128
344,SimpleCNN,scnn_k_3_f4_8,SimpleCNN_no_pooling,scnn_k_3_f4_8,"[4, 8]",,,189,0.148853766421477,0.1764778196811676,0.1676324345171451,0.6928752445341412,0.7743724394076555,0.700239969466731,0.7381258563910424,0.6596470992987253,0.6721269746526757,0.0,0.0,0.0,,,"[3, 3]",128
345,SimpleCNN,scnn_k_3_f4_4,SimpleCNN_no_pooling,scnn_k_3_f4_4,"[4, 4]",,,125,0.1543265178799629,0.1768208816647529,0.1700886860489845,0.6752586318583587,0.7668141130951122,0.6897351249777466,0.7251419513741371,0.6389930494137678,0.652710987352571,0.0,0.0,0.0,,,"[3, 3]",128
346,SimpleCNN,scnn_k_3_f32,SimpleCNN_no_pooling,scnn_k_3_f32,[32],,,513,0.1678322479128837,0.1777138598263263,0.1733546368777752,0.6628849105832502,0.7364624071002981,0.7002092451288614,0.684181136262828,0.630700511761604,0.6561872821919712,0.0,0.0,0.0,,,[[3]],128
347,SimpleCNN,scnn_k_3_f16,SimpleCNN_no_pooling,scnn_k_3_f16,[16],,,257,0.1680138493577639,0.1744518838822841,0.1730366349220276,0.6623598732385907,0.7354110802880799,0.6841568369456584,0.6834871580352709,0.629552633804667,0.6481525694835871,0.0,0.0,0.0,,,[[3]],128
348,SimpleCNN,scnn_k_3_f8,SimpleCNN_no_pooling,scnn_k_3_f8,[8],,,129,0.1678131595253944,0.1727929152548313,0.1737055480480194,0.6628179420613354,0.7369239221314979,0.6639696953248206,0.6827231875807581,0.6306600586871705,0.6395046406564752,0.0,0.0,0.0,,,[[3]],128
349,SimpleCNN,scnn_k_3_f4,SimpleCNN_no_pooling,scnn_k_3_f4,[4],,,65,0.1696950063109397,0.1762815900146961,0.1766764037311077,0.6717166023843992,0.7345360247415784,0.6597191683402739,0.6808184286785843,0.6284037297595894,0.6306819093387027,0.0,0.0,0.0,,,[[3]],128
