"run_uuid","name","best_epoch","arc_filters","arc_rank","arc_kernel","arc_stride_1","arc_stride_2","arc_num_conv1","arc_num_layers","arc_num_conv2","arc_latent_dim","arc_latent_volume","arc_skip","arc_encoder_blocks","best_epoch","train_loss","train_Accuracy","train_Accuracy_seq","train_F1","valid_loss","valid_Accuracy","valid_Accuracy_seq","valid_F1","test_loss","test_Accuracy","test_Accuracy_seq","test_F1"
"7c01bf6db1b84f9695e2db70a113fc69",A_nc1-resnet0-nc1-2encode-flat1-skip0,18,"8","16","3","2","2","1","0","1","0","512","0","2",18,0.011624511836277407,0.993221749736287,0.09440928270042194,0.9931929539461635,0.010212885710049649,0.9935327646683674,0.14285714285714285,0.9935123009027602,0.01174261416148009,0.9913708917025862,0.09051724137931035,0.991325342260128
"7c01bf6db1b84f9695e2db70a113fc69",A_nc1-resnet0-nc1-2encode-flat1-skip0,18,"8","16","3","2","2","1","0","1","0","512","0","2",18,0.011624511836277407,0.993221749736287,0.09440928270042194,0.9931929539461635,0.010212885710049649,0.9935327646683674,0.14285714285714285,0.9935123009027602,0.11029559361009762,0.8593834186422413,0.0,0.8453232631191583
"7c01bf6db1b84f9695e2db70a113fc69",A_nc1-resnet0-nc1-2encode-flat1-skip0,18,"8","16","3","2","2","1","0","1","0","512","0","2",18,0.011624511836277407,0.993221749736287,0.09440928270042194,0.9931929539461635,0.010212885710049649,0.9935327646683674,0.14285714285714285,0.9935123009027602,0.11117679998278618,0.8582721578663793,0.0,0.8442735101600438
"6d1c9cca854b4551ab6e24591efdd1a7",A_nc1-resnet0-nc1-2encode-flat1-skip1,19,"8","16","3","2","2","1","0","1","0","512","1","2",19,0.003319698771489352,0.9998846255274262,0.959915611814346,0.999884507613946,0.0023731829251675885,0.9999003507653061,0.9591836734693877,0.9999003024552238,0.0000418039166859,1.0,1.0,1.0
"6d1c9cca854b4551ab6e24591efdd1a7",A_nc1-resnet0-nc1-2encode-flat1-skip1,19,"8","16","3","2","2","1","0","1","0","512","1","2",19,0.003319698771489352,0.9998846255274262,0.959915611814346,0.999884507613946,0.0023731829251675885,0.9999003507653061,0.9591836734693877,0.9999003024552238,0.0025663685699892714,0.9998484644396551,0.9612068965517241,0.9998483940358901
"6d1c9cca854b4551ab6e24591efdd1a7",A_nc1-resnet0-nc1-2encode-flat1-skip1,19,"8","16","3","2","2","1","0","1","0","512","1","2",19,0.003319698771489352,0.9998846255274262,0.959915611814346,0.999884507613946,0.0023731829251675885,0.9999003507653061,0.9591836734693877,0.9999003024552238,0.0037078091489343807,0.9986614358836207,0.5560344827586207,0.9986593573919366
"6d1c9cca854b4551ab6e24591efdd1a7",A_nc1-resnet0-nc1-2encode-flat1-skip1,19,"8","16","3","2","2","1","0","1","0","512","1","2",19,0.003319698771489352,0.9998846255274262,0.959915611814346,0.999884507613946,0.0023731829251675885,0.9999003507653061,0.9591836734693877,0.9999003024552238,0.12748551394405036,0.819159146012931,0.0,0.7773439157214872
"4bd9e67741a640a88f62467ee7c84a8e",A_nc1-resnet0-nc2-2encode-flat1-skip0,18,"8","16","3","2","2","1","0","2","0","256","0","2",18,0.05396976431965325,0.9353851447125527,0.0,0.9331664213815315,0.058015060744115284,0.9264588647959183,0.0,0.9235779424671255,0.06005796584589728,0.9255034348060345,0.0,0.9224440106283347
"4bd9e67741a640a88f62467ee7c84a8e",A_nc1-resnet0-nc2-2encode-flat1-skip0,18,"8","16","3","2","2","1","0","2","0","256","0","2",18,0.05396976431965325,0.9353851447125527,0.0,0.9331664213815315,0.058015060744115284,0.9264588647959183,0.0,0.9235779424671255,0.11915986676668298,0.8498114224137931,0.0,0.8301874467634127
"4bd9e67741a640a88f62467ee7c84a8e",A_nc1-resnet0-nc2-2encode-flat1-skip0,18,"8","16","3","2","2","1","0","2","0","256","0","2",18,0.05396976431965325,0.9353851447125527,0.0,0.9331664213815315,0.058015060744115284,0.9264588647959183,0.0,0.9235779424671255,0.12035652378509784,0.8437415813577587,0.0,0.8233015626684962
"50ca7fb8a7e046d7bf5aef3bda3b4a79",A_nc1-resnet0-nc2-2encode-flat1-skip1,18,"8","16","3","2","2","1","0","2","0","256","1","2",18,0.0042096930659152095,0.9997826427347046,0.9140295358649789,0.9997823756928106,0.00396876678117836,0.999870455994898,0.9387755102040817,0.9998703793084506,0.004230049972679338,0.9998821390086207,0.9396551724137931,0.9998820840892613
"50ca7fb8a7e046d7bf5aef3bda3b4a79",A_nc1-resnet0-nc2-2encode-flat1-skip1,18,"8","16","3","2","2","1","0","2","0","256","1","2",18,0.0042096930659152095,0.9997826427347046,0.9140295358649789,0.9997823756928106,0.00396876678117836,0.999870455994898,0.9387755102040817,0.9998703793084506,0.004968066430843339,0.9995874865301724,0.8017241379310345,0.9995872677083871
"50ca7fb8a7e046d7bf5aef3bda3b4a79",A_nc1-resnet0-nc2-2encode-flat1-skip1,18,"8","16","3","2","2","1","0","2","0","256","1","2",18,0.0042096930659152095,0.9997826427347046,0.9140295358649789,0.9997823756928106,0.00396876678117836,0.999870455994898,0.9387755102040817,0.9998703793084506,0.00526759620145734,0.9947972790948276,0.07327586206896551,0.9947686803829042
d52312c427fb461598d70343ffb821d8,A_nc1-resnet0-nc3-2encode-flat1-skip0,19,"8","16","3","2","2","1","0","3","0","128","0","2",19,0.1013149739192005,0.8633770520174051,0.0,0.8483776999807339,0.11549013290478259,0.8416872608418368,0.0,0.8165941475421964,0.11438610494650643,0.8427481815732759,0.0,0.822664438797048
d52312c427fb461598d70343ffb821d8,A_nc1-resnet0-nc3-2encode-flat1-skip0,19,"8","16","3","2","2","1","0","3","0","128","0","2",19,0.1013149739192005,0.8633770520174051,0.0,0.8483776999807339,0.11549013290478259,0.8416872608418368,0.0,0.8165941475421964,0.12326341726142785,0.8399952855603449,0.0,0.8160448732207131
d52312c427fb461598d70343ffb821d8,A_nc1-resnet0-nc3-2encode-flat1-skip0,19,"8","16","3","2","2","1","0","3","0","128","0","2",19,0.1013149739192005,0.8633770520174051,0.0,0.8483776999807339,0.11549013290478259,0.8416872608418368,0.0,0.8165941475421964,0.12836897630116034,0.8381263469827587,0.0,0.815851355316971
"38758edc12a3442c8be86b920a5c42c4",A_nc1-resnet0-nc3-2encode-flat1-skip1,19,"8","16","3","2","2","1","0","3","0","128","1","2",19,0.007674220916009528,0.9974885449630801,0.4092827004219409,0.9974835384111537,0.008677032110946519,0.9958545918367347,0.22959183673469388,0.9958446169791795,0.005253176501919997,0.9947888604525862,0.13793103448275862,0.9947609238900225
"38758edc12a3442c8be86b920a5c42c4",A_nc1-resnet0-nc3-2encode-flat1-skip1,19,"8","16","3","2","2","1","0","3","0","128","1","2",19,0.007674220916009528,0.9974885449630801,0.4092827004219409,0.9974835384111537,0.008677032110946519,0.9958545918367347,0.22959183673469388,0.9958446169791795,0.008286663507721547,0.9970366379310345,0.3232758620689655,0.9970308693519185
"38758edc12a3442c8be86b920a5c42c4",A_nc1-resnet0-nc3-2encode-flat1-skip1,19,"8","16","3","2","2","1","0","3","0","128","1","2",19,0.007674220916009528,0.9974885449630801,0.4092827004219409,0.9974835384111537,0.008677032110946519,0.9958545918367347,0.22959183673469388,0.9958446169791795,0.029608839063038087,0.9748956088362069,0.0,0.9742560510175043
"44f2826ca7ef49888fede78c31cfddf8",A_nc1-resnet1-nc1-2encode-flat1-skip0,19,"8","16","3","2","2","1","1","1","0","512","0","2",19,0.008871546779456646,0.9956724271492616,0.23734177215189872,0.995659853738322,0.008339513178762734,0.9950573979591837,0.1377551020408163,0.9950420572830684,0.009665095472130281,0.9932650862068966,0.17672413793103448,0.9932371098432992
"44f2826ca7ef49888fede78c31cfddf8",A_nc1-resnet1-nc1-2encode-flat1-skip0,19,"8","16","3","2","2","1","1","1","0","512","0","2",19,0.008871546779456646,0.9956724271492616,0.23734177215189872,0.995659853738322,0.008339513178762734,0.9950573979591837,0.1377551020408163,0.9950420572830684,0.11489805514956343,0.8544585129310345,0.0,0.8397730258213685
"44f2826ca7ef49888fede78c31cfddf8",A_nc1-resnet1-nc1-2encode-flat1-skip0,19,"8","16","3","2","2","1","1","1","0","512","0","2",19,0.008871546779456646,0.9956724271492616,0.23734177215189872,0.995659853738322,0.008339513178762734,0.9950573979591837,0.1377551020408163,0.9950420572830684,0.1198811637687272,0.8489022090517241,0.0,0.8302976277999137
"48fbd693c68a41eaaba398efdb94ec1b",A_nc1-resnet1-nc1-2encode-flat1-skip1,19,"8","16","3","2","2","1","1","1","0","512","1","2",19,0.001673777774860493,0.9999814576740507,0.9920886075949367,0.9999814457721046,0.000966446869769,0.9999501753826531,0.9795918367346939,0.9999501601589433,0.0000289450847112,1.0,1.0,1.0
"48fbd693c68a41eaaba398efdb94ec1b",A_nc1-resnet1-nc1-2encode-flat1-skip1,19,"8","16","3","2","2","1","1","1","0","512","1","2",19,0.001673777774860493,0.9999814576740507,0.9920886075949367,0.9999814457721046,0.000966446869769,0.9999501753826531,0.9795918367346939,0.9999501601589433,0.0010696865100381446,0.9999494881465517,0.9956896551724138,0.9999494881465517
"48fbd693c68a41eaaba398efdb94ec1b",A_nc1-resnet1-nc1-2encode-flat1-skip1,19,"8","16","3","2","2","1","1","1","0","512","1","2",19,0.001673777774860493,0.9999814576740507,0.9920886075949367,0.9999814457721046,0.000966446869769,0.9999501753826531,0.9795918367346939,0.9999501601589433,0.0034332021284077703,0.9980889682112069,0.15948275862068967,0.9980854422441129
"03c47d74aa9644a6b3f681604f196a1c",A_nc1-resnet1-nc2-2encode-flat1-skip0,17,"8","16","3","2","2","1","1","2","0","256","0","2",17,0.04733922151762222,0.9425744165348101,0.0,0.9411447629412141,0.051442861024822505,0.9341218909438775,0.0,0.9323476826251029,0.05429246552802365,0.9302347117456896,0.0,0.928430482521627
"03c47d74aa9644a6b3f681604f196a1c",A_nc1-resnet1-nc2-2encode-flat1-skip0,17,"8","16","3","2","2","1","1","2","0","256","0","2",17,0.04733922151762222,0.9425744165348101,0.0,0.9411447629412141,0.051442861024822505,0.9341218909438775,0.0,0.9323476826251029,0.12061594837698443,0.8463261045258621,0.0,0.8290812220611005
"03c47d74aa9644a6b3f681604f196a1c",A_nc1-resnet1-nc2-2encode-flat1-skip0,17,"8","16","3","2","2","1","1","2","0","256","0","2",17,0.04733922151762222,0.9425744165348101,0.0,0.9411447629412141,0.051442861024822505,0.9341218909438775,0.0,0.9323476826251029,0.12261404084234402,0.8404835668103449,0.0,0.8155869074458301
"11c16b0bebf74fc7ae2b58c88f04765c",A_nc1-resnet1-nc2-2encode-flat1-skip1,19,"8","16","3","2","2","1","1","2","0","256","1","2",19,0.0037799147886070834,0.9992387345068565,0.7325949367088608,0.9992389666355409,0.0030375736461458157,0.9992625956632653,0.7040816326530612,0.999263239139214,0.0032648102035103686,0.998846646012931,0.5818965517241379,0.9988468504149255
"11c16b0bebf74fc7ae2b58c88f04765c",A_nc1-resnet1-nc2-2encode-flat1-skip1,19,"8","16","3","2","2","1","1","2","0","256","1","2",19,0.0037799147886070834,0.9992387345068565,0.7325949367088608,0.9992389666355409,0.0030375736461458157,0.9992625956632653,0.7040816326530612,0.999263239139214,0.0057046380423908605,0.9943258351293104,0.10775862068965517,0.9942928016654013
"11c16b0bebf74fc7ae2b58c88f04765c",A_nc1-resnet1-nc2-2encode-flat1-skip1,19,"8","16","3","2","2","1","1","2","0","256","1","2",19,0.0037799147886070834,0.9992387345068565,0.7325949367088608,0.9992389666355409,0.0030375736461458157,0.9992625956632653,0.7040816326530612,0.999263239139214,0.006496539194907607,0.9971460802801724,0.3448275862068966,0.9971444027126338
ce93c7c1f0884275bad27397795ac7d9,A_nc1-resnet1-nc3-2encode-flat1-skip0,19,"8","16","3","2","2","1","1","3","0","128","0","2",19,0.10356951127701168,0.8621130834651899,0.0,0.8471895207839419,0.11742095983758265,0.8382692920918368,0.0,0.8124020698500881,0.11346492274054165,0.847588900862069,0.0,0.827007002147517
ce93c7c1f0884275bad27397795ac7d9,A_nc1-resnet1-nc3-2encode-flat1-skip0,19,"8","16","3","2","2","1","1","3","0","128","0","2",19,0.10356951127701168,0.8621130834651899,0.0,0.8471895207839419,0.11742095983758265,0.8382692920918368,0.0,0.8124020698500881,0.12260059626965687,0.8418558054956896,0.0,0.8199332337802946
ce93c7c1f0884275bad27397795ac7d9,A_nc1-resnet1-nc3-2encode-flat1-skip0,19,"8","16","3","2","2","1","1","3","0","128","0","2",19,0.10356951127701168,0.8621130834651899,0.0,0.8471895207839419,0.11742095983758265,0.8382692920918368,0.0,0.8124020698500881,0.12419713352774751,0.8357017780172413,0.0,0.8100867827071161
"52babda69c2d41dbb5fb1e013d67e188",A_nc1-resnet1-nc3-2encode-flat1-skip1,19,"8","16","3","2","2","1","1","3","0","128","1","2",19,0.007250578889332492,0.9969611188027426,0.3802742616033755,0.9969551667585419,0.007106360019545774,0.9954958545918368,0.27040816326530615,0.9954884990272065,0.0000341222749457,1.0,1.0,1.0
"52babda69c2d41dbb5fb1e013d67e188",A_nc1-resnet1-nc3-2encode-flat1-skip1,19,"8","16","3","2","2","1","1","3","0","128","1","2",19,0.007250578889332492,0.9969611188027426,0.3802742616033755,0.9969551667585419,0.007106360019545774,0.9954958545918368,0.27040816326530615,0.9954884990272065,0.006799075294864075,0.9963884024784483,0.3146551724137931,0.9963863605956667
"52babda69c2d41dbb5fb1e013d67e188",A_nc1-resnet1-nc3-2encode-flat1-skip1,19,"8","16","3","2","2","1","1","3","0","128","1","2",19,0.007250578889332492,0.9969611188027426,0.3802742616033755,0.9969551667585419,0.007106360019545774,0.9954958545918368,0.27040816326530615,0.9954884990272065,0.010303602754620129,0.9934166217672413,0.10775862068965517,0.9934091318800354
efd02df234ba45f482e5f9de94f5a77a,A_nc1-resnet2-nc1-2encode-flat1-skip0,19,"8","16","3","2","2","1","2","1","0","512","0","2",19,0.008306686900053095,0.9960443037974683,0.2679324894514768,0.9960354678109096,0.008976070219840931,0.9940509406887755,0.19387755102040816,0.9940303592793821,0.009195240174323834,0.9941658809267241,0.21982758620689655,0.9941525515412456
efd02df234ba45f482e5f9de94f5a77a,A_nc1-resnet2-nc1-2encode-flat1-skip0,19,"8","16","3","2","2","1","2","1","0","512","0","2",19,0.008306686900053095,0.9960443037974683,0.2679324894514768,0.9960354678109096,0.008976070219840931,0.9940509406887755,0.19387755102040816,0.9940303592793821,0.11032632969576738,0.8655037715517241,0.0,0.8544687628582293
efd02df234ba45f482e5f9de94f5a77a,A_nc1-resnet2-nc1-2encode-flat1-skip0,19,"8","16","3","2","2","1","2","1","0","512","0","2",19,0.008306686900053095,0.9960443037974683,0.2679324894514768,0.9960354678109096,0.008976070219840931,0.9940509406887755,0.19387755102040816,0.9940303592793821,0.11978684969503305,0.8521265490301724,0.0,0.8348870245601697
"9290d608f62d472ca10ca3b700e1cad6",A_nc1-resnet2-nc1-2encode-flat1-skip1,16,"8","16","3","2","2","1","2","1","0","512","1","2",16,0.0016624506994962049,0.9999175896624473,0.9715189873417721,0.9999175947578549,0.0008724610634832,0.9999900350765306,0.9948979591836735,0.9999900306068105,0.0000328152702799,1.0,1.0,1.0
"9290d608f62d472ca10ca3b700e1cad6",A_nc1-resnet2-nc1-2encode-flat1-skip1,16,"8","16","3","2","2","1","2","1","0","512","1","2",16,0.0016624506994962049,0.9999175896624473,0.9715189873417721,0.9999175947578549,0.0008724610634832,0.9999900350765306,0.9948979591836735,0.9999900306068105,0.0004779446894175,0.999932650862069,0.9956896551724138,0.9999325651166387
"9290d608f62d472ca10ca3b700e1cad6",A_nc1-resnet2-nc1-2encode-flat1-skip1,16,"8","16","3","2","2","1","2","1","0","512","1","2",16,0.0016624506994962049,0.9999175896624473,0.9715189873417721,0.9999175947578549,0.0008724610634832,0.9999900350765306,0.9948979591836735,0.9999900306068105,0.0009766419183318,0.9998063712284483,0.9827586206896551,0.9998062244265308
"5def00e12ba14299ba4a2b79c96d1021",A_nc1-resnet2-nc2-2encode-flat1-skip0,17,"8","16","3","2","2","1","2","2","0","256","0","2",17,0.033552071103189564,0.9596467480880801,0.0,0.9592586521315523,0.04007994337957733,0.9487603635204082,0.0,0.9480287401824312,0.04146571210103816,0.9466426454741379,0.0,0.9458615765992946
"5def00e12ba14299ba4a2b79c96d1021",A_nc1-resnet2-nc2-2encode-flat1-skip0,17,"8","16","3","2","2","1","2","2","0","256","0","2",17,0.033552071103189564,0.9596467480880801,0.0,0.9592586521315523,0.04007994337957733,0.9487603635204082,0.0,0.9480287401824312,0.1151493722251777,0.8532883216594828,0.0,0.8378825356815109
"5def00e12ba14299ba4a2b79c96d1021",A_nc1-resnet2-nc2-2encode-flat1-skip0,17,"8","16","3","2","2","1","2","2","0","256","0","2",17,0.033552071103189564,0.9596467480880801,0.0,0.9592586521315523,0.04007994337957733,0.9487603635204082,0.0,0.9480287401824312,0.12092998161398132,0.8442466998922413,0.0,0.8216972183108856
f600ebe78b3c42309cba41b8ab4c6589,A_nc1-resnet2-nc2-2encode-flat1-skip1,18,"8","16","3","2","2","1","2","2","0","256","1","2",18,0.0015703879254044895,0.9998794748813291,0.9567510548523207,0.999879455544485,0.001113980140166395,0.9997708067602041,0.923469387755102,0.9997707757218687,0.000075138698917,0.9999579067887931,0.978448275862069,0.9999578858063343
f600ebe78b3c42309cba41b8ab4c6589,A_nc1-resnet2-nc2-2encode-flat1-skip1,18,"8","16","3","2","2","1","2","2","0","256","1","2",18,0.0015703879254044895,0.9998794748813291,0.9567510548523207,0.999879455544485,0.001113980140166395,0.9997708067602041,0.923469387755102,0.9997707757218687,0.001230437294499756,0.9995622306034483,0.8189655172413793,0.9995620005104051
f600ebe78b3c42309cba41b8ab4c6589,A_nc1-resnet2-nc2-2encode-flat1-skip1,18,"8","16","3","2","2","1","2","2","0","256","1","2",18,0.0015703879254044895,0.9998794748813291,0.9567510548523207,0.999879455544485,0.001113980140166395,0.9997708067602041,0.923469387755102,0.9997707757218687,0.0022891905893378988,0.9998821390086207,0.9439655172413793,0.9998821012339199
e1228dd2a29d47e49fe32cb20b6269c0,A_nc1-resnet2-nc3-2encode-flat1-skip0,19,"8","16","3","2","2","1","2","3","0","128","0","2",19,0.10293461740771427,0.8628805297336498,0.0,0.8471764182725693,0.12122543551483933,0.8321906887755102,0.0,0.8045002896321019,0.11772609797531161,0.8392207704741379,0.0,0.8173359321244265
e1228dd2a29d47e49fe32cb20b6269c0,A_nc1-resnet2-nc3-2encode-flat1-skip0,19,"8","16","3","2","2","1","2","3","0","128","0","2",19,0.10293461740771427,0.8628805297336498,0.0,0.8471764182725693,0.12122543551483933,0.8321906887755102,0.0,0.8045002896321019,0.12320324688636024,0.842352505387931,0.0,0.8184823149134176
e1228dd2a29d47e49fe32cb20b6269c0,A_nc1-resnet2-nc3-2encode-flat1-skip0,19,"8","16","3","2","2","1","2","3","0","128","0","2",19,0.10293461740771427,0.8628805297336498,0.0,0.8471764182725693,0.12122543551483933,0.8321906887755102,0.0,0.8045002896321019,0.12491645548364212,0.8367120150862069,0.0,0.8130175350688779
c7e9212426714ccd990008ccfa719a0e,A_nc1-resnet2-nc3-2encode-flat1-skip1,19,"8","16","3","2","2","1","2","3","0","128","1","2",19,0.005805722287490587,0.9964522349683544,0.4293248945147679,0.9964495834887587,0.005221934908316756,0.9957250478316326,0.39285714285714285,0.9957217859370919,0.000066481483749,1.0,1.0,1.0
c7e9212426714ccd990008ccfa719a0e,A_nc1-resnet2-nc3-2encode-flat1-skip1,19,"8","16","3","2","2","1","2","3","0","128","1","2",19,0.005805722287490587,0.9964522349683544,0.4293248945147679,0.9964495834887587,0.005221934908316756,0.9957250478316326,0.39285714285714285,0.9957217859370919,0.00461529180455696,0.9970787311422413,0.5043103448275862,0.9970771528808424
c7e9212426714ccd990008ccfa719a0e,A_nc1-resnet2-nc3-2encode-flat1-skip1,19,"8","16","3","2","2","1","2","3","0","128","1","2",19,0.005805722287490587,0.9964522349683544,0.4293248945147679,0.9964495834887587,0.005221934908316756,0.9957250478316326,0.39285714285714285,0.9957217859370919,0.004997219565196027,0.9970703125,0.49137931034482757,0.997065544825033
"64c67320e631407caa3ece397f39a19d",A_nc2-resnet0-nc1-2encode-flat1-skip0,19,"8","16","3","2","2","2","0","1","0","256","0","2",19,0.08001655721368921,0.8931982627900844,0.0,0.8865514094095405,0.07941563465461439,0.8906748246173469,0.0,0.8825525136478017,0.0821619410196255,0.8880152209051724,0.0,0.8806396273453889
"64c67320e631407caa3ece397f39a19d",A_nc2-resnet0-nc1-2encode-flat1-skip0,19,"8","16","3","2","2","2","0","1","0","256","0","2",19,0.08001655721368921,0.8931982627900844,0.0,0.8865514094095405,0.07941563465461439,0.8906748246173469,0.0,0.8825525136478017,0.12129103610741682,0.8421757139008621,0.0,0.8196870219790722
"64c67320e631407caa3ece397f39a19d",A_nc2-resnet0-nc1-2encode-flat1-skip0,19,"8","16","3","2","2","2","0","1","0","256","0","2",19,0.08001655721368921,0.8931982627900844,0.0,0.8865514094095405,0.07941563465461439,0.8906748246173469,0.0,0.8825525136478017,0.1269246308967985,0.8333445581896551,0.0,0.8076726543871818
"3bdd664391b84f8cb53b61a15605b5f2",A_nc2-resnet0-nc1-2encode-flat1-skip1,19,"8","16","3","2","2","2","0","1","0","256","1","2",19,0.01705398533359673,0.9884151667985233,0.04219409282700422,0.9883377896026562,0.015288895547237932,0.9896065848214286,0.030612244897959183,0.9895309750047195,0.0035013831240638836,0.997002963362069,0.14655172413793102,0.996993634716238
"3bdd664391b84f8cb53b61a15605b5f2",A_nc2-resnet0-nc1-2encode-flat1-skip1,19,"8","16","3","2","2","2","0","1","0","256","1","2",19,0.01705398533359673,0.9884151667985233,0.04219409282700422,0.9883377896026562,0.015288895547237932,0.9896065848214286,0.030612244897959183,0.9895309750047195,0.017784798389364934,0.9859913793103449,0.02586206896551724,0.9858666086745052
"3bdd664391b84f8cb53b61a15605b5f2",A_nc2-resnet0-nc1-2encode-flat1-skip1,19,"8","16","3","2","2","2","0","1","0","256","1","2",19,0.01705398533359673,0.9884151667985233,0.04219409282700422,0.9883377896026562,0.015288895547237932,0.9896065848214286,0.030612244897959183,0.9895309750047195,0.02398689152223283,0.97705078125,0.004310344827586207,0.9768017308690106
"6ce01b5d425947c48eb4113deaa96897",A_nc2-resnet0-nc2-2encode-flat1-skip0,19,"8","16","3","2","2","2","0","2","0","128","0","2",19,0.11804014629829784,0.8505982990506329,0.0,0.8298373301228223,0.12636264535237332,0.8378507653061225,0.0,0.8081603872838884,0.1278775217461175,0.8354828933189655,0.0,0.8080137995270134
"6ce01b5d425947c48eb4113deaa96897",A_nc2-resnet0-nc2-2encode-flat1-skip0,19,"8","16","3","2","2","2","0","2","0","128","0","2",19,0.11804014629829784,0.8505982990506329,0.0,0.8298373301228223,0.12636264535237332,0.8378507653061225,0.0,0.8081603872838884,0.12918041543713932,0.838311557112069,0.0,0.809430739891882
"6ce01b5d425947c48eb4113deaa96897",A_nc2-resnet0-nc2-2encode-flat1-skip0,19,"8","16","3","2","2","2","0","2","0","128","0","2",19,0.11804014629829784,0.8505982990506329,0.0,0.8298373301228223,0.12636264535237332,0.8378507653061225,0.0,0.8081603872838884,0.13193203277628998,0.8334792564655172,0.0,0.7996699512486404
a7c8e3bb5dc243eb8818ac44513da156,A_nc2-resnet0-nc2-2encode-flat1-skip1,17,"8","16","3","2","2","2","0","2","0","128","1","2",17,0.03228399432598287,0.9696111880274262,0.0,0.969062114550523,0.03544147190999011,0.9624521683673469,0.0,0.9615521934618262,0.0030068854173115485,0.9977185479525862,0.30603448275862066,0.9977126772808401
a7c8e3bb5dc243eb8818ac44513da156,A_nc2-resnet0-nc2-2encode-flat1-skip1,17,"8","16","3","2","2","2","0","2","0","128","1","2",17,0.03228399432598287,0.9696111880274262,0.0,0.969062114550523,0.03544147190999011,0.9624521683673469,0.0,0.9615521934618262,0.03870902701826959,0.9584455818965517,0.0,0.9571939743978346
a7c8e3bb5dc243eb8818ac44513da156,A_nc2-resnet0-nc2-2encode-flat1-skip1,17,"8","16","3","2","2","2","0","2","0","128","1","2",17,0.03228399432598287,0.9696111880274262,0.0,0.969062114550523,0.03544147190999011,0.9624521683673469,0.0,0.9615521934618262,0.040499523378394804,0.955987338362069,0.0,0.9547225311631445
"155db5711bb84a61b959987eb33df8f2",A_nc2-resnet0-nc3-2encode-flat1-skip0,19,"8","16","3","2","2","2","0","3","0","64","0","2",19,0.12016000795150608,0.8394832047732067,0.0,0.8087349283468809,0.13043974659272603,0.8244678730867347,0.0,0.7774552472771065,0.12471919198488367,0.8340685614224138,0.0,0.7967989378147163
"155db5711bb84a61b959987eb33df8f2",A_nc2-resnet0-nc3-2encode-flat1-skip0,19,"8","16","3","2","2","2","0","3","0","64","0","2",19,0.12016000795150608,0.8394832047732067,0.0,0.8087349283468809,0.13043974659272603,0.8244678730867347,0.0,0.7774552472771065,0.12810208160301734,0.8269800646551724,0.0,0.7891475527912731
"155db5711bb84a61b959987eb33df8f2",A_nc2-resnet0-nc3-2encode-flat1-skip0,19,"8","16","3","2","2","2","0","3","0","64","0","2",19,0.12016000795150608,0.8394832047732067,0.0,0.8087349283468809,0.13043974659272603,0.8244678730867347,0.0,0.7774552472771065,0.13042269968267145,0.8332435344827587,0.0,0.797813846552496
"05918e71139b470d86184ff6bbb772df",A_nc2-resnet0-nc3-2encode-flat1-skip1,19,"8","16","3","2","2","2","0","3","0","64","1","2",19,0.038377898391571984,0.9568066818301688,0.0,0.9560946380423304,0.04131303860672882,0.9514907525510204,0.0,0.9505375514676657,0.0013888787567527194,0.9990992052801724,0.7586206896551724,0.999098143872177
"05918e71139b470d86184ff6bbb772df",A_nc2-resnet0-nc3-2encode-flat1-skip1,19,"8","16","3","2","2","2","0","3","0","64","1","2",19,0.038377898391571984,0.9568066818301688,0.0,0.9560946380423304,0.04131303860672882,0.9514907525510204,0.0,0.9505375514676657,0.0347426887601614,0.9597757273706896,0.0,0.9589073716663495
"05918e71139b470d86184ff6bbb772df",A_nc2-resnet0-nc3-2encode-flat1-skip1,19,"8","16","3","2","2","2","0","3","0","64","1","2",19,0.038377898391571984,0.9568066818301688,0.0,0.9560946380423304,0.04131303860672882,0.9514907525510204,0.0,0.9505375514676657,0.043281589345685365,0.9455734779094828,0.0,0.9444809658337394
be849fe0d06d467f8b09ebb4cbc3fda8,A_nc2-resnet1-nc1-2encode-flat1-skip0,18,"8","16","3","2","2","2","1","1","0","256","0","2",18,0.07970733024211372,0.8946208712420886,0.0,0.8880592120865625,0.081954617661481,0.8896384725765306,0.0,0.8806945675967829,0.08631366581238549,0.8826693830818966,0.0,0.87293704688297
be849fe0d06d467f8b09ebb4cbc3fda8,A_nc2-resnet1-nc1-2encode-flat1-skip0,18,"8","16","3","2","2","2","1","1","0","256","0","2",18,0.07970733024211372,0.8946208712420886,0.0,0.8880592120865625,0.081954617661481,0.8896384725765306,0.0,0.8806945675967829,0.12300149890883215,0.8443729795258621,0.0,0.8198094290023292
be849fe0d06d467f8b09ebb4cbc3fda8,A_nc2-resnet1-nc1-2encode-flat1-skip0,18,"8","16","3","2","2","2","1","1","0","256","0","2",18,0.07970733024211372,0.8946208712420886,0.0,0.8880592120865625,0.081954617661481,0.8896384725765306,0.0,0.8806945675967829,0.12764023103076835,0.8354828933189655,0.0,0.8039365470330196
b6da85782bff43229ef9c92a6866114d,A_nc2-resnet1-nc1-2encode-flat1-skip1,17,"8","16","3","2","2","2","1","1","0","256","1","2",17,0.029429219961795122,0.9720464135021097,0.0015822784810126582,0.9716775531671105,0.02989313519578807,0.9700653698979592,0.00510204081632653,0.9695955873246017,0.0011854499291451969,1.0,1.0,1.0
b6da85782bff43229ef9c92a6866114d,A_nc2-resnet1-nc1-2encode-flat1-skip1,17,"8","16","3","2","2","2","1","1","0","256","1","2",17,0.029429219961795122,0.9720464135021097,0.0015822784810126582,0.9716775531671105,0.02989313519578807,0.9700653698979592,0.00510204081632653,0.9695955873246017,0.029395165114567197,0.9697013065732759,0.0,0.9692388868034245
b6da85782bff43229ef9c92a6866114d,A_nc2-resnet1-nc1-2encode-flat1-skip1,17,"8","16","3","2","2","2","1","1","0","256","1","2",17,0.029429219961795122,0.9720464135021097,0.0015822784810126582,0.9716775531671105,0.02989313519578807,0.9700653698979592,0.00510204081632653,0.9695955873246017,0.03199121789557153,0.9678492052801724,0.0,0.9673418208672909
"261c70669fd943cda296be7b84f6d392",A_nc2-resnet1-nc2-2encode-flat1-skip0,19,"8","16","3","2","2","2","1","2","0","128","0","2",19,0.1194858397141036,0.8556469623549579,0.0,0.8357577793744265,0.126345017734839,0.8450753348214286,0.0,0.8183524199420713,0.12525899078825425,0.8462671740301724,0.0,0.8226259415791531
"261c70669fd943cda296be7b84f6d392",A_nc2-resnet1-nc2-2encode-flat1-skip0,19,"8","16","3","2","2","2","1","2","0","128","0","2",19,0.1194858397141036,0.8556469623549579,0.0,0.8357577793744265,0.126345017734839,0.8450753348214286,0.0,0.8183524199420713,0.13051068898418855,0.8343211206896551,0.0,0.800538712788811
"261c70669fd943cda296be7b84f6d392",A_nc2-resnet1-nc2-2encode-flat1-skip0,19,"8","16","3","2","2","2","1","2","0","128","0","2",19,0.1194858397141036,0.8556469623549579,0.0,0.8357577793744265,0.126345017734839,0.8450753348214286,0.0,0.8183524199420713,0.13189585494070216,0.8291857489224138,0.0,0.7945760254673112
ab21059d45644341b83c7e11bb493907,A_nc2-resnet1-nc2-2encode-flat1-skip1,19,"8","16","3","2","2","2","1","2","0","128","1","2",19,0.05082444125149824,0.9510173556170886,0.0,0.9490672471691521,0.057072969343589276,0.939453125,0.0,0.9364591121823153,0.008127273566185915,0.9926252693965517,0.03017241379310345,0.9925689303758615
ab21059d45644341b83c7e11bb493907,A_nc2-resnet1-nc2-2encode-flat1-skip1,19,"8","16","3","2","2","2","1","2","0","128","1","2",19,0.05082444125149824,0.9510173556170886,0.0,0.9490672471691521,0.057072969343589276,0.939453125,0.0,0.9364591121823153,0.05298156541740072,0.9424669989224138,0.0,0.9399921633237386
ab21059d45644341b83c7e11bb493907,A_nc2-resnet1-nc2-2encode-flat1-skip1,19,"8","16","3","2","2","2","1","2","0","128","1","2",19,0.05082444125149824,0.9510173556170886,0.0,0.9490672471691521,0.057072969343589276,0.939453125,0.0,0.9364591121823153,0.060264826142068566,0.9370874865301724,0.0,0.9339017502155457
"110ba3786c0e455280b1c3865693ec26",A_nc2-resnet1-nc3-2encode-flat1-skip0,19,"8","16","3","2","2","2","1","3","0","64","0","2",19,0.1174343396685546,0.8434739253691983,0.0,0.8126530904397806,0.12948406730987588,0.8253647161989796,0.0,0.774149810577577,0.12728511709077606,0.8323511584051724,0.0,0.7940907995936601
"110ba3786c0e455280b1c3865693ec26",A_nc2-resnet1-nc3-2encode-flat1-skip0,19,"8","16","3","2","2","2","1","3","0","64","0","2",19,0.1174343396685546,0.8434739253691983,0.0,0.8126530904397806,0.12948406730987588,0.8253647161989796,0.0,0.774149810577577,0.12884922441223573,0.8251868938577587,0.0,0.781049839608387
"110ba3786c0e455280b1c3865693ec26",A_nc2-resnet1-nc3-2encode-flat1-skip0,19,"8","16","3","2","2","2","1","3","0","64","0","2",19,0.1174343396685546,0.8434739253691983,0.0,0.8126530904397806,0.12948406730987588,0.8253647161989796,0.0,0.774149810577577,0.12910679881942683,0.8311051993534483,0.0,0.7905898397945363
ee472316b642450fa22c4063a9386c79,A_nc2-resnet1-nc3-2encode-flat1-skip1,19,"8","16","3","2","2","2","1","3","0","64","1","2",19,0.03989904309831214,0.9541623401239452,0.0,0.9532839135052009,0.04138591383792916,0.9505440848214286,0.0,0.9495189561146493,0.0003484995126953,0.9999158135775862,0.9698275862068966,0.9999158786246459
ee472316b642450fa22c4063a9386c79,A_nc2-resnet1-nc3-2encode-flat1-skip1,19,"8","16","3","2","2","2","1","3","0","64","1","2",19,0.03989904309831214,0.9541623401239452,0.0,0.9532839135052009,0.04138591383792916,0.9505440848214286,0.0,0.9495189561146493,0.045524656515696954,0.9444958917025862,0.0,0.9432431597075371
ee472316b642450fa22c4063a9386c79,A_nc2-resnet1-nc3-2encode-flat1-skip1,19,"8","16","3","2","2","2","1","3","0","64","1","2",19,0.03989904309831214,0.9541623401239452,0.0,0.9532839135052009,0.04138591383792916,0.9505440848214286,0.0,0.9495189561146493,0.0456249137441146,0.9429721174568966,0.0,0.9417233909890438
bc8a8f9bc7ce49c0a17797d764ce2472,A_nc2-resnet2-nc1-2encode-flat1-skip0,19,"8","16","3","2","2","2","2","1","0","256","0","2",19,0.082378546058943,0.9022036524261603,0.0,0.8941608430539706,0.0819168793303626,0.9007393973214286,0.0,0.8914469393094705,0.08729371762481229,0.8924181707974138,0.0,0.8822028216625614
bc8a8f9bc7ce49c0a17797d764ce2472,A_nc2-resnet2-nc1-2encode-flat1-skip0,19,"8","16","3","2","2","2","2","1","0","256","0","2",19,0.082378546058943,0.9022036524261603,0.0,0.8941608430539706,0.0819168793303626,0.9007393973214286,0.0,0.8914469393094705,0.1286336457164123,0.8339254445043104,0.0,0.8029757483859269
bc8a8f9bc7ce49c0a17797d764ce2472,A_nc2-resnet2-nc1-2encode-flat1-skip0,19,"8","16","3","2","2","2","2","1","0","256","0","2",19,0.082378546058943,0.9022036524261603,0.0,0.8941608430539706,0.0819168793303626,0.9007393973214286,0.0,0.8914469393094705,0.13115706821453982,0.8285122575431034,0.0,0.7930481673577312
dc55d29dadda4f6e971a04792d7465ba,A_nc2-resnet2-nc1-2encode-flat1-skip1,19,"8","16","3","2","2","2","2","1","0","256","1","2",19,0.03155827725439761,0.9644656925764767,0.0,0.9639307553169624,0.03196293115615845,0.9614855707908163,0.0,0.960845702663794,0.0005634357873752,0.9999831627155172,0.9913793103448276,0.9999831549753807
dc55d29dadda4f6e971a04792d7465ba,A_nc2-resnet2-nc1-2encode-flat1-skip1,19,"8","16","3","2","2","2","2","1","0","256","1","2",19,0.03155827725439761,0.9644656925764767,0.0,0.9639307553169624,0.03196293115615845,0.9614855707908163,0.0,0.960845702663794,0.026094104934098392,0.9754175646551724,0.004310344827586207,0.9750268610281916
dc55d29dadda4f6e971a04792d7465ba,A_nc2-resnet2-nc1-2encode-flat1-skip1,19,"8","16","3","2","2","2","2","1","0","256","1","2",19,0.03155827725439761,0.9644656925764767,0.0,0.9639307553169624,0.03196293115615845,0.9614855707908163,0.0,0.960845702663794,0.03378196365745931,0.9604155441810345,0.0,0.9598515079861666
"3fe94fefa33a4481b3e219e9d1e32227",A_nc2-resnet2-nc2-2encode-flat1-skip0,19,"8","16","3","2","2","2","2","2","0","128","0","2",19,0.11113870703469853,0.8502593865374473,0.0,0.8308541295147671,0.122324424586734,0.8320212850765306,0.0,0.8014987377522721,0.12400502261930499,0.8313493399784483,0.0,0.8037413918466342
"3fe94fefa33a4481b3e219e9d1e32227",A_nc2-resnet2-nc2-2encode-flat1-skip0,19,"8","16","3","2","2","2","2","2","0","128","0","2",19,0.11113870703469853,0.8502593865374473,0.0,0.8308541295147671,0.122324424586734,0.8320212850765306,0.0,0.8014987377522721,0.12791955098509789,0.8306169181034483,0.0,0.8004587558404149
"3fe94fefa33a4481b3e219e9d1e32227",A_nc2-resnet2-nc2-2encode-flat1-skip0,19,"8","16","3","2","2","2","2","2","0","128","0","2",19,0.11113870703469853,0.8502593865374473,0.0,0.8308541295147671,0.122324424586734,0.8320212850765306,0.0,0.8014987377522721,0.12982816660198673,0.8258772225215517,0.0,0.7984272550832993
"00491f4bbfe24f6e96e6bc1d23977bd3",A_nc2-resnet2-nc2-2encode-flat1-skip1,19,"8","16","3","2","2","2","2","2","0","128","1","2",19,0.03275568014647387,0.965354694092827,0.0,0.964876565493359,0.03580404194642087,0.9588847257653061,0.0,0.958212790864593,0.012170693283129868,0.9885506465517241,0.01293103448275862,0.9884300209522019
"00491f4bbfe24f6e96e6bc1d23977bd3",A_nc2-resnet2-nc2-2encode-flat1-skip1,19,"8","16","3","2","2","2","2","2","0","128","1","2",19,0.03275568014647387,0.965354694092827,0.0,0.964876565493359,0.03580404194642087,0.9588847257653061,0.0,0.958212790864593,0.03187399999848727,0.9639429552801724,0.0,0.9632025788626115
"00491f4bbfe24f6e96e6bc1d23977bd3",A_nc2-resnet2-nc2-2encode-flat1-skip1,19,"8","16","3","2","2","2","2","2","0","128","1","2",19,0.03275568014647387,0.965354694092827,0.0,0.964876565493359,0.03580404194642087,0.9588847257653061,0.0,0.958212790864593,0.03742033397329265,0.956475619612069,0.0,0.9558995870316016
"21a004d49469436381a73a2aa3063d7d",A_nc2-resnet2-nc3-2encode-flat1-skip0,18,"8","16","3","2","2","2","2","3","0","64","0","2",18,0.12034143086224165,0.8369336349551688,0.0,0.8059051342885045,0.12874444163575463,0.8252551020408163,0.0,0.7782321311565268,0.12923101682601304,0.8243197737068966,0.0,0.7836758151109641
"21a004d49469436381a73a2aa3063d7d",A_nc2-resnet2-nc3-2encode-flat1-skip0,18,"8","16","3","2","2","2","2","3","0","64","0","2",18,0.12034143086224165,0.8369336349551688,0.0,0.8059051342885045,0.12874444163575463,0.8252551020408163,0.0,0.7782321311565268,0.13084194500898494,0.825750942887931,0.0,0.786363555393232
"21a004d49469436381a73a2aa3063d7d",A_nc2-resnet2-nc3-2encode-flat1-skip0,18,"8","16","3","2","2","2","2","3","0","64","0","2",18,0.12034143086224165,0.8369336349551688,0.0,0.8059051342885045,0.12874444163575463,0.8252551020408163,0.0,0.7782321311565268,0.13171597274726835,0.8305916621767241,0.0,0.7975879979440785
a483be93e2f14d569353c26fe514854f,A_nc2-resnet2-nc3-2encode-flat1-skip1,19,"8","16","3","2","2","2","2","3","0","64","1","2",19,0.04407977313196232,0.9530590717299579,0.0,0.9517956865405677,0.047669763847881436,0.9445750956632653,0.0,0.942817483948778,0.000367768180099,0.9999831627155172,0.9913793103448276,0.9999831439736501
a483be93e2f14d569353c26fe514854f,A_nc2-resnet2-nc3-2encode-flat1-skip1,19,"8","16","3","2","2","2","2","3","0","64","1","2",19,0.04407977313196232,0.9530590717299579,0.0,0.9517956865405677,0.047669763847881436,0.9445750956632653,0.0,0.942817483948778,0.03861876779460702,0.9522494612068966,0.0,0.951313880141856
a483be93e2f14d569353c26fe514854f,A_nc2-resnet2-nc3-2encode-flat1-skip1,19,"8","16","3","2","2","2","2","3","0","64","1","2",19,0.04407977313196232,0.9530590717299579,0.0,0.9517956865405677,0.047669763847881436,0.9445750956632653,0.0,0.942817483948778,0.05040755700962297,0.9419871363146551,0.0,0.940258208999982
