"run_uuid","name","best_epoch","arc_filters","arc_rank","arc_kernel","arc_stride_1","arc_stride_2","arc_num_conv1","arc_num_conv2","arc_latent_dim","arc_skip_conn","hyp_lr","hyp_output_th","hyp_scheduler","best_epoch","train_loss","train_Accuracy","train_Accuracy_seq","train_F1","valid_loss","valid_Accuracy","valid_Accuracy_seq","valid_F1","test_loss","test_Accuracy","test_Accuracy_seq","test_F1"
"75f0a23c1c3f477e87cf4131fc45a520",UNet_v4_conv-no-skips-num_convs-2-2-f4-r16-ld16,15,"4","16","3","2","2","2","2","16",0,"0.001","0.5",none,15,0.1392065067991677,0.8156491050237342,0.0,0.7597189240128219,0.1382991250376312,0.8185287786989796,0.0,0.7533943028281725,0.14249714810786576,0.810723666487069,0.0,0.7493254664464076
"39d0e44e73b74208979d03102dec4bb9",UNet_v4_conv-no-skips-num_convs-2-2-f4-r16-ld32,19,"4","16","3","2","2","2","2","32",0,"0.001","0.5",none,19,0.13711105662747777,0.8184325141745781,0.0,0.7687785480581868,0.13744537289045294,0.8207708864795918,0.0,0.7610400876877786,0.1398716589500164,0.8171134159482759,0.0,0.7640408466150512
"170fac550b6d4f6a97c8156aca2977f4",UNet_v4_conv-no-skips-num_convs-2-2-f4-r16-ld64,18,"4","16","3","2","2","2","2","64",0,"0.001","0.5",none,18,0.1332175488964918,0.8253755851133966,0.0,0.7814339061711605,0.13657991177573495,0.8213388871173469,0.0,0.7652444060145469,0.14254330869378715,0.8154381061422413,0.0,0.765169999913092
"44420e676356423ca02b75998011199e",UNet_v4_conv-no-skips-num_convs-2-2-f4-r16-ld8,12,"4","16","3","2","2","2","2","8",0,"0.001","0.5",none,12,0.13897861945855466,0.815985957278481,0.0,0.762445028806703,0.137681173122659,0.8189572704081632,0.0,0.7558879585282141,0.1407149145058517,0.8162210398706896,0.0,0.7608574247786788
"31f0c81c21934853bdc9def8828d23c9",UNet_v4_conv-no-skips-num_convs-2-2-f4-r8-ld16,19,"4","8","3","2","2","2","2","16",0,"0.001","0.5",none,19,0.14465863279652494,0.817604290282173,0.0,0.764640325554409,0.14637051020957986,0.8189572704081632,0.0,0.7541928512587925,0.14751217488584847,0.8159095501077587,0.0,0.7587590918230775
"9ed3a0fd65e9468aa0ce700ac85604ee",UNet_v4_conv-no-skips-num_convs-2-2-f4-r8-ld32,19,"4","8","3","2","2","2","2","32",0,"0.001","0.5",none,19,0.1375523192124276,0.814833242681962,0.0,0.76208334508823,0.13638482562133245,0.8174027423469388,0.0,0.7524675441020466,0.14169808297321715,0.8099491514008621,0.0,0.7495698186171267
"20bbeb7eb1574663badefd9e6cf4ca02",UNet_v4_conv-no-skips-num_convs-2-2-f4-r8-ld64,19,"4","8","3","2","2","2","2","64",0,"0.001","0.5",none,19,0.14167061569129868,0.8184737193433544,0.0,0.7715713908278143,0.14323208815589242,0.8204619738520408,0.0,0.7640826266805888,0.14611964223199878,0.8144110317887931,0.0,0.7632287418304119
"3fc5b3692dfb4040b164c83f11d55359",UNet_v4_conv-no-skips-num_convs-2-2-f4-r8-ld8,15,"4","8","3","2","2","2","2","8",0,"0.001","0.5",none,15,0.1417297392706328,0.8127801951476793,0.0,0.7536788917849391,0.13796078170440634,0.8180504623724489,0.0,0.7499868385774267,0.1402457550424954,0.8133671201508621,0.0,0.7544540665762576
"9db1bab16be04d489812feb9c1d30449",UNet_v4_conv-no-skips-num_convs-2-2-f8-r16-ld16,19,"8","16","3","2","2","2","2","16",0,"0.001","0.5",none,19,0.11937905128117855,0.8422470414688819,0.0,0.8117357291478446,0.13078714800732477,0.8286830357142857,0.0,0.7838752395826163,0.1312369760768167,0.8296066810344828,0.0,0.7938310058225706
ad3dd8fb873a41c18bb0b19b4832127c,UNet_v4_conv-no-skips-num_convs-2-2-f8-r16-ld32,19,"8","16","3","2","2","2","2","32",0,"0.001","0.5",none,19,0.1140371419112139,0.8519467381988397,0.0,0.8311371897698848,0.1308478644611884,0.826042330994898,0.0,0.7911905792361178,0.1292381838991724,0.8257677801724138,0.0,0.7969523334080235
"8053587fa6a24daab820fe2199b9d869",UNet_v4_conv-no-skips-num_convs-2-2-f8-r16-ld64,19,"8","16","3","2","2","2","2","64",0,"0.001","0.5",none,19,0.11383774453766235,0.8501975787842827,0.0,0.8288799147966398,0.1279919357324133,0.8272281568877551,0.0,0.7984188549657948,0.12982816660198673,0.8258772225215517,0.0,0.7984272550832993
"897355cb6b644b9d87b464a312da4070",UNet_v4_conv-no-skips-num_convs-2-2-f8-r16-ld8,18,"8","16","3","2","2","2","2","8",0,"0.001","0.5",none,18,0.12671065440535043,0.8324134279404009,0.0,0.7957177915361329,0.13406336231499302,0.8217972735969388,0.0,0.7708248711411447,0.13260362836821327,0.8239493534482759,0.0,0.7846113193364848
aad49ee3b4dd4a22b106e1e4a14c0c18,UNet_v4_conv-no-skips-num_convs-2-2-f8-r8-ld16,18,"8","8","3","2","2","2","2","16",0,"0.001","0.5",none,18,0.12628636479314873,0.8322207937763713,0.0,0.794944790974421,0.13381599862964785,0.8203523596938775,0.0,0.7649706294896953,0.13247085067218747,0.8241093076508621,0.0,0.7833574949910933
a8ab8daa5c194dc6b088c7fca88c3edc,UNet_v4_conv-no-skips-num_convs-2-2-f8-r8-ld32,17,"8","8","3","2","2","2","2","32",0,"0.001","0.5",none,17,0.12375322234215616,0.8358489088871308,0.0,0.8026626898992136,0.1339243402590557,0.8227439413265306,0.0,0.7732781490801951,0.13035780422646423,0.8264581088362069,0.0,0.7888831181840212
bfd360c864ab4fb19c6cefd18554a931,UNet_v4_conv-no-skips-num_convs-2-2-f8-r8-ld64,17,"8","8","3","2","2","2","2","64",0,"0.001","0.5",none,17,0.1239812211428262,0.8355790150316456,0.0,0.8028187413515407,0.13075709890346138,0.8264708227040817,0.0,0.7813088135351098,0.12742363340381918,0.833319302262931,0.0,0.8024016324668364
"6a4691eaf69243c68bcecc7753e929d1",UNet_v4_conv-no-skips-num_convs-2-2-f8-r8-ld8,15,"8","8","3","2","2","2","2","8",0,"0.001","0.5",none,15,0.13075299113045766,0.827853045886076,0.0,0.7886691093397397,0.13684778751767412,0.8209801498724489,0.0,0.7656497291406978,0.13776177720263086,0.8184519800646551,0.0,0.7726694370176014
"641c62ad45c04b95a8d9d541fa8c963a",UNet_v4_conv-no-skips-num_convs-2-3-f4-r16-ld16,16,"4","16","3","2","2","2","3","16",0,"0.001","0.5",none,16,0.14851225349847777,0.8151484622231012,0.0,0.758454089761006,0.14612260080721914,0.8194754464285714,0.0,0.757591465784039,0.14926037924556895,0.813653353987069,0.0,0.7574445350219506
f028579d024a430cbbe8630e5a589802,UNet_v4_conv-no-skips-num_convs-2-3-f4-r16-ld32,19,"4","16","3","2","2","2","3","32",0,"0.001","0.5",none,19,0.1370736313079983,0.8201095645437764,0.0,0.7674849108371689,0.1365341427070754,0.8195651307397959,0.0,0.7548785016985492,0.1414351712526946,0.8150929418103449,0.0,0.7573138520521356
ff14320fae0a4ec3877c3c26e1fee4cc,UNet_v4_conv-no-skips-num_convs-2-3-f4-r16-ld64,17,"4","16","3","2","2","2","3","64",0,"0.001","0.5",none,17,0.13808023707964753,0.8182718140163502,0.0,0.7631288989054421,0.13769808198724473,0.8194355867346939,0.0,0.7514157402044096,0.143138504876145,0.8120033001077587,0.0,0.7507988880780845
bb18e3f3c9a94318bb68bd8fbb580b53,UNet_v4_conv-no-skips-num_convs-2-3-f4-r16-ld8,13,"4","16","3","2","2","2","3","8",0,"0.001","0.5",none,13,0.14641569221573036,0.8128069785073839,0.0,0.7622725717526607,0.1440649367108637,0.8165856186224489,0.0,0.7535915541327861,0.14921843350447458,0.8072804418103449,0.0,0.7440787821878307
"7c9d95c0f4e5478fac4d0c38499bf021",UNet_v4_conv-no-skips-num_convs-2-3-f4-r8-ld16,17,"4","8","3","2","2","2","3","16",0,"0.001","0.5",none,17,0.14507172896452092,0.8074430956619199,0.0,0.7379438588585563,0.13908800452339407,0.8164361447704082,0.0,0.742842445277713,0.14451547390941916,0.8103195716594828,0.0,0.739210550787174
"947b07b4498e49b3b524bc561530c10b",UNet_v4_conv-no-skips-num_convs-2-3-f4-r8-ld32,19,"4","8","3","2","2","2","3","32",0,"0.001","0.5",none,19,0.14331492379244873,0.8118602897547469,0.0,0.7471675485233883,0.14000908863179537,0.8166354432397959,0.0,0.7438410310853228,0.1466699056327343,0.8079455145474138,0.0,0.7351718381234761
"7d2c51a7261140ca8adcfb99bc27448d",UNet_v4_conv-no-skips-num_convs-2-3-f4-r8-ld64,17,"4","8","3","2","2","2","3","64",0,"0.001","0.5",none,17,0.1418280083104528,0.8116604446861815,0.0,0.750871053166069,0.13836144017321722,0.8170738998724489,0.0,0.747761420973623,0.14274750649929047,0.811211947737069,0.0,0.7451915528026166
"5e0d6e7e79694b7cb90f014ced142fa9",UNet_v4_conv-no-skips-num_convs-2-3-f4-r8-ld8,19,"4","8","3","2","2","2","3","8",0,"0.001","0.5",none,19,0.14438086386597107,0.8069218502768988,0.0,0.7385352405816032,0.13977813401392528,0.8157585299744898,0.0,0.7421796069725608,0.14351852662090597,0.8105637122844828,0.0,0.7425663730451301
"4f823e914ef645e29b3aac86043979d2",UNet_v4_conv-no-skips-num_convs-2-3-f8-r16-ld16,18,"8","16","3","2","2","2","3","16",0,"0.001","0.5",none,18,0.12048958106760234,0.8445813142800633,0.0,0.8172106927093353,0.1303713370342644,0.8293905452806123,0.0,0.7879298937639849,0.1292029101530026,0.8300191945043104,0.0,0.794454633027737
"106a2fb6a725417a82e0db878180b12d",UNet_v4_conv-no-skips-num_convs-2-3-f8-r16-ld32,19,"8","16","3","2","2","2","3","32",0,"0.001","0.5",none,19,0.12124525106468784,0.8449037447257384,0.0,0.8167204868173812,0.13236329613291486,0.8297393176020408,0.0,0.7889285215697537,0.13038581057355322,0.832208041487069,0.0,0.7984962145625297
"4404b6aed56c4b8384304a27823e34a7",UNet_v4_conv-no-skips-num_convs-2-3-f8-r16-ld64,18,"8","16","3","2","2","2","3","64",0,"0.001","0.5",none,18,0.12089731770602963,0.8450768064345991,0.0,0.8183274104462525,0.13231954830033438,0.8282445790816326,0.0,0.7872451211689495,0.13171597274726835,0.8305916621767241,0.0,0.7975879979440785
bb03c3977112448eb944d3548b137120,UNet_v4_conv-no-skips-num_convs-2-3-f8-r16-ld8,19,"8","16","3","2","2","2","3","8",0,"0.001","0.5",none,19,0.12506260007682732,0.8372292820411392,0.0,0.8044731418740002,0.13521677149193628,0.8239397321428571,0.0,0.7739480348499469,0.13222225434307394,0.8288826778017241,0.0,0.7899855091615066
"387af04cbf994b3988d73936905df550",UNet_v4_conv-no-skips-num_convs-2-3-f8-r8-ld16,16,"8","8","3","2","2","2","3","16",0,"0.001","0.5",none,16,0.1303135167634437,0.829924635746308,0.0,0.7873033276590288,0.13512133411606964,0.8236706792091837,0.0,0.7661737446063053,0.13410892684398026,0.8236041891163793,0.0,0.7776550838145886
b9101062673b4df3b14f163f15aaefd9,UNet_v4_conv-no-skips-num_convs-2-3-f8-r8-ld32,19,"8","8","3","2","2","2","3","32",0,"0.001","0.5",none,19,0.1282987632486136,0.8328378411787974,0.0,0.792761777342732,0.13489176804313854,0.8223453443877551,0.0,0.7643799978483135,0.13424841109020957,0.8247575431034483,0.0,0.779400408516469
"3e8ccad908e04019849e5ab03d7b4c11",UNet_v4_conv-no-skips-num_convs-2-3-f8-r8-ld64,18,"8","8","3","2","2","2","3","64",0,"0.001","0.5",none,18,0.13046034109554713,0.8332735858386076,0.0,0.79297865095567,0.13658375201784834,0.8238002232142857,0.0,0.7671668585988096,0.13532466441392899,0.8280071390086207,0.0,0.7869315048438719
"07daf04eb73b4876894c4587bdf61495",UNet_v4_conv-no-skips-num_convs-2-3-f8-r8-ld8,18,"8","8","3","2","2","2","3","8",0,"0.001","0.5",none,18,0.13591611531527736,0.8252334272811181,0.0,0.7783705828183637,0.13896751403808594,0.8211495535714286,0.0,0.7597112621090746,0.13923483611694698,0.8202030576508621,0.0,0.77267428005437
"52e3fd15b89c4b4db147c74d33b1b762",UNet_v4_conv-no-skips-num_convs-3-2-f4-r16-ld16,19,"4","16","3","2","2","3","2","16",0,"0.001","0.5",none,19,0.1409227716017373,0.8069568746703587,0.0,0.7438848733273066,0.1369555925532263,0.8143833705357143,0.0,0.7397869148048869,0.1417974915740819,0.8091072871767241,0.0,0.739945799625211
"7bd65bb4695b4d05a5983c843c932b74",UNet_v4_conv-no-skips-num_convs-3-2-f4-r16-ld32,19,"4","16","3","2","2","3","2","32",0,"0.001","0.5",none,19,0.14333285490357422,0.8101956009361815,0.0,0.7502946648560153,0.14169922349404315,0.8144730548469388,0.0,0.7478340216313454,0.14701937768479872,0.8057735048491379,0.0,0.743077659277521
"00409eb42d1442acb48bd70bea104448",UNet_v4_conv-no-skips-num_convs-3-2-f4-r16-ld64,19,"4","16","3","2","2","3","2","64",0,"0.001","0.5",none,19,0.14317299474329384,0.8075079938027426,0.0,0.7471631701795151,0.13913093598521487,0.8147122130102041,0.0,0.7459195621065348,0.14603029551177188,0.8055293642241379,0.0,0.7383703705019341
"0637b38aea2a4c299bb2000bf94fb0ed",UNet_v4_conv-no-skips-num_convs-3-2-f4-r16-ld8,18,"4","16","3","2","2","3","2","8",0,"0.001","0.5",none,18,0.14514251917852128,0.8046359935390295,0.0,0.7325170992055875,0.13950005325735831,0.8140844228316326,0.0,0.7393803545969277,0.1446641219844078,0.8064301589439655,0.0,0.7347034256411111
"8eb526923aa74e6f98383338d35ed2ef",UNet_v4_conv-no-skips-num_convs-3-2-f4-r8-ld16,19,"4","8","3","2","2","3","2","16",0,"0.001","0.5",none,19,0.14403791159768647,0.8064747741956751,0.0,0.74152428017414,0.13879644414600062,0.8155691964285714,0.0,0.7463614498343317,0.1444201279303123,0.8079202586206896,0.0,0.7421819596527873
"6097a20461544b429a98350fed2d03de",UNet_v4_conv-no-skips-num_convs-3-2-f4-r8-ld32,17,"4","8","3","2","2","3","2","32",0,"0.001","0.5",none,17,0.1445762962574446,0.8034070493802743,0.0,0.7339313268060748,0.13874837862593786,0.8133868781887755,0.0,0.7389481648627887,0.1453570439640818,0.8050242456896551,0.0,0.732804057217528
"87e4cd688e5a47dcaaf279bfb950e718",UNet_v4_conv-no-skips-num_convs-3-2-f4-r8-ld64,19,"4","8","3","2","2","3","2","64",0,"0.001","0.5",none,19,0.14422107568081421,0.8076841458992616,0.0,0.7383286320716309,0.14083151853814416,0.8149314413265306,0.0,0.7405656422216036,0.1453544862311462,0.808905239762931,0.0,0.7430700187751712
f002ddfa63c04c479e4536f9c53ec483,UNet_v4_conv-no-skips-num_convs-3-2-f4-r8-ld8,19,"4","8","3","2","2","3","2","8",0,"0.001","0.5",none,19,0.14749187650748447,0.8044186362737342,0.0,0.7316067630261163,0.1425537570398681,0.8135662468112245,0.0,0.7353825810474655,0.14832111910499376,0.8035425646551724,0.0,0.7252566318446064
fe140c4a20d9498f8a94e77c7ad36d62,UNet_v4_conv-no-skips-num_convs-3-2-f8-r16-ld16,18,"8","16","3","2","2","3","2","16",0,"0.001","0.5",none,18,0.1288085219917921,0.8330510779272152,0.0,0.7969213908594203,0.1353087971101002,0.8239496970663265,0.0,0.7714011970188939,0.13509248903599277,0.82568359375,0.0,0.7832446391750325
"0a8e67c1192243ca9fe48e62a5a1b33e",UNet_v4_conv-no-skips-num_convs-3-2-f8-r16-ld32,17,"8","16","3","2","2","3","2","32",0,"0.001","0.5",none,17,0.12466849691631422,0.8356016778744726,0.0,0.8016248092678366,0.13116101707730973,0.8248664700255102,0.0,0.773537024905725,0.13195199557933315,0.8262560614224138,0.0,0.7814662495428624
"669ed7b054484df6a7129b686fb6db4c",UNet_v4_conv-no-skips-num_convs-3-2-f8-r16-ld64,18,"8","16","3","2","2","3","2","64",0,"0.001","0.5",none,18,0.12579762283319662,0.8343850952663502,0.0,0.7962613287377069,0.13247250856793658,0.8240294164540817,0.0,0.765780652617901,0.13443952130860296,0.8206408270474138,0.0,0.7688729854853086
"522739a8714d4125b13eea4fe6bcf3b6",UNet_v4_conv-no-skips-num_convs-3-2-f8-r16-ld8,17,"8","16","3","2","2","3","2","8",0,"0.001","0.5",none,17,0.1293608076430323,0.8308733847573839,0.0,0.7926475907135063,0.13625835642522696,0.8207808514030612,0.0,0.7652466682958126,0.13316676007776423,0.8246901939655172,0.0,0.7813396848800619
a32cfada2f9f4c588cbad9d657f66fde,UNet_v4_conv-no-skips-num_convs-3-2-f8-r8-ld16,13,"8","8","3","2","2","3","2","16",0,"0.001","0.5",none,13,0.1314514233939004,0.8272133356408228,0.0,0.7883536344474694,0.13444469717084145,0.8220463966836735,0.0,0.7739434076239771,0.13218495095598287,0.8237052128232759,0.0,0.7833153672354274
"5302b7e5f7864afda3d515ec322aa337",UNet_v4_conv-no-skips-num_convs-3-2-f8-r8-ld32,18,"8","8","3","2","2","3","2","32",0,"0.001","0.5",none,18,0.13196539127499746,0.8291448279272152,0.0,0.7850483470321801,0.13720507646093563,0.8225047831632653,0.0,0.7603153145590008,0.13536720864217858,0.8235284213362069,0.0,0.772087478876463
"488af73e84344d749e725ae38fb322a1",UNet_v4_conv-no-skips-num_convs-3-2-f8-r8-ld64,19,"8","8","3","2","2","3","2","64",0,"0.001","0.5",none,19,0.1281241200832878,0.8291355567642406,0.0,0.7863641812000848,0.13123768355165208,0.8252351721938775,0.0,0.7676396007132199,0.13127886670930633,0.8255573141163793,0.0,0.7774746366403026
ad9e12cf58234cbfb927cc231ccb3b4f,UNet_v4_conv-no-skips-num_convs-3-2-f8-r8-ld8,19,"8","8","3","2","2","3","2","8",0,"0.001","0.5",none,19,0.12785777542347143,0.8316840964530591,0.0,0.7930675328994788,0.13457610488546137,0.8228734853316326,0.0,0.7664839245547933,0.1340102273328551,0.8227875808189655,0.0,0.7775967787159455
"440b843100cf40738f387b21fd1c8329",UNet_v4_conv-no-skips-num_convs-3-3-f4-r16-ld16,19,"4","16","3","2","2","3","3","16",0,"0.001","0.5",none,19,0.14741685199020785,0.8073163897679325,0.0,0.7462231693779746,0.14421663235644905,0.8135961415816326,0.0,0.7480587940685633,0.14627550234054698,0.8094356142241379,0.0,0.7494459443154609
"79c66763e9c84997af1c7d1e9f882c6a",UNet_v4_conv-no-skips-num_convs-3-3-f4-r16-ld32,19,"4","16","3","2","2","3","3","32",0,"0.001","0.5",none,19,0.1477587651225585,0.806522160139768,0.0,0.7474198136504535,0.1423498817852565,0.8160873724489796,0.0,0.747384070656452,0.1457022986021535,0.8078697467672413,0.0,0.7410192396624362
"8a41384a898443ebac35a40e56a2e538",UNet_v4_conv-no-skips-num_convs-3-3-f4-r16-ld64,17,"4","16","3","2","2","3","3","64",0,"0.001","0.5",none,17,0.14889340319588215,0.8046823493539029,0.0,0.7390354366909521,0.14265470997411378,0.8160873724489796,0.0,0.7451175461669529,0.14730441467515354,0.8088799838362069,0.0,0.7398193730693035
cbe993936627498080b5393b32f0dbe9,UNet_v4_conv-no-skips-num_convs-3-3-f4-r16-ld8,16,"4","16","3","2","2","3","3","8",0,"0.001","0.5",none,16,0.1504408874812257,0.802762188488924,0.0,0.7333648981078276,0.14428436832160366,0.8136360012755102,0.0,0.7401278069123588,0.14889990152983829,0.8045275457974138,0.0,0.7330054249112183
b6506bb34ae0464d840808a7f6e75400,UNet_v4_conv-no-skips-num_convs-3-3-f4-r8-ld16,19,"4","8","3","2","2","3","3","16",0,"0.001","0.5",none,19,0.1481365762839589,0.7994080877505274,0.0,0.7241862285087579,0.13877606133417209,0.8141342474489796,0.0,0.7385600459535429,0.14618960279842902,0.8019598599137931,0.0,0.7287845500588026
e624f417a2a84461b10c92e5bd02cbb0,UNet_v4_conv-no-skips-num_convs-3-3-f4-r8-ld32,17,"4","8","3","2","2","3","3","32",0,"0.001","0.5",none,17,0.15101161050582737,0.7978443515954642,0.0,0.7141180574083132,0.14259113477809088,0.8127690529336735,0.0,0.7316494753171408,0.14813087341086617,0.8040476831896551,0.0,0.7216947653123836
cb54d241e5554d1982eb6fce9af1d5f9,UNet_v4_conv-no-skips-num_convs-3-3-f4-r8-ld64,19,"4","8","3","2","2","3","3","64",0,"0.001","0.5",none,19,0.1468350124792962,0.8008512987869199,0.0,0.7285193533814931,0.13927371480635234,0.8135363520408163,0.0,0.7369497096127768,0.14557286249152546,0.805975552262931,0.0,0.7327651217197139
"0b7b0d6e20684967857df5416a8a2213",UNet_v4_conv-no-skips-num_convs-3-3-f4-r8-ld8,19,"4","8","3","2","2","3","3","8",0,"0.001","0.5",none,19,0.14651073504412224,0.802666386471519,0.0,0.7321106841522582,0.13947695858624518,0.8138153698979592,0.0,0.7399833155093459,0.14704139055363064,0.805487271012931,0.0,0.7359452113449748
"37573cd10e7147f6b95e5ac5213467c7",UNet_v4_conv-no-skips-num_convs-3-3-f8-r16-ld16,19,"8","16","3","2","2","3","3","16",0,"0.001","0.5",none,19,0.12910336735442218,0.8271917029272152,0.0,0.7824858815323991,0.13493711516565207,0.8207509566326531,0.0,0.7578290777077346,0.13822607310681506,0.8180983970905172,0.0,0.7682121080545083
"45d3fe34c62d43fb912f972706999c46",UNet_v4_conv-no-skips-num_convs-3-3-f8-r16-ld32,19,"8","16","3","2","2","3","3","32",0,"0.001","0.5",none,19,0.1288956059496614,0.828635944092827,0.0,0.7878235013045777,0.13457154984376868,0.8209602200255102,0.0,0.7576674812034299,0.13675106535183973,0.8187718884698276,0.0,0.7621832795285168
"95a4090bba294dd7a3a2219312f87e52",UNet_v4_conv-no-skips-num_convs-3-3-f8-r16-ld64,19,"8","16","3","2","2","3","3","64",0,"0.001","0.5",none,19,0.12486131256642724,0.8323042342431435,0.0,0.7972288908683824,0.131533111388586,0.8224150988520408,0.0,0.7760571951518861,0.12963838926677046,0.8254226158405172,0.0,0.7903440947391333
"76c2952f4f35441b96606f806a932ee5",UNet_v4_conv-no-skips-num_convs-3-3-f8-r16-ld8,19,"8","16","3","2","2","3","3","8",0,"0.001","0.5",none,19,0.12717060769912059,0.826768319818038,0.0,0.785411392637908,0.13213691237021466,0.8218570631377551,0.0,0.7635788940021986,0.13083528894288787,0.8254478717672413,0.0,0.7821601945578066
eff97ea98ab14c1c81536718407b495a,UNet_v4_conv-no-skips-num_convs-3-3-f8-r8-ld16,17,"8","8","3","2","2","3","3","16",0,"0.001","0.5",none,17,0.13294895447570562,0.8227096106935654,0.0,0.7752380930542685,0.13435765097335894,0.82080078125,0.0,0.753602808208532,0.13498520658447824,0.8181236530172413,0.0,0.758254794015057
"5adf634143da47ecb91c3fb1b3894132",UNet_v4_conv-no-skips-num_convs-3-3-f8-r8-ld32,17,"8","8","3","2","2","3","3","32",0,"0.001","0.5",none,17,0.13437575961655707,0.8234935390295358,0.0,0.7781841473002071,0.13665816659221844,0.8210100446428571,0.0,0.7636301128402136,0.13778850513285604,0.821465853987069,0.0,0.7755545537206966
eae9dece4b95484cbf77cc76e4542f83,UNet_v4_conv-no-skips-num_convs-3-3-f8-r8-ld64,18,"8","8","3","2","2","3","3","64",0,"0.001","0.5",none,18,0.1321302568893644,0.8265447817774262,0.0,0.782984560444285,0.13521160459031864,0.8225645727040817,0.0,0.7615171475475656,0.1337291232213892,0.8235452586206896,0.0,0.7751692942364583
f86043ea5de041fa8f8fbaaa22d47a89,UNet_v4_conv-no-skips-num_convs-3-3-f8-r8-ld8,18,"8","8","3","2","2","3","3","8",0,"0.001","0.5",none,18,0.13927315271416293,0.8238293611550633,0.0,0.7755956864879161,0.14103028375883492,0.8195252710459183,0.0,0.7530067257450856,0.14185300572165127,0.819647427262931,0.0,0.7627337557338693
"7810ffe73399487a9e32da9db5319f73",UNet_v4_conv-num_convs-2-2-f4-r16-ld16,17,"4","16","3","2","2","2","2","16",1,"0.001","0.5",none,17,0.04737683891747068,0.9429122989187764,0.0,0.9412071267806245,0.04063740136976145,0.9476841517857143,0.0,0.9464250988580295,0.04338375119299724,0.9456071524784483,0.0,0.9442996962186174
fcd739ceb4f94bed84833dc1d9a8778e,UNet_v4_conv-num_convs-2-2-f4-r16-ld32,19,"4","16","3","2","2","2","2","32",1,"0.001","0.5",none,19,0.013128273646869866,0.9896533821202531,0.030063291139240507,0.98955479352014,0.005564844977034598,0.9935327646683674,0.030612244897959183,0.9934933638969998,0.005408764327073406,0.9935597386853449,0.04310344827586207,0.9935241149856564
"472ee760c817445d85bfa63882cf08df",UNet_v4_conv-num_convs-2-2-f4-r16-ld64,19,"4","16","3","2","2","2","2","64",1,"0.001","0.5",none,19,0.015439731800802964,0.9863085525448312,0.0058016877637130804,0.9861452196164672,0.00844232450068301,0.9894870057397959,0.0,0.9893960937397394,0.008215106381424543,0.991034146012931,0.004310344827586207,0.9909705342459015
"51e18c18593b4d6c92c4719ef053a524",UNet_v4_conv-num_convs-2-2-f4-r16-ld8,19,"4","16","3","2","2","2","2","8",1,"0.001","0.5",none,19,0.012216795665184467,0.9906268542325949,0.03533755274261603,0.9905280256990705,0.007108299878939074,0.9935626594387755,0.015306122448979591,0.9935204083306034,0.006699673686947288,0.9940564385775862,0.04310344827586207,0.9940197649180667
"8c5d4d6c80d44335a433151556451c7c",UNet_v4_conv-num_convs-2-2-f4-r8-ld16,19,"4","8","3","2","2","2","2","16",1,"0.001","0.5",none,19,0.08193764881965732,0.8998261141877637,0.0,0.890223524920025,0.07399512834999027,0.9105648118622449,0.0,0.9011827242992998,0.07799704552724443,0.9043221309267241,0.0,0.8941445317873792
abea4401d0154f379775fdd482f3ae7d,UNet_v4_conv-num_convs-2-2-f4-r8-ld32,18,"4","8","3","2","2","2","2","32",1,"0.001","0.5",none,18,0.07565267066538083,0.9062458794831224,0.0,0.8965333078950031,0.06926130412184463,0.9123485331632653,0.0,0.9031544172062665,0.07384705305870237,0.9055765086206896,0.0,0.8956711049579289
"9dc486ab499241cfa4e6f9ffa510f216",UNet_v4_conv-num_convs-2-2-f4-r8-ld64,19,"4","8","3","2","2","2","2","64",1,"0.001","0.5",none,19,0.08610242366287779,0.8888748104562236,0.0,0.879499844819653,0.07804937310972992,0.8988859215561225,0.0,0.8891544470051809,0.08214282424285493,0.8934115705818966,0.0,0.8833766598522222
"490842e1ae4248b397b4347dfbde556e",UNet_v4_conv-num_convs-2-2-f4-r8-ld8,19,"4","8","3","2","2","2","2","8",1,"0.001","0.5",none,19,0.08857829218046574,0.884680124274789,0.0,0.8743047504109026,0.08175095277173179,0.8924784757653061,0.0,0.8811804456149741,0.08787701343154085,0.8834102235991379,0.0,0.8713609182054121
"6028afe8fbcd4d3fa2fdee1b9360948c",UNet_v4_conv-num_convs-2-2-f8-r16-ld16,19,"8","16","3","2","2","2","2","16",1,"0.001","0.5",none,19,0.007173124670330042,0.9950450784546413,0.09124472573839662,0.9950205623467242,0.005033468485486751,0.9951869419642857,0.05102040816326531,0.9951614234370331,0.005724320545439319,0.9945110452586207,0.0603448275862069,0.9944799285834696
e9c6970ec33e459ea6cb0ae6ba88b39b,UNet_v4_conv-num_convs-2-2-f8-r16-ld32,17,"8","16","3","2","2","2","2","32",1,"0.001","0.5",none,17,0.0023012766103704266,0.9996744791666666,0.8713080168776371,0.9996742366202298,0.0004762050532973,0.999870455994898,0.9438775510204082,0.9998703887313313,0.0004558735311328,0.9998821390086207,0.9396551724137931,0.9998820652275845
"8ec27d9226e04a79a2b1837a202d6fa2",UNet_v4_conv-num_convs-2-2-f8-r16-ld64,19,"8","16","3","2","2","2","2","64",1,"0.001","0.5",none,19,0.012942728766275547,0.9891187450553798,0.007383966244725738,0.9890130685359555,0.01126275801727054,0.9894770408163265,0.00510204081632653,0.989363667473943,0.012170693283129868,0.9885506465517241,0.01293103448275862,0.9884300209522019
"321e6472d4ff4b179d8008d03b0457b9",UNet_v4_conv-num_convs-2-2-f8-r16-ld8,19,"8","16","3","2","2","2","2","8",1,"0.001","0.5",none,19,0.004733768827920457,0.9980849897811181,0.399789029535865,0.998080889771557,0.0024880611590746486,0.9981465242346939,0.413265306122449,0.9981421677996815,0.003613439210939446,0.9970282192887931,0.25,0.9970185439683303
f8e2fd375ec94fcf8d2beabd122931f0,UNet_v4_conv-num_convs-2-2-f8-r8-ld16,17,"8","8","3","2","2","2","2","16",1,"0.001","0.5",none,17,0.008952680792470899,0.9926654799578059,0.030063291139240507,0.9926125545865052,0.007848744233119853,0.9924565529336735,0.02040816326530612,0.9923950241721016,0.008566562913293982,0.9917328933189655,0.0,0.9916636636343767
b2238817a9b84f4d8c6457118c8234f3,UNet_v4_conv-num_convs-2-2-f8-r8-ld32,19,"8","8","3","2","2","2","2","32",1,"0.001","0.5",none,19,0.002844994517710288,0.999619882318038,0.9140295358649789,0.9996204813186625,0.000586318931357,0.9998604910714286,0.9285714285714286,0.9998604332386747,0.0004894516474953,0.9999831627155172,0.9913793103448276,0.9999831548675144
"35a045c61d604dfdab5d0bf1eb94dd83",UNet_v4_conv-num_convs-2-2-f8-r8-ld64,17,"8","8","3","2","2","2","2","64",1,"0.001","0.5",none,17,0.0021311259436281593,0.9998856556566456,0.9493670886075949,0.9998856239797501,0.0003929339558342,0.9999402104591837,0.9744897959183674,0.9999402402431394,0.0003606659828902,0.9999915813577587,0.9956896551724138,0.9999915777333483
e08d9e0ac64240c3a3bac638ff03bfa9,UNet_v4_conv-num_convs-2-2-f8-r8-ld8,15,"8","8","3","2","2","2","2","8",1,"0.001","0.5",none,15,0.001939032758774731,0.9998959569488397,0.9488396624472574,0.9998959561953943,0.0004319414343181,0.9999701052295918,0.9897959183673469,0.9999701179503417,0.0003730902686145,1.0,1.0,1.0
"831bc541b3c1469faabdb40420386fb8",UNet_v4_conv-num_convs-2-3-f4-r16-ld16,18,"4","16","3","2","2","2","3","16",1,"0.001","0.5",none,18,0.0846063725901807,0.8937164177874473,0.0,0.8792280136484045,0.07814557979605635,0.9020647321428571,0.0,0.8882365830104844,0.08252489322732234,0.8971157731681034,0.0,0.8828660295506224
"5ca9452ac6864b769d1c904142bd99b6",UNet_v4_conv-num_convs-2-3-f4-r16-ld32,19,"4","16","3","2","2","2","3","32",1,"0.001","0.5",none,19,0.06878079397737477,0.9204863858122363,0.0,0.9145969073239147,0.06319816935123229,0.9260104432397959,0.0,0.9202574509492962,0.06779701320518708,0.9187095905172413,0.0,0.9124047979914114
"8cecd3118cc94f26831593384b9d0639",UNet_v4_conv-num_convs-2-3-f4-r16-ld64,19,"4","16","3","2","2","2","3","64",1,"0.001","0.5",none,19,0.046141943678196976,0.94334186280327,0.0,0.9412307469648037,0.040055321339441806,0.9492486447704082,0.0,0.9470723772034244,0.042982131242752075,0.9462385506465517,0.0,0.9438373500661852
ad82d639fb344c52a56dc37305293e48,UNet_v4_conv-num_convs-2-3-f4-r16-ld8,19,"4","16","3","2","2","2","3","8",1,"0.001","0.5",none,19,0.08463192303598178,0.891073106210443,0.0,0.8750018943330283,0.07815672312768138,0.8992147640306123,0.0,0.8838160307918868,0.08209615515480781,0.8936051993534483,0.0,0.8775853666712966
afca548133384babbd1d331c2144d473,UNet_v4_conv-num_convs-2-3-f4-r8-ld16,19,"4","8","3","2","2","2","3","16",1,"0.001","0.5",none,19,0.0825169192320561,0.8917591722705697,0.0,0.8764954484712549,0.07534287679864436,0.9002909757653061,0.0,0.8861207454646338,0.07934520111001771,0.8965348868534483,0.0,0.8824035714509042
bc60c276aa0c4c90afc5501ab61077c9,UNet_v4_conv-num_convs-2-3-f4-r8-ld32,18,"4","8","3","2","2","2","3","32",1,"0.001","0.5",none,18,0.08604933209874459,0.8899636570411392,0.0,0.8769094746340975,0.07759638594425454,0.8988659917091837,0.0,0.8863493763962419,0.08142047645202999,0.8941608297413793,0.0,0.8810128664961842
cd17fae63ece4c7db2a8264c76699f00,UNet_v4_conv-num_convs-2-3-f4-r8-ld64,19,"4","8","3","2","2","2","3","64",1,"0.001","0.5",none,19,0.0885685102126015,0.8863530541271097,0.0,0.8749418236688052,0.08055024487631661,0.8958466198979592,0.0,0.8849565016928438,0.08272358736601369,0.8927633351293104,0.0,0.8816475640023074
"372506eba6f7490fa9b46e6a46ef5d82",UNet_v4_conv-num_convs-2-3-f4-r8-ld8,18,"4","8","3","2","2","2","3","8",1,"0.001","0.5",none,18,0.09485148960716613,0.8816330020437764,0.0,0.8629183935747794,0.08610406502777217,0.8924685108418368,0.0,0.8745839317448335,0.08978248182041891,0.8883772225215517,0.0,0.8705944783872779
"852b82c149aa44e2844a98dfc1a5562d",UNet_v4_conv-num_convs-2-3-f8-r16-ld16,14,"8","16","3","2","2","2","3","16",1,"0.001","0.5",none,14,0.007525541524418516,0.9950296265163502,0.08702531645569621,0.9950048801862403,0.005701227194382524,0.9948381696428571,0.061224489795918366,0.9948091631330467,0.005855515691580187,0.9947467672413793,0.12931034482758622,0.9947188590580913
"00ca077fc6044fe59f5a2846b9581d84",UNet_v4_conv-num_convs-2-3-f8-r16-ld32,19,"8","16","3","2","2","2","3","32",1,"0.001","0.5",none,19,0.00201658558180037,0.9998289985495781,0.9414556962025317,0.9998289963895719,0.0003864448253251,0.9999501753826531,0.9897959183673469,0.9999502193668145,0.0003407237301621,1.0,1.0,1.0
"04cceb0f68934ee69d5d49ba073022d4",UNet_v4_conv-num_convs-2-3-f8-r16-ld64,16,"8","16","3","2","2","2","3","64",1,"0.001","0.5",none,16,0.001938869191563535,0.99973834717827,0.9235232067510548,0.9997381182600703,0.0006044559766971,0.9996811224489796,0.9132653061224489,0.9996807508907902,0.000367768180099,0.9999831627155172,0.9913793103448276,0.9999831439736501
"26592ce0181840fbb4c952c560df8d57",UNet_v4_conv-num_convs-2-3-f8-r16-ld8,19,"8","16","3","2","2","2","3","8",1,"0.001","0.5",none,19,0.00424546599442155,0.9975956784018988,0.3217299578059072,0.9975893350144991,0.002977407995934541,0.9973493303571429,0.22448979591836735,0.9973410337670635,0.0033181657631287417,0.9970198006465517,0.2801724137931034,0.9970102314509529
d42cc183a1f6407397a43e1772d8c0f5,UNet_v4_conv-num_convs-2-3-f8-r8-ld16,18,"8","8","3","2","2","2","3","16",1,"0.001","0.5",none,18,0.0015857238584062485,0.9997321664029536,0.9535864978902954,0.9997316841714776,0.0002413576573362,1.0,1.0,1.0,0.0002351788791892,1.0,1.0,1.0
"39f145fab9db46f1b63f0a1ba86e976b",UNet_v4_conv-num_convs-2-3-f8-r8-ld32,17,"8","8","3","2","2","2","3","32",1,"0.001","0.5",none,17,0.003082225324914158,0.9993592596255274,0.8813291139240507,0.999357497571915,0.0007172337939906,0.9998604910714286,0.9693877551020408,0.9998604359338065,0.0007444777649402,0.9998063712284483,0.9439655172413793,0.9998064255529259
"6bfbe2d329144565a347aec636e37f2a",UNet_v4_conv-num_convs-2-3-f8-r8-ld64,14,"8","8","3","2","2","2","3","64",1,"0.001","0.5",none,14,0.005873061913038105,0.9978841145833334,0.7278481012658228,0.9978798956627482,0.0016595126635737109,0.9992924904336735,0.9081632653061225,0.9992912158516789,0.002184180416375527,0.9988634832974138,0.8362068965517241,0.9988631513839014
ced2a9c676cd41c0aae92838bec6a29b,UNet_v4_conv-num_convs-2-3-f8-r8-ld8,14,"8","8","3","2","2","2","3","8",1,"0.001","0.5",none,14,0.005568556307288444,0.9972279222705697,0.3154008438818565,0.9972204867584755,0.0029590149737932546,0.9974988042091837,0.3520408163265306,0.9974916994514306,0.003294190806376844,0.9972891971982759,0.23275862068965517,0.9972819825364635
dd5fc3b3855545feba881f37d8334665,UNet_v4_conv-num_convs-3-2-f4-r16-ld16,19,"4","16","3","2","2","3","2","16",1,"0.001","0.5",none,19,0.10653708295165738,0.8532055561049579,0.0,0.8331268256266161,0.09579421595043065,0.8647660235969388,0.0,0.8467430472615318,0.1028043921908428,0.855780239762931,0.0,0.8369928305746764
"890f421755ea4375a8016e4173ff6f31",UNet_v4_conv-num_convs-3-2-f4-r16-ld32,19,"4","16","3","2","2","3","2","32",1,"0.001","0.5",none,19,0.0955952523189758,0.8773754779799579,0.0,0.8627190432423822,0.08556909889590983,0.8920798788265306,0.0,0.8789202987050682,0.09011266920073278,0.8858937230603449,0.0,0.8720633058028762
bdff05f17cee4f83b6b7627c9a8c865c,UNet_v4_conv-num_convs-3-2-f4-r16-ld64,17,"4","16","3","2","2","3","2","64",1,"0.001","0.5",none,17,0.10271021954809563,0.8606575108781646,0.0,0.8413920382769449,0.0934236178896865,0.8746213329081632,0.0,0.8566148328202925,0.09877967628939398,0.8674568965517241,0.0,0.8494312871459706
d7425bcbb2b34588990a8456cb031d30,UNet_v4_conv-num_convs-3-2-f4-r16-ld8,19,"4","16","3","2","2","3","2","8",1,"0.001","0.5",none,19,0.12519523223178297,0.8263336052874473,0.0,0.7791148881573878,0.1173803375995889,0.8381895727040817,0.0,0.7917422802452988,0.12554762756516194,0.8268958782327587,0.0,0.777353653092599
"05f1466ac30e4978bf6d5134906f7ee2",UNet_v4_conv-num_convs-3-2-f4-r8-ld16,18,"4","8","3","2","2","3","2","16",1,"0.001","0.5",none,18,0.10855724129684363,0.8515140839266878,0.0,0.8275116943649928,0.09945174656352218,0.8685825892857143,0.0,0.8480447985463121,0.10616885665161856,0.8578175511853449,0.0,0.8347702026400414
"5ea1ba69aa8144a19c7260beb1deaace",UNet_v4_conv-num_convs-3-2-f4-r8-ld32,19,"4","8","3","2","2","3","2","32",1,"0.001","0.5",none,19,0.10417593652500381,0.8572797171677216,0.0,0.8307013038256419,0.09136864041187326,0.8788364955357143,0.0,0.857078136213242,0.09711352530224569,0.8691995554956896,0.0,0.8457424527258082
bfd76721c764474ebd8ddc4eca70478f,UNet_v4_conv-num_convs-3-2-f4-r8-ld64,15,"4","8","3","2","2","3","2","64",1,"0.001","0.5",none,15,0.0861576396013111,0.8902016168908228,0.0,0.8751987285377799,0.07364624016443078,0.9045858577806123,0.0,0.8911539181531319,0.07781859577215951,0.8988752693965517,0.0,0.8847496755659776
"084874005d25498e98e4d4c27e2b110a",UNet_v4_conv-num_convs-3-2-f4-r8-ld8,18,"4","8","3","2","2","3","2","8",1,"0.001","0.5",none,18,0.10985800559447788,0.8430206685126582,0.0,0.8046337080397845,0.09971293366076994,0.8558872767857143,0.0,0.8194408799113594,0.10720822574763463,0.84375,0.0,0.8025623500011143
"0b92683170834c7c98b7fa66e51f7416",UNet_v4_conv-num_convs-3-2-f8-r16-ld16,19,"8","16","3","2","2","3","2","16",1,"0.001","0.5",none,19,0.05214598295494977,0.9424744940005274,0.0,0.9393076834779681,0.04456317949355865,0.9485311702806123,0.0,0.9453587324148941,0.047819949301152395,0.9438308189655172,0.0,0.9402775134916865
"6e50b17f58cf45b4ba99191b473ad092",UNet_v4_conv-num_convs-3-2-f8-r16-ld32,19,"8","16","3","2","2","3","2","32",1,"0.001","0.5",none,19,0.05573941867814285,0.9371209124472574,0.0,0.9337574514212893,0.04981880019209823,0.9422134088010204,0.0,0.9390154943473354,0.053258125381223084,0.9373484644396551,0.0,0.9338614864565407
"6ffd28d45d6b4fb69482e379544276a5",UNet_v4_conv-num_convs-3-2-f8-r16-ld64,19,"8","16","3","2","2","3","2","64",1,"0.001","0.5",none,19,0.06269086665524963,0.9243586415479957,0.0,0.9181587009264408,0.05396781679318876,0.9349091198979592,0.0,0.9295277792468231,0.05745565075555752,0.9317332300646551,0.0,0.9261738943138685
"585dff00838e4e71a026dc831aac23e9",UNet_v4_conv-num_convs-3-2-f8-r16-ld8,19,"8","16","3","2","2","3","2","8",1,"0.001","0.5",none,19,0.042618280858241556,0.9526717431434599,0.0,0.9503702531716759,0.03758808940040822,0.9545001594387755,0.0,0.9519961116719476,0.04043832026293565,0.9499427532327587,0.0,0.9471381821733963
d09068cff5244a798e150d8791db4adc,UNet_v4_conv-num_convs-3-2-f8-r8-ld16,18,"8","8","3","2","2","3","2","16",1,"0.001","0.5",none,18,0.04604622103934047,0.9450652689873418,0.0,0.9422638432333486,0.037575703000231664,0.9543108258928571,0.0,0.9517754938066949,0.04094961748040955,0.9499343345905172,0.0,0.947068688103322
"64db76fb0c03454c80d78f890b95f672",UNet_v4_conv-num_convs-3-2-f8-r8-ld32,19,"8","8","3","2","2","3","2","32",1,"0.001","0.5",none,19,0.036072457468585124,0.9558023058412447,0.0,0.9544681619913264,0.028161790259942716,0.9642458545918368,0.0,0.9632072281578093,0.02949146264842872,0.9608533135775862,0.0,0.959616962886831
"57ee7d1182994863819d21ee23ceab4c",UNet_v4_conv-num_convs-3-2-f8-r8-ld64,19,"8","8","3","2","2","3","2","64",1,"0.001","0.5",none,19,0.05796879034033556,0.927648874274789,0.0,0.9224911835124235,0.05449626632795042,0.9354272959183674,0.0,0.9312712530588327,0.05662816987726195,0.9340988685344828,0.0,0.9298838573751472
"56e031e07a044b99a5feddf377b410ef",UNet_v4_conv-num_convs-3-2-f8-r8-ld8,19,"8","8","3","2","2","3","2","8",1,"0.001","0.5",none,19,0.04340487740588088,0.945017883043249,0.0,0.9430478451004242,0.034362134276604166,0.9568817761479592,0.0,0.9553240922352078,0.03538264237858098,0.9573679956896551,0.0,0.9559023129755091
d00c56e32cb24964bcfb4b4f13d48475,UNet_v4_conv-num_convs-3-3-f4-r16-ld16,19,"4","16","3","2","2","3","3","16",1,"0.001","0.5",none,19,0.0961975291025538,0.8662160881460971,0.0,0.8525454995059096,0.0870352136541386,0.8780891262755102,0.0,0.8620563911208846,0.09401317236238513,0.870049838362069,0.0,0.8529271537694479
"2353a18d3c2f43c3a3de8e21d8bd9bb1",UNet_v4_conv-num_convs-3-3-f4-r16-ld32,19,"4","16","3","2","2","3","3","32",1,"0.001","0.5",none,19,0.1288872211857184,0.8229104858913502,0.0,0.7700193370165989,0.11983701297823264,0.8345723054846939,0.0,0.7837465396871821,0.12890063354681278,0.8226697198275862,0.0,0.767365239815012
"5633370fbb6c49e1a9cd925e746779cb",UNet_v4_conv-num_convs-3-3-f4-r16-ld64,19,"4","16","3","2","2","3","3","64",1,"0.001","0.5",none,19,0.10287297215265563,0.8559632120253164,0.0,0.8294874984889822,0.09228403546980449,0.8717514349489796,0.0,0.8478810790547111,0.09809928631474232,0.8626666891163793,0.0,0.8374230018624508
"6ec5e8cf17484ae3ac2da45bf3887510",UNet_v4_conv-num_convs-3-3-f4-r16-ld8,18,"4","16","3","2","2","3","3","8",1,"0.001","0.5",none,18,0.1102951377755982,0.8486771080564346,0.0,0.8213217892968382,0.0974607993753589,0.8647361288265306,0.0,0.8408752558668288,0.10518542946926479,0.8538944639008621,0.0,0.829205971573382
d33faa6f29f349bab0b458c50516e907,UNet_v4_conv-num_convs-3-3-f4-r8-ld16,19,"4","8","3","2","2","3","3","16",1,"0.001","0.5",none,19,0.10873608806716742,0.8521661557225738,0.0,0.8272718988270025,0.09706405413394072,0.8664899553571429,0.0,0.8423405007264733,0.10339404796731883,0.8568578259698276,0.0,0.8304594049123393
a22612483f7644d98f836da1dab7e7c5,UNet_v4_conv-num_convs-3-3-f4-r8-ld32,19,"4","8","3","2","2","3","3","32",1,"0.001","0.5",none,19,0.10851250791662856,0.8581625379087553,0.0,0.8267193827694261,0.09907805554720821,0.8698381696428571,0.0,0.8404551083587943,0.10624142209517545,0.8587772764008621,0.0,0.8258591969179786
"7fff0d339fb54d6da6b76dd3c111759b",UNet_v4_conv-num_convs-3-3-f4-r8-ld64,19,"4","8","3","2","2","3","3","64",1,"0.001","0.5",none,19,0.10082541509896895,0.8653991956751055,0.0,0.8438075731771559,0.09171323371785027,0.8859315210459183,0.0,0.8673822271483321,0.09479938074946404,0.8781906654094828,0.0,0.8585827443194018
"258669247c6e4dc3a803e70d17a1976f",UNet_v4_conv-num_convs-3-3-f4-r8-ld8,19,"4","8","3","2","2","3","3","8",1,"0.001","0.5",none,19,0.10573877420920863,0.8571159266218354,0.0,0.8281661678695831,0.09610731610838248,0.8724788743622449,0.0,0.8476204968845256,0.10253889807339372,0.8622878502155172,0.0,0.8348940732594435
bf73ee6bcb55482b9dd3863f4e64e6fb,UNet_v4_conv-num_convs-3-3-f8-r16-ld16,19,"8","16","3","2","2","3","3","16",1,"0.001","0.5",none,19,0.0596345899005731,0.9283751153744726,0.0,0.9232097854962006,0.05227048254134704,0.9369021045918368,0.0,0.9323043463367567,0.05495030535706159,0.9320110452586207,0.0,0.9271014046643904
f6d2d98c3cfc49c4ad77fdb170fe4b61,UNet_v4_conv-num_convs-3-3-f8-r16-ld32,17,"8","16","3","2","2","3","3","32",1,"0.001","0.5",none,17,0.06779414891630789,0.9106012658227848,0.0,0.9021918380111201,0.060799838785006076,0.9225326849489796,0.0,0.9150623263755197,0.06347264477918887,0.9173541891163793,0.0,0.9093389250662135
"0cddcd199d8146ed850304e6c9a1d47b",UNet_v4_conv-num_convs-3-3-f8-r16-ld64,18,"8","16","3","2","2","3","3","64",1,"0.001","0.5",none,18,0.0716802969747832,0.9086965568960971,0.0,0.9011652672747139,0.06492253849092795,0.9184371014030612,0.0,0.9117932712320311,0.06674875338272802,0.9146770608836207,0.0,0.907748119883114
ea68da6d345b4c57a6ba89e71da65f4b,UNet_v4_conv-num_convs-3-3-f8-r16-ld8,19,"8","16","3","2","2","3","3","8",1,"0.001","0.5",none,19,0.06005128825924316,0.9193604545754219,0.0,0.9121829336480777,0.05340211093425751,0.9267179528061225,0.0,0.9199960610759789,0.054586410907835795,0.9232472386853449,0.0,0.9162229503629671
"08667388bd6c40b386cd697c60d789a3",UNet_v4_conv-num_convs-3-3-f8-r8-ld16,19,"8","8","3","2","2","3","3","16",1,"0.001","0.5",none,19,0.06426786703650962,0.9175536079245781,0.0,0.9101466474639229,0.05767012585182579,0.9243961256377551,0.0,0.9171983393553372,0.060106434313387705,0.920098666487069,0.0,0.9127715850553085
"19939c39f13940998720d0ec1e140c7f",UNet_v4_conv-num_convs-3-3-f8-r8-ld32,16,"8","8","3","2","2","3","3","32",1,"0.001","0.5",none,16,0.07954965074416957,0.8969582344409283,0.0,0.8837436641004486,0.07178905294561873,0.9052036830357143,0.0,0.8925730855688253,0.07596746575215767,0.9000538793103449,0.0,0.8869773892304383
"4489c7ff3c3844179a59f2ac9ecdd37a",UNet_v4_conv-num_convs-3-3-f8-r8-ld64,19,"8","8","3","2","2","3","3","64",1,"0.001","0.5",none,19,0.05876052171337705,0.9287243291798524,0.0,0.9245216938414444,0.05087827054821715,0.9369120695153061,0.0,0.9330483326317379,0.054180942218879174,0.9326508620689655,0.0,0.9284632848092184
"11be43fb3ade4372b76b8a6459e58f99",UNet_v4_conv-num_convs-3-3-f8-r8-ld8,19,"8","8","3","2","2","3","3","8",1,"0.001","0.5",none,19,0.06233038531639908,0.9254845727848101,0.0,0.919575612081734,0.05607609564856607,0.9295978156887755,0.0,0.9234572600847357,0.06066803268060602,0.9241480334051724,0.0,0.917385661106649
