run_name,arc_features,arc_skip,arc_num_conv,n_swaps,train_loss,valid_loss,test_loss,valid_F1,train_F1,test_F1,train_Accuracy,valid_Accuracy,test_Accuracy,train_Accuracy_seq,valid_Accuracy_seq,test_Accuracy_seq
nc-2-n4-2-n8-1-skip1-0,"[4, 4, 4, 4, 8, 8, 8]",0,2,0,,,0.1582421064376831,,,0.6430866437200005,,,0.7492477228366948,,,0.0
nc-2-n4-2-n8-1-skip1-1,"[4, 4, 4, 4, 8, 8, 8]",0,2,1,,,0.15822589956223965,,,0.6430866437200005,,,0.7492477228366948,,,0.0
nc-2-n4-2-n8-1-skip1-2,"[4, 4, 4, 4, 8, 8, 8]",0,2,2,,,0.15814407356083393,,,0.6430814127711422,,,0.7492375569290826,,,0.0
nc-2-n4-2-n8-1-skip1-3,"[4, 4, 4, 4, 8, 8, 8]",0,2,3,,,0.15871050208806992,,,0.6430991498017657,,,0.7492375569290826,,,0.0
nc-2-n4-2-n8-1-skip1-4,"[4, 4, 4, 4, 8, 8, 8]",0,2,4,,,0.15863483399152756,,,0.6431378352382477,,,0.7492782205595315,,,0.0
nc-2-n4-2-n8-1-skip1-5,"[4, 4, 4, 4, 8, 8, 8]",0,2,5,,,0.15832301042973995,,,0.643109624004695,,,0.7492578887443071,,,0.0
nc-2-n4-2-n8-1-skip1-6,"[4, 4, 4, 4, 8, 8, 8]",0,2,6,,,0.1573443002998829,,,0.6428571428571428,,,0.75,,,0.0
nc-2-n4-2-n8-1-skip1-7,"[4, 4, 4, 4, 8, 8, 8]",0,2,7,,,0.15770898759365082,,,0.6430395169232264,,,0.7494002114508783,,,0.0
nc-2-n4-2-n8-1-skip1-8,"[4, 4, 4, 4, 8, 8, 8]",0,2,8,,,0.15883653052151203,,,0.6430322967893733,,,0.7491765614834092,,,0.0
nc-2-n4-2-n8-1-skip1-9,"[4, 4, 4, 4, 8, 8, 8]",0,2,9,,,0.15752555057406425,,,0.6428571428571428,,,0.75,,,0.0
nc-2-n4-2-n8-1-skip1-10,"[4, 4, 4, 4, 8, 8, 8]",0,2,10,,,0.1576189175248146,,,0.64284530628354,,,0.7498983409238777,,,0.0
nc-2-n4-2-n8-1-skip1-11,"[4, 4, 4, 4, 8, 8, 8]",0,2,11,,,0.15760948695242405,,,0.6428521634056792,,,0.7499898340923878,,,0.0
nc-2-n4-2-n8-1-skip1-12,"[4, 4, 4, 4, 8, 8, 8]",0,2,12,,,0.1575753465294838,,,0.6428521634056792,,,0.7499898340923878,,,0.0
nc-2-n4-2-n8-1-skip1-13,"[4, 4, 4, 4, 8, 8, 8]",0,2,13,,,0.15755567699670792,,,0.64287484678845,,,0.75,,,0.0
nc-2-n4-2-n8-1-skip1-14,"[4, 4, 4, 4, 8, 8, 8]",0,2,14,,,0.15834111161530018,,,0.6430489033279945,,,0.7492782205595315,,,0.0
nc-2-n4-2-n8-1-skip1-15,"[4, 4, 4, 4, 8, 8, 8]",0,2,15,,,0.15763312950730324,,,0.6428571428571428,,,0.75,,,0.0
nc-2-n4-2-n8-1-skip1-16,"[4, 4, 4, 4, 8, 8, 8]",0,2,16,,,0.15784902125597,,,0.6428571428571428,,,0.75,,,0.0
nc-2-n4-2-n8-1-skip1-17,"[4, 4, 4, 4, 8, 8, 8]",0,2,17,,,0.15800621546804905,,,0.6428571428571428,,,0.75,,,0.0
nc-2-n4-2-n8-1-skip1-18,"[4, 4, 4, 4, 8, 8, 8]",0,2,18,,,0.1580493003129959,,,0.6428571428571428,,,0.75,,,0.0
nc-2-n4-2-n8-1-skip1-19,"[4, 4, 4, 4, 8, 8, 8]",0,2,19,,,0.15766993537545204,,,0.6428571428571428,,,0.75,,,0.0
nc-2-n4-2-n8-1-skip1-20,"[4, 4, 4, 4, 8, 8, 8]",0,2,20,,,0.157666377723217,,,0.6428571428571428,,,0.75,,,0.0
nc-2-n4-2-n8-1-skip1-21,"[4, 4, 4, 4, 8, 8, 8]",0,2,21,,,0.1579130869358778,,,0.6429196027173778,,,0.7499546970136272,,,0.0
nc-2-n4-2-n8-1-skip1-22,"[4, 4, 4, 4, 8, 8, 8]",0,2,22,,,0.15782758593559265,,,0.6428571428571428,,,0.75,,,0.0
nc-2-n4-2-n8-1-skip1-23,"[4, 4, 4, 4, 8, 8, 8]",0,2,23,,,0.1585368774831295,,,0.6431481583723637,,,0.7489611314134599,,,0.0
nc-2-n4-2-n8-1-skip1-24,"[4, 4, 4, 4, 8, 8, 8]",0,2,24,,,0.15749341435730457,,,0.6428571428571428,,,0.75,,,0.0
nc-2-n4-2-n8-1-skip1-25,"[4, 4, 4, 4, 8, 8, 8]",0,2,25,,,0.16330857016146183,,,0.6431941663649303,,,0.7491155660377359,,,0.0
nc-2-n4-2-n8-1-skip1-26,"[4, 4, 4, 4, 8, 8, 8]",0,2,26,,,0.15767954103648663,,,0.6428571428571428,,,0.75,,,0.0
nc-2-n4-2-n8-1-skip1-27,"[4, 4, 4, 4, 8, 8, 8]",0,2,27,,,0.15812251530587673,,,0.6428571428571428,,,0.75,,,0.0
nc-2-n4-2-n8-1-skip1-28,"[4, 4, 4, 4, 8, 8, 8]",0,2,28,,,0.15757491439580917,,,0.6428541664377831,,,0.7497255204944697,,,0.0
nc-2-n4-2-n8-1-skip1-29,"[4, 4, 4, 4, 8, 8, 8]",0,2,29,,,0.15794636867940426,,,0.6428571428571428,,,0.75,,,0.0
nc-2-n4-2-n8-1-skip1-30,"[4, 4, 4, 4, 8, 8, 8]",0,2,30,,,0.15857510082423687,,,0.6430904114857909,,,0.7494110611771527,,,0.0
nc-2-n4-2-n8-1-skip1,"[4, 4, 4, 4, 8, 8, 8]",0,2,0,0.15977063154180846,0.15208124688693456,,0.6428364653620025,0.6428565189178399,,0.7499987261795577,0.7495184854606097,,0.0,0.0,
nc-2-n4-2-n8-0-skip1-0,"[4, 4, 4, 4, 8, 8, 8]",0,2,0,,,0.15856808423995972,,,0.6429052495726408,,,0.7500203318152245,,,0.0
nc-2-n4-2-n8-0-skip1-1,"[4, 4, 4, 4, 8, 8, 8]",0,2,1,,,0.15838541835546494,,,0.6429052495726408,,,0.7500203318152245,,,0.0
nc-2-n4-2-n8-0-skip1-2,"[4, 4, 4, 4, 8, 8, 8]",0,2,2,,,0.15861216560006142,,,0.6429292836410208,,,0.7500304977228367,,,0.0
nc-2-n4-2-n8-0-skip1-3,"[4, 4, 4, 4, 8, 8, 8]",0,2,3,,,0.15851385332643986,,,0.6428571428571428,,,0.75,,,0.0
nc-2-n4-2-n8-0-skip1-4,"[4, 4, 4, 4, 8, 8, 8]",0,2,4,,,0.15844354592263699,,,0.6428571428571428,,,0.75,,,0.0
nc-2-n4-2-n8-0-skip1-5,"[4, 4, 4, 4, 8, 8, 8]",0,2,5,,,0.15852726809680462,,,0.6429436796624155,,,0.750029392412499,,,0.0
nc-2-n4-2-n8-0-skip1-6,"[4, 4, 4, 4, 8, 8, 8]",0,2,6,,,0.15855871699750423,,,0.6428879775269378,,,0.7499905389040267,,,0.0
nc-2-n4-2-n8-0-skip1-7,"[4, 4, 4, 4, 8, 8, 8]",0,2,7,,,0.15850665047764778,,,0.6429242842187533,,,0.7500203318152245,,,0.0
nc-2-n4-2-n8-0-skip1-8,"[4, 4, 4, 4, 8, 8, 8]",0,2,8,,,0.15867001004517078,,,0.6428571428571428,,,0.75,,,0.0
nc-2-n4-2-n8-0-skip1-9,"[4, 4, 4, 4, 8, 8, 8]",0,2,9,,,0.15849633514881134,,,0.6428571428571428,,,0.75,,,0.0
nc-2-n4-2-n8-0-skip1-10,"[4, 4, 4, 4, 8, 8, 8]",0,2,10,,,0.15874876268208027,,,0.6428571428571428,,,0.75,,,0.0
nc-2-n4-2-n8-0-skip1-11,"[4, 4, 4, 4, 8, 8, 8]",0,2,11,,,0.15864804200828075,,,0.6428571428571428,,,0.75,,,0.0
nc-2-n4-2-n8-0-skip1-12,"[4, 4, 4, 4, 8, 8, 8]",0,2,12,,,0.15870963409543037,,,0.6430963362886399,,,0.7499170768399923,,,0.0
nc-2-n4-2-n8-0-skip1-13,"[4, 4, 4, 4, 8, 8, 8]",0,2,13,,,0.1586864683777094,,,0.6428571428571428,,,0.75,,,0.0
nc-2-n4-2-n8-0-skip1-14,"[4, 4, 4, 4, 8, 8, 8]",0,2,14,,,0.15871358662843704,,,0.6428571428571428,,,0.75,,,0.0
nc-2-n4-2-n8-0-skip1-15,"[4, 4, 4, 4, 8, 8, 8]",0,2,15,,,0.15879972279071808,,,0.6428702190376303,,,0.7499905646135265,,,0.0
nc-2-n4-2-n8-0-skip1-16,"[4, 4, 4, 4, 8, 8, 8]",0,2,16,,,0.15894745104014874,,,0.6428571428571428,,,0.75,,,0.0
nc-2-n4-2-n8-0-skip1-17,"[4, 4, 4, 4, 8, 8, 8]",0,2,17,,,0.15883463248610497,,,0.6429052495726408,,,0.7500203318152245,,,0.0
nc-2-n4-2-n8-0-skip1-18,"[4, 4, 4, 4, 8, 8, 8]",0,2,18,,,0.15910171158611774,,,0.6428571428571428,,,0.75,,,0.0
nc-2-n4-2-n8-0-skip1-19,"[4, 4, 4, 4, 8, 8, 8]",0,2,19,,,0.15892663411796093,,,0.6428480231518916,,,0.749981382186476,,,0.0
nc-2-n4-2-n8-0-skip1-20,"[4, 4, 4, 4, 8, 8, 8]",0,2,20,,,0.1588518898934126,,,0.6428571428571428,,,0.75,,,0.0
nc-2-n4-2-n8-0-skip1-21,"[4, 4, 4, 4, 8, 8, 8]",0,2,21,,,0.159001424908638,,,0.6428571428571428,,,0.75,,,0.0
nc-2-n4-2-n8-0-skip1-22,"[4, 4, 4, 4, 8, 8, 8]",0,2,22,,,0.15907221287488937,,,0.6428571428571428,,,0.75,,,0.0
nc-2-n4-2-n8-0-skip1-23,"[4, 4, 4, 4, 8, 8, 8]",0,2,23,,,0.15893914550542831,,,0.6428960521599785,,,0.7499680926538855,,,0.0
nc-2-n4-2-n8-0-skip1-24,"[4, 4, 4, 4, 8, 8, 8]",0,2,24,,,0.15879140980541706,,,0.6428762165319979,,,0.75,,,0.0
nc-2-n4-2-n8-0-skip1-25,"[4, 4, 4, 4, 8, 8, 8]",0,2,25,,,0.158890375867486,,,0.6428571428571428,,,0.75,,,0.0
nc-2-n4-2-n8-0-skip1-26,"[4, 4, 4, 4, 8, 8, 8]",0,2,26,,,0.15898619778454304,,,0.6428879775269378,,,0.7499905389040267,,,0.0
nc-2-n4-2-n8-0-skip1-27,"[4, 4, 4, 4, 8, 8, 8]",0,2,27,,,0.15909366868436337,,,0.6428762165319979,,,0.75,,,0.0
nc-2-n4-2-n8-0-skip1-28,"[4, 4, 4, 4, 8, 8, 8]",0,2,28,,,0.1588253676891327,,,0.6429092832511543,,,0.7499898340923878,,,0.0
nc-2-n4-2-n8-0-skip1-29,"[4, 4, 4, 4, 8, 8, 8]",0,2,29,,,0.15905559249222279,,,0.6428571428571428,,,0.75,,,0.0
nc-2-n4-2-n8-0-skip1-30,"[4, 4, 4, 4, 8, 8, 8]",0,2,30,,,0.159119026735425,,,0.6428571428571428,,,0.75,,,0.0
nc-2-n4-2-n8-0-skip1,"[4, 4, 4, 4, 8, 8, 8]",0,2,0,0.1606962504486243,0.1542742805821555,,0.6428571428571429,0.6430459100644398,,0.7500527747285509,0.75,,0.0,0.0,
nc-2-n4-1-n8-1-skip1-0,"[4, 4, 4, 4, 8, 8, 8]",0,2,0,,,0.15828721784055233,,,0.6434781843115657,,,0.7491735166706645,,,0.0
nc-2-n4-1-n8-1-skip1-1,"[4, 4, 4, 4, 8, 8, 8]",0,2,1,,,0.15852679498493671,,,0.6440879668525227,,,0.7488522439177392,,,0.0
nc-2-n4-1-n8-1-skip1-2,"[4, 4, 4, 4, 8, 8, 8]",0,2,2,,,0.15833047404885292,,,0.6440238839618894,,,0.7490477549689042,,,0.0
nc-2-n4-1-n8-1-skip1-3,"[4, 4, 4, 4, 8, 8, 8]",0,2,3,,,0.15834172256290913,,,0.6430239617205022,,,0.7497670411257689,,,0.0
nc-2-n4-1-n8-1-skip1-4,"[4, 4, 4, 4, 8, 8, 8]",0,2,4,,,0.1581269670277834,,,0.642935931851303,,,0.749401149736537,,,0.0
nc-2-n4-1-n8-1-skip1-5,"[4, 4, 4, 4, 8, 8, 8]",0,2,5,,,0.15813530050218105,,,0.6430787149889365,,,0.7496082448079956,,,0.0
nc-2-n4-1-n8-1-skip1-6,"[4, 4, 4, 4, 8, 8, 8]",0,2,6,,,0.15815758518874645,,,0.6434112367376627,,,0.7492335885473177,,,0.0
nc-2-n4-1-n8-1-skip1-7,"[4, 4, 4, 4, 8, 8, 8]",0,2,7,,,0.15829921700060368,,,0.6439854083741082,,,0.7486739061406955,,,0.0
nc-2-n4-1-n8-1-skip1-8,"[4, 4, 4, 4, 8, 8, 8]",0,2,8,,,0.15831618197262287,,,0.6429743491189335,,,0.7494174651612344,,,0.0
nc-2-n4-1-n8-1-skip1-9,"[4, 4, 4, 4, 8, 8, 8]",0,2,9,,,0.15815956518054008,,,0.6428722740862527,,,0.7498411709871725,,,0.0
nc-2-n4-1-n8-1-skip1-10,"[4, 4, 4, 4, 8, 8, 8]",0,2,10,,,0.15790246427059174,,,0.6428294503245575,,,0.749943471440631,,,0.0
nc-2-n4-1-n8-1-skip1-11,"[4, 4, 4, 4, 8, 8, 8]",0,2,11,,,0.15828330628573895,,,0.6427938109734128,,,0.7497610418566945,,,0.0
nc-2-n4-1-n8-1-skip1-12,"[4, 4, 4, 4, 8, 8, 8]",0,2,12,,,0.15791562385857105,,,0.6428473616943582,,,0.7499800319488817,,,0.0
nc-2-n4-1-n8-1-skip1-13,"[4, 4, 4, 4, 8, 8, 8]",0,2,13,,,0.15876473113894463,,,0.6437617885326383,,,0.7481241021266727,,,0.0
nc-2-n4-1-n8-1-skip1-14,"[4, 4, 4, 4, 8, 8, 8]",0,2,14,,,0.1579835955053568,,,0.6427853648528579,,,0.7497804167426247,,,0.0
nc-2-n4-1-n8-1-skip1-15,"[4, 4, 4, 4, 8, 8, 8]",0,2,15,,,0.15808050706982613,,,0.6428646852530444,,,0.7499791452551897,,,0.0
nc-2-n4-1-n8-1-skip1-16,"[4, 4, 4, 4, 8, 8, 8]",0,2,16,,,0.15880095027387142,,,0.6432891728651187,,,0.7494102666935061,,,0.0
nc-2-n4-1-n8-1-skip1-17,"[4, 4, 4, 4, 8, 8, 8]",0,2,17,,,0.15907632745802402,,,0.6437112522393988,,,0.7480361904688381,,,0.0
nc-2-n4-1-n8-1-skip1-18,"[4, 4, 4, 4, 8, 8, 8]",0,2,18,,,0.15766829997301102,,,0.6428482664346962,,,0.7499818788054509,,,0.0
nc-2-n4-1-n8-1-skip1-19,"[4, 4, 4, 4, 8, 8, 8]",0,2,19,,,0.15811996348202229,,,0.6428205462670902,,,0.7499252935760355,,,0.0
nc-2-n4-1-n8-1-skip1-20,"[4, 4, 4, 4, 8, 8, 8]",0,2,20,,,0.15795838832855225,,,0.6428625709724438,,,0.7499721286820558,,,0.0
nc-2-n4-1-n8-1-skip1-21,"[4, 4, 4, 4, 8, 8, 8]",0,2,21,,,0.15830511786043644,,,0.6429840511690119,,,0.7496815808779066,,,0.0
nc-2-n4-1-n8-1-skip1-22,"[4, 4, 4, 4, 8, 8, 8]",0,2,22,,,0.15836158767342567,,,0.6428936360433939,,,0.7498841675205358,,,0.0
nc-2-n4-1-n8-1-skip1-23,"[4, 4, 4, 4, 8, 8, 8]",0,2,23,,,0.15812797658145428,,,0.6429349521738408,,,0.7498013169845594,,,0.0
nc-2-n4-1-n8-1-skip1-24,"[4, 4, 4, 4, 8, 8, 8]",0,2,24,,,0.1583433598279953,,,0.6428838679918627,,,0.7494602942570753,,,0.0
nc-2-n4-1-n8-1-skip1-25,"[4, 4, 4, 4, 8, 8, 8]",0,2,25,,,0.15841880068182945,,,0.6428766551020384,,,0.7494435327302669,,,0.0
nc-2-n4-1-n8-1-skip1-26,"[4, 4, 4, 4, 8, 8, 8]",0,2,26,,,0.15817086026072502,,,0.64282960737858,,,0.7499437895597835,,,0.0
nc-2-n4-1-n8-1-skip1-27,"[4, 4, 4, 4, 8, 8, 8]",0,2,27,,,0.15858487784862518,,,0.6430276333032088,,,0.7495531724754245,,,0.0
nc-2-n4-1-n8-1-skip1-28,"[4, 4, 4, 4, 8, 8, 8]",0,2,28,,,0.15814707428216934,,,0.642851102140535,,,0.7499515262300748,,,0.0
nc-2-n4-1-n8-1-skip1-29,"[4, 4, 4, 4, 8, 8, 8]",0,2,29,,,0.15857748873531818,,,0.6428644889916013,,,0.7495478569489937,,,0.0
nc-2-n4-1-n8-1-skip1-30,"[4, 4, 4, 4, 8, 8, 8]",0,2,30,,,0.15835623443126678,,,0.6428830263121506,,,0.7499805803541558,,,0.0
nc-2-n4-1-n8-1-skip1,"[4, 4, 4, 4, 8, 8, 8]",0,2,0,0.15965093970298766,0.15224847623280116,,0.6428789271793205,0.6428709230789081,,0.7499999152085751,0.75,,0.0,0.0,
nc-2-n4-1-n8-0-skip1-0,"[4, 4, 4, 4, 8, 8, 8]",0,2,0,,,0.1532237622886896,,,0.6428571428571428,,,0.75,,,0.0
nc-2-n4-1-n8-0-skip1-1,"[4, 4, 4, 4, 8, 8, 8]",0,2,1,,,0.15309669449925423,,,0.642852508650519,,,0.7499905389040267,,,0.0
nc-2-n4-1-n8-0-skip1-2,"[4, 4, 4, 4, 8, 8, 8]",0,2,2,,,0.15309572406113148,,,0.642852508650519,,,0.7499905389040267,,,0.0
nc-2-n4-1-n8-0-skip1-3,"[4, 4, 4, 4, 8, 8, 8]",0,2,3,,,0.15300137363374233,,,0.6428571428571428,,,0.75,,,0.0
nc-2-n4-1-n8-0-skip1-4,"[4, 4, 4, 4, 8, 8, 8]",0,2,4,,,0.15318524464964867,,,0.6428525831985701,,,0.749990691093238,,,0.0
nc-2-n4-1-n8-0-skip1-5,"[4, 4, 4, 4, 8, 8, 8]",0,2,5,,,0.15322886034846306,,,0.6428739531130871,,,0.7499995995013012,,,0.0
nc-2-n4-1-n8-0-skip1-6,"[4, 4, 4, 4, 8, 8, 8]",0,2,6,,,0.15332607366144657,,,0.6428571428571428,,,0.75,,,0.0
nc-2-n4-1-n8-0-skip1-7,"[4, 4, 4, 4, 8, 8, 8]",0,2,7,,,0.15327295660972595,,,0.6428475291990554,,,0.7499803729964145,,,0.0
nc-2-n4-1-n8-0-skip1-8,"[4, 4, 4, 4, 8, 8, 8]",0,2,8,,,0.1530142780393362,,,0.6428571428571428,,,0.75,,,0.0
nc-2-n4-1-n8-0-skip1-9,"[4, 4, 4, 4, 8, 8, 8]",0,2,9,,,0.15310916118323803,,,0.6428785873197109,,,0.7500090605972746,,,0.0
nc-2-n4-1-n8-0-skip1-10,"[4, 4, 4, 4, 8, 8, 8]",0,2,10,,,0.15343244932591915,,,0.6428812026489925,,,0.7500101659076122,,,0.0
nc-2-n4-1-n8-0-skip1-11,"[4, 4, 4, 4, 8, 8, 8]",0,2,11,,,0.1533689685165882,,,0.6428527048297572,,,0.7499909394027254,,,0.0
nc-2-n4-1-n8-0-skip1-12,"[4, 4, 4, 4, 8, 8, 8]",0,2,12,,,0.15303208865225315,,,0.6428571428571428,,,0.75,,,0.0
nc-2-n4-1-n8-0-skip1-13,"[4, 4, 4, 4, 8, 8, 8]",0,2,13,,,0.15336455963551998,,,0.6428478740429948,,,0.7499810778080533,,,0.0
nc-2-n4-1-n8-0-skip1-14,"[4, 4, 4, 4, 8, 8, 8]",0,2,14,,,0.15374415926635265,,,0.6428785873197109,,,0.7500090605972746,,,0.0
nc-2-n4-1-n8-0-skip1-15,"[4, 4, 4, 4, 8, 8, 8]",0,2,15,,,0.1533523853868246,,,0.6428525212440148,,,0.7499905646135265,,,0.0
nc-2-n4-1-n8-0-skip1-16,"[4, 4, 4, 4, 8, 8, 8]",0,2,16,,,0.15400256775319576,,,0.6428527048297572,,,0.7499909394027254,,,0.0
nc-2-n4-1-n8-0-skip1-17,"[4, 4, 4, 4, 8, 8, 8]",0,2,17,,,0.15314233675599098,,,0.6428812026489925,,,0.7500101659076122,,,0.0
nc-2-n4-1-n8-0-skip1-18,"[4, 4, 4, 4, 8, 8, 8]",0,2,18,,,0.15366052463650703,,,0.6428571428571428,,,0.75,,,0.0
nc-2-n4-1-n8-0-skip1-19,"[4, 4, 4, 4, 8, 8, 8]",0,2,19,,,0.1534602753818035,,,0.6428571428571428,,,0.75,,,0.0
nc-2-n4-1-n8-0-skip1-20,"[4, 4, 4, 4, 8, 8, 8]",0,2,20,,,0.15385753847658634,,,0.6428571428571428,,,0.75,,,0.0
nc-2-n4-1-n8-0-skip1-21,"[4, 4, 4, 4, 8, 8, 8]",0,2,21,,,0.1535971499979496,,,0.6429011960924669,,,0.750018617813524,,,0.0
nc-2-n4-1-n8-0-skip1-22,"[4, 4, 4, 4, 8, 8, 8]",0,2,22,,,0.15392648614943027,,,0.6428525831985701,,,0.749990691093238,,,0.0
nc-2-n4-1-n8-0-skip1-23,"[4, 4, 4, 4, 8, 8, 8]",0,2,23,,,0.15411250106990337,,,0.6428481451711845,,,0.7499816304959634,,,0.0
nc-2-n4-1-n8-0-skip1-24,"[4, 4, 4, 4, 8, 8, 8]",0,2,24,,,0.15363976545631886,,,0.6428525212440148,,,0.7499905646135265,,,0.0
nc-2-n4-1-n8-0-skip1-25,"[4, 4, 4, 4, 8, 8, 8]",0,2,25,,,0.15366370044648647,,,0.6428571428571428,,,0.75,,,0.0
nc-2-n4-1-n8-0-skip1-26,"[4, 4, 4, 4, 8, 8, 8]",0,2,26,,,0.1540878601372242,,,0.6428702546188896,,,0.7499905389040267,,,0.0
nc-2-n4-1-n8-0-skip1-27,"[4, 4, 4, 4, 8, 8, 8]",0,2,27,,,0.15380526147782803,,,0.6428744946924945,,,0.7499992694788612,,,0.0
nc-2-n4-1-n8-0-skip1-28,"[4, 4, 4, 4, 8, 8, 8]",0,2,28,,,0.15335203893482685,,,0.642852252498973,,,0.7499900159744409,,,0.0
nc-2-n4-1-n8-0-skip1-29,"[4, 4, 4, 4, 8, 8, 8]",0,2,29,,,0.15359770692884922,,,0.6428521634056792,,,0.7499898340923878,,,0.0
nc-2-n4-1-n8-0-skip1-30,"[4, 4, 4, 4, 8, 8, 8]",0,2,30,,,0.15378031134605408,,,0.6428571428571428,,,0.75,,,0.0
nc-2-n4-1-n8-0-skip1,"[4, 4, 4, 4, 8, 8, 8]",0,2,0,0.15599324330687522,0.14723411202430725,,0.642851266622399,0.6429931732865319,,0.7500267905690693,0.7499880032631124,,0.0,0.0,
nc-2-n4-0-n8-1-skip1-0,"[4, 4, 4, 4, 8, 8, 8]",0,2,0,,,0.15745459496974945,,,0.6430044148438363,,,0.7494014638260236,,,0.0
nc-2-n4-0-n8-1-skip1-1,"[4, 4, 4, 4, 8, 8, 8]",0,2,1,,,0.15728469006717205,,,0.6428688982723834,,,0.7498692528243187,,,0.0
nc-2-n4-0-n8-1-skip1-2,"[4, 4, 4, 4, 8, 8, 8]",0,2,2,,,0.15712962672114372,,,0.64284281796622,,,0.7499707546523087,,,0.0
nc-2-n4-0-n8-1-skip1-3,"[4, 4, 4, 4, 8, 8, 8]",0,2,3,,,0.15756895951926708,,,0.6430472484809988,,,0.7495222023422251,,,0.0
nc-2-n4-0-n8-1-skip1-4,"[4, 4, 4, 4, 8, 8, 8]",0,2,4,,,0.15755661763250828,,,0.6430452430643603,,,0.7494110821701294,,,0.0
nc-2-n4-0-n8-1-skip1-5,"[4, 4, 4, 4, 8, 8, 8]",0,2,5,,,0.15787972137331963,,,0.643065031812232,,,0.7493092658458747,,,0.0
nc-2-n4-0-n8-1-skip1-6,"[4, 4, 4, 4, 8, 8, 8]",0,2,6,,,0.1572115682065487,,,0.6428708474104867,,,0.7499911223603579,,,0.0
nc-2-n4-0-n8-1-skip1-7,"[4, 4, 4, 4, 8, 8, 8]",0,2,7,,,0.15842328779399395,,,0.6431557986875096,,,0.7486322657557573,,,0.0
nc-2-n4-0-n8-1-skip1-8,"[4, 4, 4, 4, 8, 8, 8]",0,2,8,,,0.1582207903265953,,,0.6433557747141889,,,0.7485697217381521,,,0.0
nc-2-n4-0-n8-1-skip1-9,"[4, 4, 4, 4, 8, 8, 8]",0,2,9,,,0.1573442928493023,,,0.642843359390298,,,0.7499718599626463,,,0.0
nc-2-n4-0-n8-1-skip1-10,"[4, 4, 4, 4, 8, 8, 8]",0,2,10,,,0.1572694145143032,,,0.6428727912234131,,,0.7499253765566927,,,0.0
nc-2-n4-0-n8-1-skip1-11,"[4, 4, 4, 4, 8, 8, 8]",0,2,11,,,0.1578037291765213,,,0.6428984991847977,,,0.7493204435067807,,,0.0
nc-2-n4-0-n8-1-skip1-12,"[4, 4, 4, 4, 8, 8, 8]",0,2,12,,,0.1572068054229021,,,0.6428571428571428,,,0.75,,,0.0
nc-2-n4-0-n8-1-skip1-13,"[4, 4, 4, 4, 8, 8, 8]",0,2,13,,,0.15752828493714333,,,0.6428571428571428,,,0.75,,,0.0
nc-2-n4-0-n8-1-skip1-14,"[4, 4, 4, 4, 8, 8, 8]",0,2,14,,,0.1575629748404026,,,0.6429865726471804,,,0.7495283571560399,,,0.0
nc-2-n4-0-n8-1-skip1-15,"[4, 4, 4, 4, 8, 8, 8]",0,2,15,,,0.157269399613142,,,0.6428571428571428,,,0.75,,,0.0
nc-2-n4-0-n8-1-skip1-16,"[4, 4, 4, 4, 8, 8, 8]",0,2,16,,,0.15734092704951763,,,0.6428527048297572,,,0.7499909394027254,,,0.0
nc-2-n4-0-n8-1-skip1-17,"[4, 4, 4, 4, 8, 8, 8]",0,2,17,,,0.1574354860931635,,,0.6428571428571428,,,0.75,,,0.0
nc-2-n4-0-n8-1-skip1-18,"[4, 4, 4, 4, 8, 8, 8]",0,2,18,,,0.1574330609291792,,,0.642852252498973,,,0.7499900159744409,,,0.0
nc-2-n4-0-n8-1-skip1-19,"[4, 4, 4, 4, 8, 8, 8]",0,2,19,,,0.15732181258499622,,,0.642852508650519,,,0.7499905389040267,,,0.0
nc-2-n4-0-n8-1-skip1-20,"[4, 4, 4, 4, 8, 8, 8]",0,2,20,,,0.15740500763058662,,,0.6428571428571428,,,0.75,,,0.0
nc-2-n4-0-n8-1-skip1-21,"[4, 4, 4, 4, 8, 8, 8]",0,2,21,,,0.157575573772192,,,0.6428219120834986,,,0.7499280842613453,,,0.0
nc-2-n4-0-n8-1-skip1-22,"[4, 4, 4, 4, 8, 8, 8]",0,2,22,,,0.15766373090445995,,,0.6429963736211335,,,0.749673570188628,,,0.0
nc-2-n4-0-n8-1-skip1-23,"[4, 4, 4, 4, 8, 8, 8]",0,2,23,,,0.15755618549883366,,,0.6428762595300386,,,0.749860675835914,,,0.0
nc-2-n4-0-n8-1-skip1-24,"[4, 4, 4, 4, 8, 8, 8]",0,2,24,,,0.1572280190885067,,,0.6428480832166292,,,0.7499815040162521,,,0.0
nc-2-n4-0-n8-1-skip1-25,"[4, 4, 4, 4, 8, 8, 8]",0,2,25,,,0.15745361149311066,,,0.6428524316243074,,,0.7499903816558942,,,0.0
nc-2-n4-0-n8-1-skip1-26,"[4, 4, 4, 4, 8, 8, 8]",0,2,26,,,0.15749442391097546,,,0.6428398354553888,,,0.7498229483836275,,,0.0
nc-2-n4-0-n8-1-skip1-27,"[4, 4, 4, 4, 8, 8, 8]",0,2,27,,,0.1583394818007946,,,0.6429874085868641,,,0.7493594990301444,,,0.0
nc-2-n4-0-n8-1-skip1-28,"[4, 4, 4, 4, 8, 8, 8]",0,2,28,,,0.15843291580677032,,,0.6431304430833082,,,0.7492307154291621,,,0.0
nc-2-n4-0-n8-1-skip1-29,"[4, 4, 4, 4, 8, 8, 8]",0,2,29,,,0.1573747582733631,,,0.642852508650519,,,0.7499905389040267,,,0.0
nc-2-n4-0-n8-1-skip1-30,"[4, 4, 4, 4, 8, 8, 8]",0,2,30,,,0.15741459466516972,,,0.642852508650519,,,0.7499905389040267,,,0.0
nc-2-n4-0-n8-1-skip1,"[4, 4, 4, 4, 8, 8, 8]",0,2,0,0.15938882132371265,0.152064819421087,,0.6428401626568954,0.6428710771743582,,0.7499808678113077,0.7499653347225131,,0.0,0.0,
nc-2-n4-0-n8-0-skip1-0,"[4, 4, 4, 4, 8, 8, 8]",0,2,0,,,0.15741659514606,,,0.642829779083131,,,0.7499441465594281,,,0.0
nc-2-n4-0-n8-0-skip1-1,"[4, 4, 4, 4, 8, 8, 8]",0,2,1,,,0.15738653019070625,,,0.6428251448765072,,,0.7499346854634548,,,0.0
nc-2-n4-0-n8-0-skip1-2,"[4, 4, 4, 4, 8, 8, 8]",0,2,2,,,0.15751163847744465,,,0.6428243457130847,,,0.7498968667890612,,,0.0
nc-2-n4-0-n8-0-skip1-3,"[4, 4, 4, 4, 8, 8, 8]",0,2,3,,,0.15731889940798283,,,0.6428690066561855,,,0.7499529988985559,,,0.0
nc-2-n4-0-n8-0-skip1-4,"[4, 4, 4, 4, 8, 8, 8]",0,2,4,,,0.1574402768164873,,,0.6428500841995335,,,0.7498783754552487,,,0.0
nc-2-n4-0-n8-0-skip1-5,"[4, 4, 4, 4, 8, 8, 8]",0,2,5,,,0.15752054192125797,,,0.6428571428571428,,,0.75,,,0.0
nc-2-n4-0-n8-0-skip1-6,"[4, 4, 4, 4, 8, 8, 8]",0,2,6,,,0.1575605496764183,,,0.6428767067344197,,,0.7496555704498064,,,0.0
nc-2-n4-0-n8-0-skip1-7,"[4, 4, 4, 4, 8, 8, 8]",0,2,7,,,0.15791548602283,,,0.6430800250058726,,,0.7485336576524436,,,0.0
nc-2-n4-0-n8-0-skip1-8,"[4, 4, 4, 4, 8, 8, 8]",0,2,8,,,0.1575876884162426,,,0.6429555326861542,,,0.749762367355811,,,0.0
nc-2-n4-0-n8-0-skip1-9,"[4, 4, 4, 4, 8, 8, 8]",0,2,9,,,0.15750915743410587,,,0.6428836034990453,,,0.7499051969306796,,,0.0
nc-2-n4-0-n8-0-skip1-10,"[4, 4, 4, 4, 8, 8, 8]",0,2,10,,,0.15763283893465996,,,0.6430049568813838,,,0.7493681136319088,,,0.0
nc-2-n4-0-n8-0-skip1-11,"[4, 4, 4, 4, 8, 8, 8]",0,2,11,,,0.15784062072634697,,,0.6429960616805666,,,0.7493319067700307,,,0.0
nc-2-n4-0-n8-0-skip1-12,"[4, 4, 4, 4, 8, 8, 8]",0,2,12,,,0.15761618688702583,,,0.6428687459497437,,,0.7497997012991586,,,0.0
nc-2-n4-0-n8-0-skip1-13,"[4, 4, 4, 4, 8, 8, 8]",0,2,13,,,0.1575397029519081,,,0.6428578430781691,,,0.7498268554138334,,,0.0
nc-2-n4-0-n8-0-skip1-14,"[4, 4, 4, 4, 8, 8, 8]",0,2,14,,,0.15738905034959316,,,0.6428874824546695,,,0.749990691093238,,,0.0
nc-2-n4-0-n8-0-skip1-15,"[4, 4, 4, 4, 8, 8, 8]",0,2,15,,,0.1576696913689375,,,0.642959993213158,,,0.749661805733934,,,0.0
nc-2-n4-0-n8-0-skip1-16,"[4, 4, 4, 4, 8, 8, 8]",0,2,16,,,0.1578998975455761,,,0.6432861906418244,,,0.749524875189938,,,0.0
nc-2-n4-0-n8-0-skip1-17,"[4, 4, 4, 4, 8, 8, 8]",0,2,17,,,0.15811623819172382,,,0.6430453557500726,,,0.7492818028138761,,,0.0
nc-2-n4-0-n8-0-skip1-18,"[4, 4, 4, 4, 8, 8, 8]",0,2,18,,,0.1577722690999508,,,0.6429936416686667,,,0.7496805792163543,,,0.0
nc-2-n4-0-n8-0-skip1-19,"[4, 4, 4, 4, 8, 8, 8]",0,2,19,,,0.15797393955290318,,,0.6430008197894512,,,0.7488862201563735,,,0.0
nc-2-n4-0-n8-0-skip1-20,"[4, 4, 4, 4, 8, 8, 8]",0,2,20,,,0.15772082284092903,,,0.64291359922656,,,0.7499718203202912,,,0.0
nc-2-n4-0-n8-0-skip1-21,"[4, 4, 4, 4, 8, 8, 8]",0,2,21,,,0.15793972089886665,,,0.6428826622825117,,,0.7495092285903777,,,0.0
nc-2-n4-0-n8-0-skip1-22,"[4, 4, 4, 4, 8, 8, 8]",0,2,22,,,0.15762679278850555,,,0.6428571428571428,,,0.75,,,0.0
nc-2-n4-0-n8-0-skip1-23,"[4, 4, 4, 4, 8, 8, 8]",0,2,23,,,0.15872721746563911,,,0.6432470181893073,,,0.7483298112443189,,,0.0
nc-2-n4-0-n8-0-skip1-24,"[4, 4, 4, 4, 8, 8, 8]",0,2,24,,,0.15747282467782497,,,0.6428525831985701,,,0.749990691093238,,,0.0
nc-2-n4-0-n8-0-skip1-25,"[4, 4, 4, 4, 8, 8, 8]",0,2,25,,,0.15842384845018387,,,0.6431886333897671,,,0.7478360518136141,,,0.0
nc-2-n4-0-n8-0-skip1-26,"[4, 4, 4, 4, 8, 8, 8]",0,2,26,,,0.15775423869490623,,,0.6431212824113266,,,0.7496435869097515,,,0.0
nc-2-n4-0-n8-0-skip1-27,"[4, 4, 4, 4, 8, 8, 8]",0,2,27,,,0.15786093845963478,,,0.6429130106819243,,,0.7499337723281865,,,0.0
nc-2-n4-0-n8-0-skip1-28,"[4, 4, 4, 4, 8, 8, 8]",0,2,28,,,0.15798650868237019,,,0.643038255460251,,,0.7490941356295628,,,0.0
nc-2-n4-0-n8-0-skip1-29,"[4, 4, 4, 4, 8, 8, 8]",0,2,29,,,0.15828073024749756,,,0.643176569204899,,,0.7493576189352253,,,0.0
nc-2-n4-0-n8-0-skip1-30,"[4, 4, 4, 4, 8, 8, 8]",0,2,30,,,0.15760169364511967,,,0.6428571428571428,,,0.75,,,0.0
nc-2-n4-0-n8-0-skip1,"[4, 4, 4, 4, 8, 8, 8]",0,2,0,0.16002331649263699,0.15195254981517792,,0.6429218153521697,0.6428728422619414,,0.7499666319756029,0.7499532599977882,,0.0,0.0,
nc-1-n4-2-n8-1-skip1-0,"[4, 4, 4, 4, 8, 8, 8]",0,1,0,,,0.1515843141824007,,,0.6428571428571428,,,0.75,,,0.0
nc-1-n4-2-n8-1-skip1-1,"[4, 4, 4, 4, 8, 8, 8]",0,1,1,,,0.15156605653464794,,,0.6428571428571428,,,0.75,,,0.0
nc-1-n4-2-n8-1-skip1-2,"[4, 4, 4, 4, 8, 8, 8]",0,1,2,,,0.15167229063808918,,,0.6428571428571428,,,0.75,,,0.0
nc-1-n4-2-n8-1-skip1-3,"[4, 4, 4, 4, 8, 8, 8]",0,1,3,,,0.15156390704214573,,,0.6428571428571428,,,0.75,,,0.0
nc-1-n4-2-n8-1-skip1-4,"[4, 4, 4, 4, 8, 8, 8]",0,1,4,,,0.15174824558198452,,,0.6428571428571428,,,0.75,,,0.0
nc-1-n4-2-n8-1-skip1-5,"[4, 4, 4, 4, 8, 8, 8]",0,1,5,,,0.1517595387995243,,,0.6428571428571428,,,0.75,,,0.0
nc-1-n4-2-n8-1-skip1-6,"[4, 4, 4, 4, 8, 8, 8]",0,1,6,,,0.15174500457942486,,,0.6428571428571428,,,0.75,,,0.0
nc-1-n4-2-n8-1-skip1-7,"[4, 4, 4, 4, 8, 8, 8]",0,1,7,,,0.15205021761357784,,,0.6428571428571428,,,0.75,,,0.0
nc-1-n4-2-n8-1-skip1-8,"[4, 4, 4, 4, 8, 8, 8]",0,1,8,,,0.15189585834741592,,,0.6428571428571428,,,0.75,,,0.0
nc-1-n4-2-n8-1-skip1-9,"[4, 4, 4, 4, 8, 8, 8]",0,1,9,,,0.1519248764961958,,,0.6428571428571428,,,0.75,,,0.0
nc-1-n4-2-n8-1-skip1-10,"[4, 4, 4, 4, 8, 8, 8]",0,1,10,,,0.15188619680702686,,,0.6428571428571428,,,0.75,,,0.0
nc-1-n4-2-n8-1-skip1-11,"[4, 4, 4, 4, 8, 8, 8]",0,1,11,,,0.1518002673983574,,,0.6428571428571428,,,0.75,,,0.0
nc-1-n4-2-n8-1-skip1-12,"[4, 4, 4, 4, 8, 8, 8]",0,1,12,,,0.1521284021437168,,,0.6428571428571428,,,0.75,,,0.0
nc-1-n4-2-n8-1-skip1-13,"[4, 4, 4, 4, 8, 8, 8]",0,1,13,,,0.1519420426338911,,,0.6428571428571428,,,0.75,,,0.0
nc-1-n4-2-n8-1-skip1-14,"[4, 4, 4, 4, 8, 8, 8]",0,1,14,,,0.15201056376099586,,,0.6428571428571428,,,0.75,,,0.0
nc-1-n4-2-n8-1-skip1-15,"[4, 4, 4, 4, 8, 8, 8]",0,1,15,,,0.15229896269738674,,,0.6428571428571428,,,0.75,,,0.0
nc-1-n4-2-n8-1-skip1-16,"[4, 4, 4, 4, 8, 8, 8]",0,1,16,,,0.152026129886508,,,0.6428571428571428,,,0.75,,,0.0
nc-1-n4-2-n8-1-skip1-17,"[4, 4, 4, 4, 8, 8, 8]",0,1,17,,,0.1522413156926632,,,0.6428571428571428,,,0.75,,,0.0
nc-1-n4-2-n8-1-skip1-18,"[4, 4, 4, 4, 8, 8, 8]",0,1,18,,,0.1522259432822466,,,0.6428571428571428,,,0.75,,,0.0
nc-1-n4-2-n8-1-skip1-19,"[4, 4, 4, 4, 8, 8, 8]",0,1,19,,,0.15200168453156948,,,0.6428571428571428,,,0.75,,,0.0
nc-1-n4-2-n8-1-skip1-20,"[4, 4, 4, 4, 8, 8, 8]",0,1,20,,,0.15216775983572006,,,0.6428571428571428,,,0.75,,,0.0
nc-1-n4-2-n8-1-skip1-21,"[4, 4, 4, 4, 8, 8, 8]",0,1,21,,,0.1518870871514082,,,0.6428571428571428,,,0.75,,,0.0
nc-1-n4-2-n8-1-skip1-22,"[4, 4, 4, 4, 8, 8, 8]",0,1,22,,,0.15228340588510036,,,0.6428571428571428,,,0.75,,,0.0
nc-1-n4-2-n8-1-skip1-23,"[4, 4, 4, 4, 8, 8, 8]",0,1,23,,,0.15221554413437843,,,0.6428571428571428,,,0.75,,,0.0
nc-1-n4-2-n8-1-skip1-24,"[4, 4, 4, 4, 8, 8, 8]",0,1,24,,,0.15241578221321106,,,0.6428571428571428,,,0.75,,,0.0
nc-1-n4-2-n8-1-skip1-25,"[4, 4, 4, 4, 8, 8, 8]",0,1,25,,,0.15244267508387566,,,0.6428571428571428,,,0.75,,,0.0
nc-1-n4-2-n8-1-skip1-26,"[4, 4, 4, 4, 8, 8, 8]",0,1,26,,,0.1521318107843399,,,0.6428571428571428,,,0.75,,,0.0
nc-1-n4-2-n8-1-skip1-27,"[4, 4, 4, 4, 8, 8, 8]",0,1,27,,,0.15211931243538857,,,0.6428571428571428,,,0.75,,,0.0
nc-1-n4-2-n8-1-skip1-28,"[4, 4, 4, 4, 8, 8, 8]",0,1,28,,,0.15217873267829418,,,0.6428571428571428,,,0.75,,,0.0
nc-1-n4-2-n8-1-skip1-29,"[4, 4, 4, 4, 8, 8, 8]",0,1,29,,,0.15225735306739807,,,0.6428571428571428,,,0.75,,,0.0
nc-1-n4-2-n8-1-skip1-30,"[4, 4, 4, 4, 8, 8, 8]",0,1,30,,,0.15245223231613636,,,0.6428571428571428,,,0.75,,,0.0
nc-1-n4-2-n8-1-skip1,"[4, 4, 4, 4, 8, 8, 8]",0,1,0,0.15422925228873888,0.14590972661972046,,0.6428571428571429,0.64286007139501,,0.7499905822839307,0.75,,0.0,0.0,
nc-1-n4-2-n8-0-skip1-0,"[4, 4, 4, 4, 8, 8, 8]",0,1,0,,,0.15164035558700562,,,0.6428571428571428,,,0.75,,,0.0
nc-1-n4-2-n8-0-skip1-1,"[4, 4, 4, 4, 8, 8, 8]",0,1,1,,,0.15168038941919804,,,0.6428571428571428,,,0.75,,,0.0
nc-1-n4-2-n8-0-skip1-2,"[4, 4, 4, 4, 8, 8, 8]",0,1,2,,,0.1515806633979082,,,0.6428571428571428,,,0.75,,,0.0
nc-1-n4-2-n8-0-skip1-3,"[4, 4, 4, 4, 8, 8, 8]",0,1,3,,,0.15141265839338303,,,0.6428571428571428,,,0.75,,,0.0
nc-1-n4-2-n8-0-skip1-4,"[4, 4, 4, 4, 8, 8, 8]",0,1,4,,,0.15161380171775818,,,0.6428571428571428,,,0.75,,,0.0
nc-1-n4-2-n8-0-skip1-5,"[4, 4, 4, 4, 8, 8, 8]",0,1,5,,,0.15193234756588936,,,0.6428571428571428,,,0.75,,,0.0
nc-1-n4-2-n8-0-skip1-6,"[4, 4, 4, 4, 8, 8, 8]",0,1,6,,,0.1518289688974619,,,0.6428571428571428,,,0.75,,,0.0
nc-1-n4-2-n8-0-skip1-7,"[4, 4, 4, 4, 8, 8, 8]",0,1,7,,,0.15176535211503506,,,0.6428571428571428,,,0.75,,,0.0
nc-1-n4-2-n8-0-skip1-8,"[4, 4, 4, 4, 8, 8, 8]",0,1,8,,,0.1519466731697321,,,0.6428571428571428,,,0.75,,,0.0
nc-1-n4-2-n8-0-skip1-9,"[4, 4, 4, 4, 8, 8, 8]",0,1,9,,,0.1517236791551113,,,0.6428571428571428,,,0.75,,,0.0
nc-1-n4-2-n8-0-skip1-10,"[4, 4, 4, 4, 8, 8, 8]",0,1,10,,,0.15163664519786835,,,0.6428571428571428,,,0.75,,,0.0
nc-1-n4-2-n8-0-skip1-11,"[4, 4, 4, 4, 8, 8, 8]",0,1,11,,,0.15168818086385727,,,0.6428571428571428,,,0.75,,,0.0
nc-1-n4-2-n8-0-skip1-12,"[4, 4, 4, 4, 8, 8, 8]",0,1,12,,,0.15208461694419384,,,0.6428571428571428,,,0.75,,,0.0
nc-1-n4-2-n8-0-skip1-13,"[4, 4, 4, 4, 8, 8, 8]",0,1,13,,,0.151711693033576,,,0.6428571428571428,,,0.75,,,0.0
nc-1-n4-2-n8-0-skip1-14,"[4, 4, 4, 4, 8, 8, 8]",0,1,14,,,0.15198674239218235,,,0.6428571428571428,,,0.75,,,0.0
nc-1-n4-2-n8-0-skip1-15,"[4, 4, 4, 4, 8, 8, 8]",0,1,15,,,0.1521232556551695,,,0.6428571428571428,,,0.75,,,0.0
nc-1-n4-2-n8-0-skip1-16,"[4, 4, 4, 4, 8, 8, 8]",0,1,16,,,0.15194708108901978,,,0.6428571428571428,,,0.75,,,0.0
nc-1-n4-2-n8-0-skip1-17,"[4, 4, 4, 4, 8, 8, 8]",0,1,17,,,0.15185342729091644,,,0.6428571428571428,,,0.75,,,0.0
nc-1-n4-2-n8-0-skip1-18,"[4, 4, 4, 4, 8, 8, 8]",0,1,18,,,0.15199482068419456,,,0.6428571428571428,,,0.75,,,0.0
nc-1-n4-2-n8-0-skip1-19,"[4, 4, 4, 4, 8, 8, 8]",0,1,19,,,0.15204644575715065,,,0.6428571428571428,,,0.75,,,0.0
nc-1-n4-2-n8-0-skip1-20,"[4, 4, 4, 4, 8, 8, 8]",0,1,20,,,0.15225771255791187,,,0.6428571428571428,,,0.75,,,0.0
nc-1-n4-2-n8-0-skip1-21,"[4, 4, 4, 4, 8, 8, 8]",0,1,21,,,0.15159946493804455,,,0.6428571428571428,,,0.75,,,0.0
nc-1-n4-2-n8-0-skip1-22,"[4, 4, 4, 4, 8, 8, 8]",0,1,22,,,0.15201054885983467,,,0.6428571428571428,,,0.75,,,0.0
nc-1-n4-2-n8-0-skip1-23,"[4, 4, 4, 4, 8, 8, 8]",0,1,23,,,0.1520320251584053,,,0.6428571428571428,,,0.75,,,0.0
nc-1-n4-2-n8-0-skip1-24,"[4, 4, 4, 4, 8, 8, 8]",0,1,24,,,0.15232678689062595,,,0.6428571428571428,,,0.75,,,0.0
nc-1-n4-2-n8-0-skip1-25,"[4, 4, 4, 4, 8, 8, 8]",0,1,25,,,0.15210674330592155,,,0.6428571428571428,,,0.75,,,0.0
nc-1-n4-2-n8-0-skip1-26,"[4, 4, 4, 4, 8, 8, 8]",0,1,26,,,0.15203137882053852,,,0.6428571428571428,,,0.75,,,0.0
nc-1-n4-2-n8-0-skip1-27,"[4, 4, 4, 4, 8, 8, 8]",0,1,27,,,0.15210454165935516,,,0.6428571428571428,,,0.75,,,0.0
nc-1-n4-2-n8-0-skip1-28,"[4, 4, 4, 4, 8, 8, 8]",0,1,28,,,0.152203269302845,,,0.6428571428571428,,,0.75,,,0.0
nc-1-n4-2-n8-0-skip1-29,"[4, 4, 4, 4, 8, 8, 8]",0,1,29,,,0.15237810462713242,,,0.6428571428571428,,,0.75,,,0.0
nc-1-n4-2-n8-0-skip1-30,"[4, 4, 4, 4, 8, 8, 8]",0,1,30,,,0.1523480210453272,,,0.6428571428571428,,,0.75,,,0.0
nc-1-n4-2-n8-0-skip1,"[4, 4, 4, 4, 8, 8, 8]",0,1,0,0.15393668537338576,0.145607590675354,,0.6428571428571429,0.642857142857143,,0.75,0.75,,0.0,0.0,
nc-1-n4-1-n8-1-skip1-0,"[4, 4, 4, 4, 8, 8, 8]",0,1,0,,,0.1528689954429865,,,0.6428571428571428,,,0.75,,,0.0
nc-1-n4-1-n8-1-skip1-1,"[4, 4, 4, 4, 8, 8, 8]",0,1,1,,,0.1529090516269207,,,0.6428571428571428,,,0.75,,,0.0
nc-1-n4-1-n8-1-skip1-2,"[4, 4, 4, 4, 8, 8, 8]",0,1,2,,,0.1528315208852291,,,0.6428571428571428,,,0.75,,,0.0
nc-1-n4-1-n8-1-skip1-3,"[4, 4, 4, 4, 8, 8, 8]",0,1,3,,,0.15288914181292057,,,0.6428571428571428,,,0.75,,,0.0
nc-1-n4-1-n8-1-skip1-4,"[4, 4, 4, 4, 8, 8, 8]",0,1,4,,,0.15278237126767635,,,0.6428571428571428,,,0.75,,,0.0
nc-1-n4-1-n8-1-skip1-5,"[4, 4, 4, 4, 8, 8, 8]",0,1,5,,,0.15287626162171364,,,0.6428571428571428,,,0.75,,,0.0
nc-1-n4-1-n8-1-skip1-6,"[4, 4, 4, 4, 8, 8, 8]",0,1,6,,,0.1528814509510994,,,0.6428571428571428,,,0.75,,,0.0
nc-1-n4-1-n8-1-skip1-7,"[4, 4, 4, 4, 8, 8, 8]",0,1,7,,,0.15320304408669472,,,0.6428571428571428,,,0.75,,,0.0
nc-1-n4-1-n8-1-skip1-8,"[4, 4, 4, 4, 8, 8, 8]",0,1,8,,,0.1530748326331377,,,0.6428571428571428,,,0.75,,,0.0
nc-1-n4-1-n8-1-skip1-9,"[4, 4, 4, 4, 8, 8, 8]",0,1,9,,,0.15299239568412304,,,0.6428571428571428,,,0.75,,,0.0
nc-1-n4-1-n8-1-skip1-10,"[4, 4, 4, 4, 8, 8, 8]",0,1,10,,,0.15310334600508213,,,0.6428571428571428,,,0.75,,,0.0
nc-1-n4-1-n8-1-skip1-11,"[4, 4, 4, 4, 8, 8, 8]",0,1,11,,,0.15317476354539394,,,0.6428571428571428,,,0.75,,,0.0
nc-1-n4-1-n8-1-skip1-12,"[4, 4, 4, 4, 8, 8, 8]",0,1,12,,,0.15322905592620373,,,0.6428571428571428,,,0.75,,,0.0
nc-1-n4-1-n8-1-skip1-13,"[4, 4, 4, 4, 8, 8, 8]",0,1,13,,,0.1533720325678587,,,0.6428571428571428,,,0.75,,,0.0
nc-1-n4-1-n8-1-skip1-14,"[4, 4, 4, 4, 8, 8, 8]",0,1,14,,,0.15311170183122158,,,0.6428571428571428,,,0.75,,,0.0
nc-1-n4-1-n8-1-skip1-15,"[4, 4, 4, 4, 8, 8, 8]",0,1,15,,,0.15328683890402317,,,0.6428571428571428,,,0.75,,,0.0
nc-1-n4-1-n8-1-skip1-16,"[4, 4, 4, 4, 8, 8, 8]",0,1,16,,,0.1532244998961687,,,0.6428571428571428,,,0.75,,,0.0
nc-1-n4-1-n8-1-skip1-17,"[4, 4, 4, 4, 8, 8, 8]",0,1,17,,,0.15331065841019154,,,0.6428571428571428,,,0.75,,,0.0
nc-1-n4-1-n8-1-skip1-18,"[4, 4, 4, 4, 8, 8, 8]",0,1,18,,,0.15338480286300182,,,0.6428571428571428,,,0.75,,,0.0
nc-1-n4-1-n8-1-skip1-19,"[4, 4, 4, 4, 8, 8, 8]",0,1,19,,,0.15320331789553165,,,0.6428571428571428,,,0.75,,,0.0
nc-1-n4-1-n8-1-skip1-20,"[4, 4, 4, 4, 8, 8, 8]",0,1,20,,,0.1534386109560728,,,0.6428571428571428,,,0.75,,,0.0
nc-1-n4-1-n8-1-skip1-21,"[4, 4, 4, 4, 8, 8, 8]",0,1,21,,,0.1531892828643322,,,0.6428571428571428,,,0.75,,,0.0
nc-1-n4-1-n8-1-skip1-22,"[4, 4, 4, 4, 8, 8, 8]",0,1,22,,,0.1537049449980259,,,0.6428571428571428,,,0.75,,,0.0
nc-1-n4-1-n8-1-skip1-23,"[4, 4, 4, 4, 8, 8, 8]",0,1,23,,,0.1533465702086687,,,0.6428571428571428,,,0.75,,,0.0
nc-1-n4-1-n8-1-skip1-24,"[4, 4, 4, 4, 8, 8, 8]",0,1,24,,,0.1535185854882002,,,0.6428571428571428,,,0.75,,,0.0
nc-1-n4-1-n8-1-skip1-25,"[4, 4, 4, 4, 8, 8, 8]",0,1,25,,,0.15329065546393394,,,0.6428571428571428,,,0.75,,,0.0
nc-1-n4-1-n8-1-skip1-26,"[4, 4, 4, 4, 8, 8, 8]",0,1,26,,,0.15338954515755177,,,0.6428571428571428,,,0.75,,,0.0
nc-1-n4-1-n8-1-skip1-27,"[4, 4, 4, 4, 8, 8, 8]",0,1,27,,,0.15346563793718815,,,0.6428571428571428,,,0.75,,,0.0
nc-1-n4-1-n8-1-skip1-28,"[4, 4, 4, 4, 8, 8, 8]",0,1,28,,,0.15337890572845936,,,0.6428571428571428,,,0.75,,,0.0
nc-1-n4-1-n8-1-skip1-29,"[4, 4, 4, 4, 8, 8, 8]",0,1,29,,,0.1535693258047104,,,0.6428571428571428,,,0.75,,,0.0
nc-1-n4-1-n8-1-skip1-30,"[4, 4, 4, 4, 8, 8, 8]",0,1,30,,,0.15371616184711456,,,0.6428571428571428,,,0.75,,,0.0
nc-1-n4-1-n8-1-skip1,"[4, 4, 4, 4, 8, 8, 8]",0,1,0,0.15484883934259414,0.14663484266826085,,0.6428571428571429,0.6429604390846051,,0.7498069498069497,0.75,,0.0,0.0,
nc-1-n4-1-n8-0-skip1-0,"[4, 4, 4, 4, 8, 8, 8]",0,1,0,,,0.1514545939862728,,,0.6428571428571428,,,0.75,,,0.0
nc-1-n4-1-n8-0-skip1-1,"[4, 4, 4, 4, 8, 8, 8]",0,1,1,,,0.1514920648187399,,,0.6428571428571428,,,0.75,,,0.0
nc-1-n4-1-n8-0-skip1-2,"[4, 4, 4, 4, 8, 8, 8]",0,1,2,,,0.1515058744698763,,,0.6428571428571428,,,0.75,,,0.0
nc-1-n4-1-n8-0-skip1-3,"[4, 4, 4, 4, 8, 8, 8]",0,1,3,,,0.1514714863151312,,,0.6428571428571428,,,0.75,,,0.0
nc-1-n4-1-n8-0-skip1-4,"[4, 4, 4, 4, 8, 8, 8]",0,1,4,,,0.15159797854721546,,,0.6428571428571428,,,0.75,,,0.0
nc-1-n4-1-n8-0-skip1-5,"[4, 4, 4, 4, 8, 8, 8]",0,1,5,,,0.15174696408212185,,,0.6428571428571428,,,0.75,,,0.0
nc-1-n4-1-n8-0-skip1-6,"[4, 4, 4, 4, 8, 8, 8]",0,1,6,,,0.15176331996917725,,,0.6428571428571428,,,0.75,,,0.0
nc-1-n4-1-n8-0-skip1-7,"[4, 4, 4, 4, 8, 8, 8]",0,1,7,,,0.15161441266536713,,,0.6428571428571428,,,0.75,,,0.0
nc-1-n4-1-n8-0-skip1-8,"[4, 4, 4, 4, 8, 8, 8]",0,1,8,,,0.15156669914722443,,,0.6428571428571428,,,0.75,,,0.0
nc-1-n4-1-n8-0-skip1-9,"[4, 4, 4, 4, 8, 8, 8]",0,1,9,,,0.1516290307044983,,,0.6428571428571428,,,0.75,,,0.0
nc-1-n4-1-n8-0-skip1-10,"[4, 4, 4, 4, 8, 8, 8]",0,1,10,,,0.1518165748566389,,,0.6428571428571428,,,0.75,,,0.0
nc-1-n4-1-n8-0-skip1-11,"[4, 4, 4, 4, 8, 8, 8]",0,1,11,,,0.15163359604775906,,,0.6428571428571428,,,0.75,,,0.0
nc-1-n4-1-n8-0-skip1-12,"[4, 4, 4, 4, 8, 8, 8]",0,1,12,,,0.15192695148289204,,,0.6428571428571428,,,0.75,,,0.0
nc-1-n4-1-n8-0-skip1-13,"[4, 4, 4, 4, 8, 8, 8]",0,1,13,,,0.15163795091211796,,,0.6428571428571428,,,0.75,,,0.0
nc-1-n4-1-n8-0-skip1-14,"[4, 4, 4, 4, 8, 8, 8]",0,1,14,,,0.1518215648829937,,,0.6428571428571428,,,0.75,,,0.0
nc-1-n4-1-n8-0-skip1-15,"[4, 4, 4, 4, 8, 8, 8]",0,1,15,,,0.15219954028725624,,,0.6428571428571428,,,0.75,,,0.0
nc-1-n4-1-n8-0-skip1-16,"[4, 4, 4, 4, 8, 8, 8]",0,1,16,,,0.15190301835536957,,,0.6428571428571428,,,0.75,,,0.0
nc-1-n4-1-n8-0-skip1-17,"[4, 4, 4, 4, 8, 8, 8]",0,1,17,,,0.15192502923309803,,,0.6428571428571428,,,0.75,,,0.0
nc-1-n4-1-n8-0-skip1-18,"[4, 4, 4, 4, 8, 8, 8]",0,1,18,,,0.1519555952399969,,,0.6428571428571428,,,0.75,,,0.0
nc-1-n4-1-n8-0-skip1-19,"[4, 4, 4, 4, 8, 8, 8]",0,1,19,,,0.15195048041641712,,,0.6428571428571428,,,0.75,,,0.0
nc-1-n4-1-n8-0-skip1-20,"[4, 4, 4, 4, 8, 8, 8]",0,1,20,,,0.15231281705200672,,,0.6428571428571428,,,0.75,,,0.0
nc-1-n4-1-n8-0-skip1-21,"[4, 4, 4, 4, 8, 8, 8]",0,1,21,,,0.15176941454410553,,,0.6428571428571428,,,0.75,,,0.0
nc-1-n4-1-n8-0-skip1-22,"[4, 4, 4, 4, 8, 8, 8]",0,1,22,,,0.15196788869798183,,,0.6428571428571428,,,0.75,,,0.0
nc-1-n4-1-n8-0-skip1-23,"[4, 4, 4, 4, 8, 8, 8]",0,1,23,,,0.15189852192997932,,,0.6428571428571428,,,0.75,,,0.0
nc-1-n4-1-n8-0-skip1-24,"[4, 4, 4, 4, 8, 8, 8]",0,1,24,,,0.15218246541917324,,,0.6428571428571428,,,0.75,,,0.0
nc-1-n4-1-n8-0-skip1-25,"[4, 4, 4, 4, 8, 8, 8]",0,1,25,,,0.15192804299294949,,,0.6428571428571428,,,0.75,,,0.0
nc-1-n4-1-n8-0-skip1-26,"[4, 4, 4, 4, 8, 8, 8]",0,1,26,,,0.1519113015383482,,,0.6428571428571428,,,0.75,,,0.0
nc-1-n4-1-n8-0-skip1-27,"[4, 4, 4, 4, 8, 8, 8]",0,1,27,,,0.15198462642729282,,,0.6428571428571428,,,0.75,,,0.0
nc-1-n4-1-n8-0-skip1-28,"[4, 4, 4, 4, 8, 8, 8]",0,1,28,,,0.15199449099600315,,,0.6428571428571428,,,0.75,,,0.0
nc-1-n4-1-n8-0-skip1-29,"[4, 4, 4, 4, 8, 8, 8]",0,1,29,,,0.15222292579710484,,,0.6428571428571428,,,0.75,,,0.0
nc-1-n4-1-n8-0-skip1-30,"[4, 4, 4, 4, 8, 8, 8]",0,1,30,,,0.15243505500257015,,,0.6428571428571428,,,0.75,,,0.0
nc-1-n4-1-n8-0-skip1,"[4, 4, 4, 4, 8, 8, 8]",0,1,0,0.15399866923689842,0.1456234199660165,,0.6428571428571429,0.642857142857143,,0.75,0.75,,0.0,0.0,
nc-1-n4-0-n8-1-skip1-0,"[4, 4, 4, 4, 8, 8, 8]",1,1,0,,,0.00046096418736851774,,,0.9996845882988269,,,0.9996846705424324,,,0.8736979216337204
nc-1-n4-0-n8-1-skip1-1,"[4, 4, 4, 4, 8, 8, 8]",1,1,1,,,0.00046581887727370486,,,0.999675526387301,,,0.9996756099451578,,,0.8697916716337204
nc-1-n4-0-n8-1-skip1-2,"[4, 4, 4, 4, 8, 8, 8]",1,1,2,,,0.0004699819255620241,,,0.9996651579057815,,,0.9996652511303997,,,0.8658854216337204
nc-1-n4-0-n8-1-skip1-3,"[4, 4, 4, 4, 8, 8, 8]",1,1,3,,,0.000467100504465634,,,0.9996751248135683,,,0.9996752094464589,,,0.8697916716337204
nc-1-n4-0-n8-1-skip1-4,"[4, 4, 4, 4, 8, 8, 8]",1,1,4,,,0.00045298782060854137,,,0.9997038224259563,,,0.9997038970473191,,,0.8815104216337204
nc-1-n4-0-n8-1-skip1-5,"[4, 4, 4, 4, 8, 8, 8]",1,1,5,,,0.0004842871603614185,,,0.9996360613353216,,,0.9996361670796653,,,0.8541666716337204
nc-1-n4-0-n8-1-skip1-6,"[4, 4, 4, 4, 8, 8, 8]",1,1,6,,,0.00046925965580157936,,,0.9996752386624095,,,0.9996753268184246,,,0.8697916716337204
nc-1-n4-0-n8-1-skip1-7,"[4, 4, 4, 4, 8, 8, 8]",1,1,7,,,0.0004941964471072424,,,0.9996108594395605,,,0.999611005143064,,,0.8450520858168602
nc-1-n4-0-n8-1-skip1-8,"[4, 4, 4, 4, 8, 8, 8]",1,1,8,,,0.0004868155847361777,,,0.9996364478450532,,,0.9996365533462146,,,0.8541666716337204
nc-1-n4-0-n8-1-skip1-9,"[4, 4, 4, 4, 8, 8, 8]",1,1,9,,,0.00046641573499073274,,,0.9996747279540369,,,0.9996748129965848,,,0.8697916716337204
nc-1-n4-0-n8-1-skip1-10,"[4, 4, 4, 4, 8, 8, 8]",1,1,10,,,0.00048265279838233255,,,0.9996467533972552,,,0.9996468518680388,,,0.8580729216337204
nc-1-n4-0-n8-1-skip1-11,"[4, 4, 4, 4, 8, 8, 8]",1,1,11,,,0.000497771892696619,,,0.9996121916287743,,,0.9996123296711583,,,0.8450520858168602
nc-1-n4-0-n8-1-skip1-12,"[4, 4, 4, 4, 8, 8, 8]",1,1,12,,,0.0004774782028107438,,,0.9996554038042991,,,0.9996555063065824,,,0.8619791716337204
nc-1-n4-0-n8-1-skip1-13,"[4, 4, 4, 4, 8, 8, 8]",1,1,13,,,0.0004880679371126462,,,0.9996564519149397,,,0.9996565396128242,,,0.8619791716337204
nc-1-n4-0-n8-1-skip1-14,"[4, 4, 4, 4, 8, 8, 8]",1,1,14,,,0.0005165914008102845,,,0.9995834771877035,,,0.9995836259862844,,,0.8333333358168602
nc-1-n4-0-n8-1-skip1-15,"[4, 4, 4, 4, 8, 8, 8]",1,1,15,,,0.0004929022798023652,,,0.9996267855460851,,,0.9996269055430788,,,0.8502604216337204
nc-1-n4-0-n8-1-skip1-16,"[4, 4, 4, 4, 8, 8, 8]",1,1,16,,,0.000492045688588405,,,0.9996274193772209,,,0.999627529242876,,,0.8502604216337204
nc-1-n4-0-n8-1-skip1-17,"[4, 4, 4, 4, 8, 8, 8]",1,1,17,,,0.00046169658526196145,,,0.9996951603003654,,,0.9996952356325074,,,0.8776041716337204
nc-1-n4-0-n8-1-skip1-18,"[4, 4, 4, 4, 8, 8, 8]",1,1,18,,,0.0005147774463694077,,,0.9995856206596005,,,0.9995857599529283,,,0.8333333358168602
nc-1-n4-0-n8-1-skip1-19,"[4, 4, 4, 4, 8, 8, 8]",1,1,19,,,0.00048494432849111035,,,0.9996452722049265,,,0.9996453747417473,,,0.8580729216337204
nc-1-n4-0-n8-1-skip1-20,"[4, 4, 4, 4, 8, 8, 8]",1,1,20,,,0.00043932077096542343,,,0.9997663966999052,,,0.9997664527008687,,,0.90625
nc-1-n4-0-n8-1-skip1-21,"[4, 4, 4, 4, 8, 8, 8]",1,1,21,,,0.0005111039499752223,,,0.9995951022632503,,,0.9995952433761707,,,0.8372395858168602
nc-1-n4-0-n8-1-skip1-22,"[4, 4, 4, 4, 8, 8, 8]",1,1,22,,,0.00047926014667609707,,,0.9996568056009092,,,0.9996568953447641,,,0.8619791716337204
nc-1-n4-0-n8-1-skip1-23,"[4, 4, 4, 4, 8, 8, 8]",1,1,23,,,0.0004876081002294086,,,0.9996453709214252,,,0.9996454768281949,,,0.8580729216337204
nc-1-n4-0-n8-1-skip1-24,"[4, 4, 4, 4, 8, 8, 8]",1,1,24,,,0.00048021609472925775,,,0.9996562572886866,,,0.9996563467056784,,,0.8619791716337204
nc-1-n4-0-n8-1-skip1-25,"[4, 4, 4, 4, 8, 8, 8]",1,1,25,,,0.0004637139390979428,,,0.9996863018085955,,,0.9996863830162955,,,0.8736979216337204
nc-1-n4-0-n8-1-skip1-26,"[4, 4, 4, 4, 8, 8, 8]",1,1,26,,,0.0004893671248282772,,,0.9996336355138822,,,0.9996337535531592,,,0.8515625
nc-1-n4-0-n8-1-skip1-27,"[4, 4, 4, 4, 8, 8, 8]",1,1,27,,,0.0005599376381724142,,,0.9995083825473354,,,0.9995085706092636,,,0.8020833358168602
nc-1-n4-0-n8-1-skip1-28,"[4, 4, 4, 4, 8, 8, 8]",1,1,28,,,0.0005234976124484092,,,0.9995684946222154,,,0.9995686395791606,,,0.8268229216337204
nc-1-n4-0-n8-1-skip1-29,"[4, 4, 4, 4, 8, 8, 8]",1,1,29,,,0.0005583373240369838,,,0.9995254078105875,,,0.9995255934722725,,,0.8098958358168602
nc-1-n4-0-n8-1-skip1-30,"[4, 4, 4, 4, 8, 8, 8]",1,1,30,,,0.0005267523156362586,,,0.9995539499646675,,,0.9995541191750646,,,0.8216145858168602
nc-1-n4-0-n8-1-skip1,"[4, 4, 4, 4, 8, 8, 8]",1,1,0,0.0008624256345986699,0.0005843183857255749,,0.9994625413336224,0.999406747656242,,0.999407004481252,0.9994627863132288,,0.7541666666666667,0.7857142857142857,
nc-1-n4-0-n8-0-skip1-0,"[4, 4, 4, 4, 8, 8, 8]",1,1,0,,,0.00046157694669091143,,,0.9996845882988269,,,0.9996846705424324,,,0.8736979216337204
nc-1-n4-0-n8-0-skip1-1,"[4, 4, 4, 4, 8, 8, 8]",1,1,1,,,0.00046608808406745084,,,0.999675526387301,,,0.9996756099451578,,,0.8697916716337204
nc-1-n4-0-n8-0-skip1-2,"[4, 4, 4, 4, 8, 8, 8]",1,1,2,,,0.00046948654198786244,,,0.9996651579057815,,,0.9996652511303997,,,0.8658854216337204
nc-1-n4-0-n8-0-skip1-3,"[4, 4, 4, 4, 8, 8, 8]",1,1,3,,,0.0004686341817432549,,,0.9996751248135683,,,0.9996752094464589,,,0.8697916716337204
nc-1-n4-0-n8-0-skip1-4,"[4, 4, 4, 4, 8, 8, 8]",1,1,4,,,0.0004550452940748073,,,0.9997038224259563,,,0.9997038970473191,,,0.8815104216337204
nc-1-n4-0-n8-0-skip1-5,"[4, 4, 4, 4, 8, 8, 8]",1,1,5,,,0.0004847798372793477,,,0.9996360613353216,,,0.9996361670796653,,,0.8541666716337204
nc-1-n4-0-n8-0-skip1-6,"[4, 4, 4, 4, 8, 8, 8]",1,1,6,,,0.00046872645543771796,,,0.9996752386624095,,,0.9996753268184246,,,0.8697916716337204
nc-1-n4-0-n8-0-skip1-7,"[4, 4, 4, 4, 8, 8, 8]",1,1,7,,,0.0004937013436574489,,,0.9996108594395605,,,0.999611005143064,,,0.8450520858168602
nc-1-n4-0-n8-0-skip1-8,"[4, 4, 4, 4, 8, 8, 8]",1,1,8,,,0.0004863336216658354,,,0.9996364478450532,,,0.9996365533462146,,,0.8541666716337204
nc-1-n4-0-n8-0-skip1-9,"[4, 4, 4, 4, 8, 8, 8]",1,1,9,,,0.000467186800960917,,,0.9996747279540369,,,0.9996748129965848,,,0.8697916716337204
nc-1-n4-0-n8-0-skip1-10,"[4, 4, 4, 4, 8, 8, 8]",1,1,10,,,0.0004826579170185141,,,0.9996467533972552,,,0.9996468518680388,,,0.8580729216337204
nc-1-n4-0-n8-0-skip1-11,"[4, 4, 4, 4, 8, 8, 8]",1,1,11,,,0.0004985132982255891,,,0.9996121916287743,,,0.9996123296711583,,,0.8450520858168602
nc-1-n4-0-n8-0-skip1-12,"[4, 4, 4, 4, 8, 8, 8]",1,1,12,,,0.00047782110050320625,,,0.9996554038042991,,,0.9996555063065824,,,0.8619791716337204
nc-1-n4-0-n8-0-skip1-13,"[4, 4, 4, 4, 8, 8, 8]",1,1,13,,,0.0004884127265540883,,,0.9996564519149397,,,0.9996565396128242,,,0.8619791716337204
nc-1-n4-0-n8-0-skip1-14,"[4, 4, 4, 4, 8, 8, 8]",1,1,14,,,0.0005166759256098885,,,0.9995834771877035,,,0.9995836259862844,,,0.8333333358168602
nc-1-n4-0-n8-0-skip1-15,"[4, 4, 4, 4, 8, 8, 8]",1,1,15,,,0.0004945560212945566,,,0.9996267855460851,,,0.9996269055430788,,,0.8502604216337204
nc-1-n4-0-n8-0-skip1-16,"[4, 4, 4, 4, 8, 8, 8]",1,1,16,,,0.0004919028142467141,,,0.9996274193772209,,,0.999627529242876,,,0.8502604216337204
nc-1-n4-0-n8-0-skip1-17,"[4, 4, 4, 4, 8, 8, 8]",1,1,17,,,0.00046368718540179543,,,0.9996951603003654,,,0.9996952356325074,,,0.8776041716337204
nc-1-n4-0-n8-0-skip1-18,"[4, 4, 4, 4, 8, 8, 8]",1,1,18,,,0.0005126472424308304,,,0.9995856206596005,,,0.9995857599529283,,,0.8333333358168602
nc-1-n4-0-n8-0-skip1-19,"[4, 4, 4, 4, 8, 8, 8]",1,1,19,,,0.0004827661505260039,,,0.9996452722049265,,,0.9996453747417473,,,0.8580729216337204
nc-1-n4-0-n8-0-skip1-20,"[4, 4, 4, 4, 8, 8, 8]",1,1,20,,,0.0004391951733850874,,,0.9997663966999052,,,0.9997664527008687,,,0.90625
nc-1-n4-0-n8-0-skip1-21,"[4, 4, 4, 4, 8, 8, 8]",1,1,21,,,0.0005127860458742362,,,0.9995951022632503,,,0.9995952433761707,,,0.8372395858168602
nc-1-n4-0-n8-0-skip1-22,"[4, 4, 4, 4, 8, 8, 8]",1,1,22,,,0.0004800421593245119,,,0.9996568056009092,,,0.9996568953447641,,,0.8619791716337204
nc-1-n4-0-n8-0-skip1-23,"[4, 4, 4, 4, 8, 8, 8]",1,1,23,,,0.0004877276296610944,,,0.9996453709214252,,,0.9996454768281949,,,0.8580729216337204
nc-1-n4-0-n8-0-skip1-24,"[4, 4, 4, 4, 8, 8, 8]",1,1,24,,,0.0004824944517167751,,,0.9996562572886866,,,0.9996563467056784,,,0.8619791716337204
nc-1-n4-0-n8-0-skip1-25,"[4, 4, 4, 4, 8, 8, 8]",1,1,25,,,0.00046366961032617837,,,0.9996863018085955,,,0.9996863830162955,,,0.8736979216337204
nc-1-n4-0-n8-0-skip1-26,"[4, 4, 4, 4, 8, 8, 8]",1,1,26,,,0.0004901238025922794,,,0.9996336355138822,,,0.9996337535531592,,,0.8515625
nc-1-n4-0-n8-0-skip1-27,"[4, 4, 4, 4, 8, 8, 8]",1,1,27,,,0.0005556997493840754,,,0.9995083825473354,,,0.9995085706092636,,,0.8020833358168602
nc-1-n4-0-n8-0-skip1-28,"[4, 4, 4, 4, 8, 8, 8]",1,1,28,,,0.0005236993856669869,,,0.9995684946222154,,,0.9995686395791606,,,0.8268229216337204
nc-1-n4-0-n8-0-skip1-29,"[4, 4, 4, 4, 8, 8, 8]",1,1,29,,,0.0005580823526543099,,,0.9995254078105875,,,0.9995255934722725,,,0.8098958358168602
nc-1-n4-0-n8-0-skip1-30,"[4, 4, 4, 4, 8, 8, 8]",1,1,30,,,0.0005292746718623675,,,0.9995539499646675,,,0.9995541191750646,,,0.8216145858168602
nc-1-n4-0-n8-0-skip1,"[4, 4, 4, 4, 8, 8, 8]",1,1,0,0.0008575540026261782,0.0005794377232502614,,0.9994625413336224,0.9994090890085342,,0.99940934352295,0.9994627863132288,,0.7541666666666667,0.7857142857142857,
-skip1,"[4, 4, 4, 4, 8, 8, 8]",1,1,0,0.13607042593260607,0.1616497039794922,,0.7272971205704628,0.7651868045508488,,0.8083867904712547,0.7838578157617331,,0.0,0.0,
nc-2-n4-2-n8-1-skip0-0,"[4, 4, 4, 4, 8, 8, 8]",0,2,0,,,0.15950372070074081,,,0.6428571428571428,,,0.75,,,0.0
nc-2-n4-2-n8-1-skip0-1,"[4, 4, 4, 4, 8, 8, 8]",0,2,1,,,0.15949044190347195,,,0.6428571428571428,,,0.75,,,0.0
nc-2-n4-2-n8-1-skip0-2,"[4, 4, 4, 4, 8, 8, 8]",0,2,2,,,0.1596689186990261,,,0.6428794741439581,,,0.7500094353864735,,,0.0
nc-2-n4-2-n8-1-skip0-3,"[4, 4, 4, 4, 8, 8, 8]",0,2,3,,,0.15949606522917747,,,0.6428655908914447,,,0.7499811292270531,,,0.0
nc-2-n4-2-n8-1-skip0-4,"[4, 4, 4, 4, 8, 8, 8]",0,2,4,,,0.1597539372742176,,,0.6428029026742572,,,0.7497097098886778,,,0.0
nc-2-n4-2-n8-1-skip0-5,"[4, 4, 4, 4, 8, 8, 8]",0,2,5,,,0.15954655036330223,,,0.6428571428571428,,,0.75,,,0.0
nc-2-n4-2-n8-1-skip0-6,"[4, 4, 4, 4, 8, 8, 8]",0,2,6,,,0.15952103585004807,,,0.6428521634056792,,,0.7499898340923878,,,0.0
nc-2-n4-2-n8-1-skip0-7,"[4, 4, 4, 4, 8, 8, 8]",0,2,7,,,0.15956543199717999,,,0.6428525831985701,,,0.749990691093238,,,0.0
nc-2-n4-2-n8-1-skip0-8,"[4, 4, 4, 4, 8, 8, 8]",0,2,8,,,0.15978830680251122,,,0.6429930724981139,,,0.7500348672932378,,,0.0
nc-2-n4-2-n8-1-skip0-9,"[4, 4, 4, 4, 8, 8, 8]",0,2,9,,,0.15951569937169552,,,0.6428525831985701,,,0.749990691093238,,,0.0
nc-2-n4-2-n8-1-skip0-10,"[4, 4, 4, 4, 8, 8, 8]",0,2,10,,,0.15965556725859642,,,0.6428571428571428,,,0.75,,,0.0
nc-2-n4-2-n8-1-skip0-11,"[4, 4, 4, 4, 8, 8, 8]",0,2,11,,,0.159714812412858,,,0.6428343406827275,,,0.7499534554661901,,,0.0
nc-2-n4-2-n8-1-skip0-12,"[4, 4, 4, 4, 8, 8, 8]",0,2,12,,,0.15958519652485847,,,0.6428764914161571,,,0.7500005475635063,,,0.0
nc-2-n4-2-n8-1-skip0-13,"[4, 4, 4, 4, 8, 8, 8]",0,2,13,,,0.15947212651371956,,,0.6428571428571428,,,0.75,,,0.0
nc-2-n4-2-n8-1-skip0-14,"[4, 4, 4, 4, 8, 8, 8]",0,2,14,,,0.15948138758540154,,,0.6428571428571428,,,0.75,,,0.0
nc-2-n4-2-n8-1-skip0-15,"[4, 4, 4, 4, 8, 8, 8]",0,2,15,,,0.1595524102449417,,,0.6428571428571428,,,0.75,,,0.0
nc-2-n4-2-n8-1-skip0-16,"[4, 4, 4, 4, 8, 8, 8]",0,2,16,,,0.15961403772234917,,,0.6428571428571428,,,0.75,,,0.0
nc-2-n4-2-n8-1-skip0-17,"[4, 4, 4, 4, 8, 8, 8]",0,2,17,,,0.15961281396448612,,,0.6428762165319979,,,0.75,,,0.0
nc-2-n4-2-n8-1-skip0-18,"[4, 4, 4, 4, 8, 8, 8]",0,2,18,,,0.15967277996242046,,,0.6428812026489925,,,0.7500101659076122,,,0.0
nc-2-n4-2-n8-1-skip0-19,"[4, 4, 4, 4, 8, 8, 8]",0,2,19,,,0.15966038219630718,,,0.6428571428571428,,,0.75,,,0.0
nc-2-n4-2-n8-1-skip0-20,"[4, 4, 4, 4, 8, 8, 8]",0,2,20,,,0.15961563773453236,,,0.6428571428571428,,,0.75,,,0.0
nc-2-n4-2-n8-1-skip0-21,"[4, 4, 4, 4, 8, 8, 8]",0,2,21,,,0.15991585701704025,,,0.6428795349770018,,,0.7500094610959733,,,0.0
nc-2-n4-2-n8-1-skip0-22,"[4, 4, 4, 4, 8, 8, 8]",0,2,22,,,0.15972886979579926,,,0.6428525212440148,,,0.7499905646135265,,,0.0
nc-2-n4-2-n8-1-skip0-23,"[4, 4, 4, 4, 8, 8, 8]",0,2,23,,,0.16012649796903133,,,0.6427999883926276,,,0.7494413558688107,,,0.0
nc-2-n4-2-n8-1-skip0-24,"[4, 4, 4, 4, 8, 8, 8]",0,2,24,,,0.15955548360943794,,,0.6428571428571428,,,0.75,,,0.0
nc-2-n4-2-n8-1-skip0-25,"[4, 4, 4, 4, 8, 8, 8]",0,2,25,,,0.1595633290708065,,,0.6428571428571428,,,0.75,,,0.0
nc-2-n4-2-n8-1-skip0-26,"[4, 4, 4, 4, 8, 8, 8]",0,2,26,,,0.1597040593624115,,,0.6428571428571428,,,0.75,,,0.0
nc-2-n4-2-n8-1-skip0-27,"[4, 4, 4, 4, 8, 8, 8]",0,2,27,,,0.15977230854332447,,,0.6428794741439581,,,0.7500094353864735,,,0.0
nc-2-n4-2-n8-1-skip0-28,"[4, 4, 4, 4, 8, 8, 8]",0,2,28,,,0.15960564278066158,,,0.6428525831985701,,,0.749990691093238,,,0.0
nc-2-n4-2-n8-1-skip0-29,"[4, 4, 4, 4, 8, 8, 8]",0,2,29,,,0.16007163375616074,,,0.6430350667200908,,,0.7494042299672327,,,0.0
nc-2-n4-2-n8-1-skip0-30,"[4, 4, 4, 4, 8, 8, 8]",0,2,30,,,0.15975709073245525,,,0.6428571428571428,,,0.75,,,0.0
nc-2-n4-2-n8-1-skip0,"[4, 4, 4, 4, 8, 8, 8]",0,2,0,0.16113509759306907,0.15488734628473008,,0.642867610745391,0.6428709529572354,,0.7500037764568088,0.7492151451815415,,0.0,0.0,
nc-2-n4-2-n8-0-skip0-0,"[4, 4, 4, 4, 8, 8, 8]",0,2,0,,,0.15719786658883095,,,0.6428435109645605,,,0.7499721693999901,,,0.0
nc-2-n4-2-n8-0-skip0-1,"[4, 4, 4, 4, 8, 8, 8]",0,2,1,,,0.15714660845696926,,,0.6428527048297572,,,0.7499909394027254,,,0.0
nc-2-n4-2-n8-0-skip0-2,"[4, 4, 4, 4, 8, 8, 8]",0,2,2,,,0.15725546516478062,,,0.642852508650519,,,0.7499905389040267,,,0.0
nc-2-n4-2-n8-0-skip0-3,"[4, 4, 4, 4, 8, 8, 8]",0,2,3,,,0.15723907761275768,,,0.6428479935969218,,,0.7499813210586196,,,0.0
nc-2-n4-2-n8-0-skip0-4,"[4, 4, 4, 4, 8, 8, 8]",0,2,4,,,0.1572784259915352,,,0.6428571428571428,,,0.75,,,0.0
nc-2-n4-2-n8-0-skip0-5,"[4, 4, 4, 4, 8, 8, 8]",0,2,5,,,0.15743830613791943,,,0.642852508650519,,,0.7499905389040267,,,0.0
nc-2-n4-2-n8-0-skip0-6,"[4, 4, 4, 4, 8, 8, 8]",0,2,6,,,0.15746283531188965,,,0.6428476928404001,,,0.7499807070676789,,,0.0
nc-2-n4-2-n8-0-skip0-7,"[4, 4, 4, 4, 8, 8, 8]",0,2,7,,,0.1573636531829834,,,0.642847887037391,,,0.7499811035175532,,,0.0
nc-2-n4-2-n8-0-skip0-8,"[4, 4, 4, 4, 8, 8, 8]",0,2,8,,,0.15734437853097916,,,0.6428571428571428,,,0.75,,,0.0
nc-2-n4-2-n8-0-skip0-9,"[4, 4, 4, 4, 8, 8, 8]",0,2,9,,,0.1573703344911337,,,0.6428481451711845,,,0.7499816304959634,,,0.0
nc-2-n4-2-n8-0-skip0-10,"[4, 4, 4, 4, 8, 8, 8]",0,2,10,,,0.15738440491259098,,,0.6428795349770018,,,0.7500094610959733,,,0.0
nc-2-n4-2-n8-0-skip0-11,"[4, 4, 4, 4, 8, 8, 8]",0,2,11,,,0.15761186927556992,,,0.6428571428571428,,,0.75,,,0.0
nc-2-n4-2-n8-0-skip0-12,"[4, 4, 4, 4, 8, 8, 8]",0,2,12,,,0.1573881432414055,,,0.6428571428571428,,,0.75,,,0.0
nc-2-n4-2-n8-0-skip0-13,"[4, 4, 4, 4, 8, 8, 8]",0,2,13,,,0.15741990692913532,,,0.6428571428571428,,,0.75,,,0.0
nc-2-n4-2-n8-0-skip0-14,"[4, 4, 4, 4, 8, 8, 8]",0,2,14,,,0.15737825259566307,,,0.6428389955432878,,,0.749962951554583,,,0.0
nc-2-n4-2-n8-0-skip0-15,"[4, 4, 4, 4, 8, 8, 8]",0,2,15,,,0.15723494812846184,,,0.6428747368428946,,,0.7500002483094874,,,0.0
nc-2-n4-2-n8-0-skip0-16,"[4, 4, 4, 4, 8, 8, 8]",0,2,16,,,0.15750840678811073,,,0.642870568237905,,,0.7499905646135265,,,0.0
nc-2-n4-2-n8-0-skip0-17,"[4, 4, 4, 4, 8, 8, 8]",0,2,17,,,0.15753071010112762,,,0.6428571428571428,,,0.75,,,0.0
nc-2-n4-2-n8-0-skip0-18,"[4, 4, 4, 4, 8, 8, 8]",0,2,18,,,0.15756100602447987,,,0.6428655849783185,,,0.7499809810866662,,,0.0
nc-2-n4-2-n8-0-skip0-19,"[4, 4, 4, 4, 8, 8, 8]",0,2,19,,,0.15731739439070225,,,0.6428478100111794,,,0.7499809462694207,,,0.0
nc-2-n4-2-n8-0-skip0-20,"[4, 4, 4, 4, 8, 8, 8]",0,2,20,,,0.1576505396515131,,,0.6428525831985701,,,0.749990691093238,,,0.0
nc-2-n4-2-n8-0-skip0-21,"[4, 4, 4, 4, 8, 8, 8]",0,2,21,,,0.1575737576931715,,,0.6428525831985701,,,0.749990691093238,,,0.0
nc-2-n4-2-n8-0-skip0-22,"[4, 4, 4, 4, 8, 8, 8]",0,2,22,,,0.15784363448619843,,,0.6428480832166292,,,0.7499815040162521,,,0.0
nc-2-n4-2-n8-0-skip0-23,"[4, 4, 4, 4, 8, 8, 8]",0,2,23,,,0.15754171460866928,,,0.6428428020357855,,,0.7499707230421198,,,0.0
nc-2-n4-2-n8-0-skip0-24,"[4, 4, 4, 4, 8, 8, 8]",0,2,24,,,0.15758307464420795,,,0.6428571428571428,,,0.75,,,0.0
nc-2-n4-2-n8-0-skip0-25,"[4, 4, 4, 4, 8, 8, 8]",0,2,25,,,0.15770318917930126,,,0.6428476928404001,,,0.7499807070676789,,,0.0
nc-2-n4-2-n8-0-skip0-26,"[4, 4, 4, 4, 8, 8, 8]",0,2,26,,,0.15761790983378887,,,0.6428812026489925,,,0.7500101659076122,,,0.0
nc-2-n4-2-n8-0-skip0-27,"[4, 4, 4, 4, 8, 8, 8]",0,2,27,,,0.15780720859766006,,,0.6428571428571428,,,0.75,,,0.0
nc-2-n4-2-n8-0-skip0-28,"[4, 4, 4, 4, 8, 8, 8]",0,2,28,,,0.15753703191876411,,,0.6428434339383491,,,0.7499720121518576,,,0.0
nc-2-n4-2-n8-0-skip0-29,"[4, 4, 4, 4, 8, 8, 8]",0,2,29,,,0.15771353989839554,,,0.6428748949966754,,,0.75,,,0.0
nc-2-n4-2-n8-0-skip0-30,"[4, 4, 4, 4, 8, 8, 8]",0,2,30,,,0.15788479335606098,,,0.6428750361165725,,,0.7500003747891988,,,0.0
nc-2-n4-2-n8-0-skip0,"[4, 4, 4, 4, 8, 8, 8]",0,2,0,0.15938835789759953,0.15198977078710282,,0.6428571428571429,0.6429416209613961,,0.7500149312260473,0.75,,0.0,0.0,
nc-2-n4-1-n8-1-skip0-0,"[4, 4, 4, 4, 8, 8, 8]",0,2,0,,,0.15325180254876614,,,0.6428716568734252,,,0.749990691093238,,,0.0
nc-2-n4-1-n8-1-skip0-1,"[4, 4, 4, 4, 8, 8, 8]",0,2,1,,,0.15340910479426384,,,0.6428713261738281,,,0.7499900159744409,,,0.0
nc-2-n4-1-n8-1-skip0-2,"[4, 4, 4, 4, 8, 8, 8]",0,2,2,,,0.15308336541056633,,,0.6428427133889365,,,0.7499705411600667,,,0.0
nc-2-n4-1-n8-1-skip0-3,"[4, 4, 4, 4, 8, 8, 8]",0,2,3,,,0.1527156699448824,,,0.6428571428571428,,,0.75,,,0.0
nc-2-n4-1-n8-1-skip0-4,"[4, 4, 4, 4, 8, 8, 8]",0,2,4,,,0.1532049123197794,,,0.6428476037471065,,,0.7499805251856257,,,0.0
nc-2-n4-1-n8-1-skip0-5,"[4, 4, 4, 4, 8, 8, 8]",0,2,5,,,0.15269195288419724,,,0.6428476037471065,,,0.7499805251856257,,,0.0
nc-2-n4-1-n8-1-skip0-6,"[4, 4, 4, 4, 8, 8, 8]",0,2,6,,,0.15280603431165218,,,0.64290323466213,,,0.7500194748143743,,,0.0
nc-2-n4-1-n8-1-skip0-7,"[4, 4, 4, 4, 8, 8, 8]",0,2,7,,,0.15254744328558445,,,0.6428716568734252,,,0.749990691093238,,,0.0
nc-2-n4-1-n8-1-skip0-8,"[4, 4, 4, 4, 8, 8, 8]",0,2,8,,,0.1526934690773487,,,0.6428712299564112,,,0.7499898340923878,,,0.0
nc-2-n4-1-n8-1-skip0-9,"[4, 4, 4, 4, 8, 8, 8]",0,2,9,,,0.15287091583013535,,,0.642852508650519,,,0.7499905389040267,,,0.0
nc-2-n4-1-n8-1-skip0-10,"[4, 4, 4, 4, 8, 8, 8]",0,2,10,,,0.1523142009973526,,,0.6428571428571428,,,0.75,,,0.0
nc-2-n4-1-n8-1-skip0-11,"[4, 4, 4, 4, 8, 8, 8]",0,2,11,,,0.15236098133027554,,,0.6428521634056792,,,0.7499898340923878,,,0.0
nc-2-n4-1-n8-1-skip0-12,"[4, 4, 4, 4, 8, 8, 8]",0,2,12,,,0.1527713928371668,,,0.6428748237441664,,,0.7499998427518675,,,0.0
nc-2-n4-1-n8-1-skip0-13,"[4, 4, 4, 4, 8, 8, 8]",0,2,13,,,0.15231620334088802,,,0.6428571428571428,,,0.75,,,0.0
nc-2-n4-1-n8-1-skip0-14,"[4, 4, 4, 4, 8, 8, 8]",0,2,14,,,0.15255663730204105,,,0.6428571428571428,,,0.75,,,0.0
nc-2-n4-1-n8-1-skip0-15,"[4, 4, 4, 4, 8, 8, 8]",0,2,15,,,0.15268625877797604,,,0.6428481451711845,,,0.7499816304959634,,,0.0
nc-2-n4-1-n8-1-skip0-16,"[4, 4, 4, 4, 8, 8, 8]",0,2,16,,,0.15300234407186508,,,0.6428524316243074,,,0.7499903816558942,,,0.0
nc-2-n4-1-n8-1-skip0-17,"[4, 4, 4, 4, 8, 8, 8]",0,2,17,,,0.15277189947664738,,,0.6428763342719712,,,0.7500009234282845,,,0.0
nc-2-n4-1-n8-1-skip0-18,"[4, 4, 4, 4, 8, 8, 8]",0,2,18,,,0.15367508493363857,,,0.6428981251364057,,,0.7498302232020653,,,0.0
nc-2-n4-1-n8-1-skip0-19,"[4, 4, 4, 4, 8, 8, 8]",0,2,19,,,0.15283875912427902,,,0.6428525212440148,,,0.7499905646135265,,,0.0
nc-2-n4-1-n8-1-skip0-20,"[4, 4, 4, 4, 8, 8, 8]",0,2,20,,,0.15297427773475647,,,0.642852508650519,,,0.7499905389040267,,,0.0
nc-2-n4-1-n8-1-skip0-21,"[4, 4, 4, 4, 8, 8, 8]",0,2,21,,,0.15282556787133217,,,0.6428571428571428,,,0.75,,,0.0
nc-2-n4-1-n8-1-skip0-22,"[4, 4, 4, 4, 8, 8, 8]",0,2,22,,,0.1529372576624155,,,0.6428785873197109,,,0.7500090605972746,,,0.0
nc-2-n4-1-n8-1-skip0-23,"[4, 4, 4, 4, 8, 8, 8]",0,2,23,,,0.1525019071996212,,,0.6428702802787616,,,0.749990665383738,,,0.0
nc-2-n4-1-n8-1-skip0-24,"[4, 4, 4, 4, 8, 8, 8]",0,2,24,,,0.15314548648893833,,,0.6428429821339785,,,0.7499710897991524,,,0.0
nc-2-n4-1-n8-1-skip0-25,"[4, 4, 4, 4, 8, 8, 8]",0,2,25,,,0.15254847705364227,,,0.6428571428571428,,,0.75,,,0.0
nc-2-n4-1-n8-1-skip0-26,"[4, 4, 4, 4, 8, 8, 8]",0,2,26,,,0.15253345854580402,,,0.6428571428571428,,,0.75,,,0.0
nc-2-n4-1-n8-1-skip0-27,"[4, 4, 4, 4, 8, 8, 8]",0,2,27,,,0.15286864712834358,,,0.6428527048297572,,,0.7499909394027254,,,0.0
nc-2-n4-1-n8-1-skip0-28,"[4, 4, 4, 4, 8, 8, 8]",0,2,28,,,0.1526841390877962,,,0.6428431037651656,,,0.7499713381086398,,,0.0
nc-2-n4-1-n8-1-skip0-29,"[4, 4, 4, 4, 8, 8, 8]",0,2,29,,,0.15273655392229557,,,0.6428480231518916,,,0.749981382186476,,,0.0
nc-2-n4-1-n8-1-skip0-30,"[4, 4, 4, 4, 8, 8, 8]",0,2,30,,,0.1529721636325121,,,0.6428785873197109,,,0.7500090605972746,,,0.0
nc-2-n4-1-n8-1-skip0,"[4, 4, 4, 4, 8, 8, 8]",0,2,0,0.15598855962355931,0.14678249401705606,,0.6428453898236359,0.6429343134582148,,0.7499744469594851,0.7499760065262249,,0.0,0.0,
nc-2-n4-1-n8-0-skip0-0,"[4, 4, 4, 4, 8, 8, 8]",0,2,0,,,0.15313094668090343,,,0.6428571428571428,,,0.75,,,0.0
nc-2-n4-1-n8-0-skip0-1,"[4, 4, 4, 4, 8, 8, 8]",0,2,1,,,0.15310906432569027,,,0.6428571428571428,,,0.75,,,0.0
nc-2-n4-1-n8-0-skip0-2,"[4, 4, 4, 4, 8, 8, 8]",0,2,2,,,0.15304851718246937,,,0.6428571428571428,,,0.75,,,0.0
nc-2-n4-1-n8-0-skip0-3,"[4, 4, 4, 4, 8, 8, 8]",0,2,3,,,0.15289945527911186,,,0.6428571428571428,,,0.75,,,0.0
nc-2-n4-1-n8-0-skip0-4,"[4, 4, 4, 4, 8, 8, 8]",0,2,4,,,0.1531942579895258,,,0.6428571428571428,,,0.75,,,0.0
nc-2-n4-1-n8-0-skip0-5,"[4, 4, 4, 4, 8, 8, 8]",0,2,5,,,0.15318667143583298,,,0.6428571428571428,,,0.75,,,0.0
nc-2-n4-1-n8-0-skip0-6,"[4, 4, 4, 4, 8, 8, 8]",0,2,6,,,0.15311216190457344,,,0.6428571428571428,,,0.75,,,0.0
nc-2-n4-1-n8-0-skip0-7,"[4, 4, 4, 4, 8, 8, 8]",0,2,7,,,0.15308876521885395,,,0.6428571428571428,,,0.75,,,0.0
nc-2-n4-1-n8-0-skip0-8,"[4, 4, 4, 4, 8, 8, 8]",0,2,8,,,0.153378089889884,,,0.6428571428571428,,,0.75,,,0.0
nc-2-n4-1-n8-0-skip0-9,"[4, 4, 4, 4, 8, 8, 8]",0,2,9,,,0.15328135900199413,,,0.6428571428571428,,,0.75,,,0.0
nc-2-n4-1-n8-0-skip0-10,"[4, 4, 4, 4, 8, 8, 8]",0,2,10,,,0.15316479094326496,,,0.6428571428571428,,,0.75,,,0.0
nc-2-n4-1-n8-0-skip0-11,"[4, 4, 4, 4, 8, 8, 8]",0,2,11,,,0.15302814543247223,,,0.6428571428571428,,,0.75,,,0.0
nc-2-n4-1-n8-0-skip0-12,"[4, 4, 4, 4, 8, 8, 8]",0,2,12,,,0.15324532985687256,,,0.6428571428571428,,,0.75,,,0.0
nc-2-n4-1-n8-0-skip0-13,"[4, 4, 4, 4, 8, 8, 8]",0,2,13,,,0.15302080661058426,,,0.6428571428571428,,,0.75,,,0.0
nc-2-n4-1-n8-0-skip0-14,"[4, 4, 4, 4, 8, 8, 8]",0,2,14,,,0.15335230715572834,,,0.6428571428571428,,,0.75,,,0.0
nc-2-n4-1-n8-0-skip0-15,"[4, 4, 4, 4, 8, 8, 8]",0,2,15,,,0.15316970460116863,,,0.6428571428571428,,,0.75,,,0.0
nc-2-n4-1-n8-0-skip0-16,"[4, 4, 4, 4, 8, 8, 8]",0,2,16,,,0.15333650819957256,,,0.6428571428571428,,,0.75,,,0.0
nc-2-n4-1-n8-0-skip0-17,"[4, 4, 4, 4, 8, 8, 8]",0,2,17,,,0.1532382294535637,,,0.6428571428571428,,,0.75,,,0.0
nc-2-n4-1-n8-0-skip0-18,"[4, 4, 4, 4, 8, 8, 8]",0,2,18,,,0.15357181429862976,,,0.6428571428571428,,,0.75,,,0.0
nc-2-n4-1-n8-0-skip0-19,"[4, 4, 4, 4, 8, 8, 8]",0,2,19,,,0.1536891981959343,,,0.6428571428571428,,,0.75,,,0.0
nc-2-n4-1-n8-0-skip0-20,"[4, 4, 4, 4, 8, 8, 8]",0,2,20,,,0.15353559143841267,,,0.6428571428571428,,,0.75,,,0.0
nc-2-n4-1-n8-0-skip0-21,"[4, 4, 4, 4, 8, 8, 8]",0,2,21,,,0.15355725958943367,,,0.6428571428571428,,,0.75,,,0.0
nc-2-n4-1-n8-0-skip0-22,"[4, 4, 4, 4, 8, 8, 8]",0,2,22,,,0.15371771343052387,,,0.6428571428571428,,,0.75,,,0.0
nc-2-n4-1-n8-0-skip0-23,"[4, 4, 4, 4, 8, 8, 8]",0,2,23,,,0.15389607660472393,,,0.6428480231518916,,,0.749981382186476,,,0.0
nc-2-n4-1-n8-0-skip0-24,"[4, 4, 4, 4, 8, 8, 8]",0,2,24,,,0.15349468030035496,,,0.6428571428571428,,,0.75,,,0.0
nc-2-n4-1-n8-0-skip0-25,"[4, 4, 4, 4, 8, 8, 8]",0,2,25,,,0.154101537540555,,,0.6428571428571428,,,0.75,,,0.0
nc-2-n4-1-n8-0-skip0-26,"[4, 4, 4, 4, 8, 8, 8]",0,2,26,,,0.15339653939008713,,,0.6428571428571428,,,0.75,,,0.0
nc-2-n4-1-n8-0-skip0-27,"[4, 4, 4, 4, 8, 8, 8]",0,2,27,,,0.15374725125730038,,,0.6428571428571428,,,0.75,,,0.0
nc-2-n4-1-n8-0-skip0-28,"[4, 4, 4, 4, 8, 8, 8]",0,2,28,,,0.1531607937067747,,,0.6428571428571428,,,0.75,,,0.0
nc-2-n4-1-n8-0-skip0-29,"[4, 4, 4, 4, 8, 8, 8]",0,2,29,,,0.15356935933232307,,,0.6428571428571428,,,0.75,,,0.0
nc-2-n4-1-n8-0-skip0-30,"[4, 4, 4, 4, 8, 8, 8]",0,2,30,,,0.1537969447672367,,,0.6428571428571428,,,0.75,,,0.0
nc-2-n4-1-n8-0-skip0,"[4, 4, 4, 4, 8, 8, 8]",0,2,0,0.15635955209533373,0.14769286130155837,,0.6428571428571429,0.6428615607113705,,0.749999879871887,0.75,,0.0,0.0,
nc-2-n4-0-n8-1-skip0-0,"[4, 4, 4, 4, 8, 8, 8]",0,2,0,,,0.15339383110404015,,,0.6428476037471065,,,0.7499805251856257,,,0.0
nc-2-n4-0-n8-1-skip0-1,"[4, 4, 4, 4, 8, 8, 8]",0,2,1,,,0.1533801667392254,,,0.6428423822428946,,,0.7499698660412696,,,0.0
nc-2-n4-0-n8-1-skip0-2,"[4, 4, 4, 4, 8, 8, 8]",0,2,2,,,0.15329069644212723,,,0.6428382753615509,,,0.7499614805627921,,,0.0
nc-2-n4-0-n8-1-skip0-3,"[4, 4, 4, 4, 8, 8, 8]",0,2,3,,,0.15357044711709023,,,0.6428337153148727,,,0.7499521716560301,,,0.0
nc-2-n4-0-n8-1-skip0-4,"[4, 4, 4, 4, 8, 8, 8]",0,2,4,,,0.15318029187619686,,,0.6428573419122829,,,0.7499614805627921,,,0.0
nc-2-n4-0-n8-1-skip0-5,"[4, 4, 4, 4, 8, 8, 8]",0,2,5,,,0.15373570099473,,,0.6428427133889365,,,0.7499705411600667,,,0.0
nc-2-n4-0-n8-1-skip0-6,"[4, 4, 4, 4, 8, 8, 8]",0,2,6,,,0.15341797471046448,,,0.6428557631961282,,,0.7499609535843819,,,0.0
nc-2-n4-0-n8-1-skip0-7,"[4, 4, 4, 4, 8, 8, 8]",0,2,7,,,0.15359102375805378,,,0.6428201542845193,,,0.7499244881208278,,,0.0
nc-2-n4-0-n8-1-skip0-8,"[4, 4, 4, 4, 8, 8, 8]",0,2,8,,,0.15315676480531693,,,0.6428474886485689,,,0.7499413970570551,,,0.0
nc-2-n4-0-n8-1-skip0-9,"[4, 4, 4, 4, 8, 8, 8]",0,2,9,,,0.15295151248574257,,,0.642847618292349,,,0.7499805548784676,,,0.0
nc-2-n4-0-n8-1-skip0-10,"[4, 4, 4, 4, 8, 8, 8]",0,2,10,,,0.15313002467155457,,,0.6428976694365369,,,0.7499702317227228,,,0.0
nc-2-n4-0-n8-1-skip0-11,"[4, 4, 4, 4, 8, 8, 8]",0,2,11,,,0.15289370715618134,,,0.6428508409531559,,,0.7499509795083361,,,0.0
nc-2-n4-0-n8-1-skip0-12,"[4, 4, 4, 4, 8, 8, 8]",0,2,12,,,0.15282190032303333,,,0.6428429816075647,,,0.7499710887235731,,,0.0
nc-2-n4-0-n8-1-skip0-13,"[4, 4, 4, 4, 8, 8, 8]",0,2,13,,,0.15318511240184307,,,0.6428560042760179,,,0.7499614457455466,,,0.0
nc-2-n4-0-n8-1-skip0-14,"[4, 4, 4, 4, 8, 8, 8]",0,2,14,,,0.15333042107522488,,,0.6428687175100776,,,0.7499889106641032,,,0.0
nc-2-n4-0-n8-1-skip0-15,"[4, 4, 4, 4, 8, 8, 8]",0,2,15,,,0.1533601824194193,,,0.6428433273788183,,,0.7499717946107912,,,0.0
nc-2-n4-0-n8-1-skip0-16,"[4, 4, 4, 4, 8, 8, 8]",0,2,16,,,0.1538001447916031,,,0.6428525212440148,,,0.7499905646135265,,,0.0
nc-2-n4-0-n8-1-skip0-17,"[4, 4, 4, 4, 8, 8, 8]",0,2,17,,,0.153590876609087,,,0.6428665426659592,,,0.7499809462694207,,,0.0
nc-2-n4-0-n8-1-skip0-18,"[4, 4, 4, 4, 8, 8, 8]",0,2,18,,,0.15369606018066406,,,0.6428385586518357,,,0.7499620588947196,,,0.0
nc-2-n4-0-n8-1-skip0-19,"[4, 4, 4, 4, 8, 8, 8]",0,2,19,,,0.1534134317189455,,,0.6428337423952719,,,0.7499522270583718,,,0.0
nc-2-n4-0-n8-1-skip0-20,"[4, 4, 4, 4, 8, 8, 8]",0,2,20,,,0.15357822366058826,,,0.6428699333859964,,,0.7499898587263084,,,0.0
nc-2-n4-0-n8-1-skip0-21,"[4, 4, 4, 4, 8, 8, 8]",0,2,21,,,0.1533792894333601,,,0.6428781992459744,,,0.7499717638423702,,,0.0
nc-2-n4-0-n8-1-skip0-22,"[4, 4, 4, 4, 8, 8, 8]",0,2,22,,,0.15394126065075397,,,0.6428649501316932,,,0.7499812299972647,,,0.0
nc-2-n4-0-n8-1-skip0-23,"[4, 4, 4, 4, 8, 8, 8]",0,2,23,,,0.15459252148866653,,,0.6428766893260158,,,0.7497852450685834,,,0.0
nc-2-n4-0-n8-1-skip0-24,"[4, 4, 4, 4, 8, 8, 8]",0,2,24,,,0.15343603678047657,,,0.6428749753184289,,,0.7500001521892113,,,0.0
nc-2-n4-0-n8-1-skip0-25,"[4, 4, 4, 4, 8, 8, 8]",0,2,25,,,0.1536017581820488,,,0.642852252498973,,,0.7499900159744409,,,0.0
nc-2-n4-0-n8-1-skip0-26,"[4, 4, 4, 4, 8, 8, 8]",0,2,26,,,0.1532394140958786,,,0.6428434015387638,,,0.7499719468000026,,,0.0
nc-2-n4-0-n8-1-skip0-27,"[4, 4, 4, 4, 8, 8, 8]",0,2,27,,,0.15336903743445873,,,0.6428428350201238,,,0.7499707894695541,,,0.0
nc-2-n4-0-n8-1-skip0-28,"[4, 4, 4, 4, 8, 8, 8]",0,2,28,,,0.1531950831413269,,,0.6428437067761232,,,0.7499725698986889,,,0.0
nc-2-n4-0-n8-1-skip0-29,"[4, 4, 4, 4, 8, 8, 8]",0,2,29,,,0.15322286821901798,,,0.6428527048297572,,,0.7499909394027254,,,0.0
nc-2-n4-0-n8-1-skip0-30,"[4, 4, 4, 4, 8, 8, 8]",0,2,30,,,0.15391652286052704,,,0.6428867666862246,,,0.7499896154757422,,,0.0
nc-2-n4-0-n8-1-skip0,"[4, 4, 4, 4, 8, 8, 8]",0,2,0,0.15600864167014758,0.1484777331352234,,0.6428735559127958,0.6429905476843796,,0.7500212420758131,0.7499434612752995,,0.0,0.0,
nc-2-n4-0-n8-0-skip0-0,"[4, 4, 4, 4, 8, 8, 8]",0,2,0,,,0.1573869027197361,,,0.6428571428571428,,,0.75,,,0.0
nc-2-n4-0-n8-0-skip0-1,"[4, 4, 4, 4, 8, 8, 8]",0,2,1,,,0.1574713196605444,,,0.6428424704432372,,,0.7499700479233227,,,0.0
nc-2-n4-0-n8-0-skip0-2,"[4, 4, 4, 4, 8, 8, 8]",0,2,2,,,0.1574067398905754,,,0.6428571428571428,,,0.75,,,0.0
nc-2-n4-0-n8-0-skip0-3,"[4, 4, 4, 4, 8, 8, 8]",0,2,3,,,0.15752393566071987,,,0.6428571428571428,,,0.75,,,0.0
nc-2-n4-0-n8-0-skip0-4,"[4, 4, 4, 4, 8, 8, 8]",0,2,4,,,0.1573142260313034,,,0.6428571428571428,,,0.75,,,0.0
nc-2-n4-0-n8-0-skip0-5,"[4, 4, 4, 4, 8, 8, 8]",0,2,5,,,0.15752802416682243,,,0.6428571428571428,,,0.75,,,0.0
nc-2-n4-0-n8-0-skip0-6,"[4, 4, 4, 4, 8, 8, 8]",0,2,6,,,0.15751811861991882,,,0.6429322403705064,,,0.7500096183441058,,,0.0
nc-2-n4-0-n8-0-skip0-7,"[4, 4, 4, 4, 8, 8, 8]",0,2,7,,,0.1576798241585493,,,0.6428866746376256,,,0.7499909394027254,,,0.0
nc-2-n4-0-n8-0-skip0-8,"[4, 4, 4, 4, 8, 8, 8]",0,2,8,,,0.15785980224609375,,,0.6428571428571428,,,0.75,,,0.0
nc-2-n4-0-n8-0-skip0-9,"[4, 4, 4, 4, 8, 8, 8]",0,2,9,,,0.15747930109500885,,,0.6428293316028553,,,0.7499432334241598,,,0.0
nc-2-n4-0-n8-0-skip0-10,"[4, 4, 4, 4, 8, 8, 8]",0,2,10,,,0.15744133107364178,,,0.6428571428571428,,,0.75,,,0.0
nc-2-n4-0-n8-0-skip0-11,"[4, 4, 4, 4, 8, 8, 8]",0,2,11,,,0.1574985533952713,,,0.6428571428571428,,,0.75,,,0.0
nc-2-n4-0-n8-0-skip0-12,"[4, 4, 4, 4, 8, 8, 8]",0,2,12,,,0.1574671883136034,,,0.6428571428571428,,,0.75,,,0.0
nc-2-n4-0-n8-0-skip0-13,"[4, 4, 4, 4, 8, 8, 8]",0,2,13,,,0.15756725147366524,,,0.6428571428571428,,,0.75,,,0.0
nc-2-n4-0-n8-0-skip0-14,"[4, 4, 4, 4, 8, 8, 8]",0,2,14,,,0.1578187681734562,,,0.6428571428571428,,,0.75,,,0.0
nc-2-n4-0-n8-0-skip0-15,"[4, 4, 4, 4, 8, 8, 8]",0,2,15,,,0.1574629247188568,,,0.6428571428571428,,,0.75,,,0.0
nc-2-n4-0-n8-0-skip0-16,"[4, 4, 4, 4, 8, 8, 8]",0,2,16,,,0.15775749646127224,,,0.6428571428571428,,,0.75,,,0.0
nc-2-n4-0-n8-0-skip0-17,"[4, 4, 4, 4, 8, 8, 8]",0,2,17,,,0.15732278861105442,,,0.6428571428571428,,,0.75,,,0.0
nc-2-n4-0-n8-0-skip0-18,"[4, 4, 4, 4, 8, 8, 8]",0,2,18,,,0.15781763009727,,,0.6428571428571428,,,0.75,,,0.0
nc-2-n4-0-n8-0-skip0-19,"[4, 4, 4, 4, 8, 8, 8]",0,2,19,,,0.1577254682779312,,,0.6428571428571428,,,0.75,,,0.0
nc-2-n4-0-n8-0-skip0-20,"[4, 4, 4, 4, 8, 8, 8]",0,2,20,,,0.15773601830005646,,,0.6428571428571428,,,0.75,,,0.0
nc-2-n4-0-n8-0-skip0-21,"[4, 4, 4, 4, 8, 8, 8]",0,2,21,,,0.15781193226575851,,,0.6428571428571428,,,0.75,,,0.0
nc-2-n4-0-n8-0-skip0-22,"[4, 4, 4, 4, 8, 8, 8]",0,2,22,,,0.15797211788594723,,,0.6428571428571428,,,0.75,,,0.0
nc-2-n4-0-n8-0-skip0-23,"[4, 4, 4, 4, 8, 8, 8]",0,2,23,,,0.15789229795336723,,,0.6428515576354077,,,0.7497870528109029,,,0.0
nc-2-n4-0-n8-0-skip0-24,"[4, 4, 4, 4, 8, 8, 8]",0,2,24,,,0.1576111614704132,,,0.6428571428571428,,,0.75,,,0.0
nc-2-n4-0-n8-0-skip0-25,"[4, 4, 4, 4, 8, 8, 8]",0,2,25,,,0.1576916165649891,,,0.6428571428571428,,,0.75,,,0.0
nc-2-n4-0-n8-0-skip0-26,"[4, 4, 4, 4, 8, 8, 8]",0,2,26,,,0.15766369737684727,,,0.6428422031141063,,,0.7499695022771633,,,0.0
nc-2-n4-0-n8-0-skip0-27,"[4, 4, 4, 4, 8, 8, 8]",0,2,27,,,0.15793069079518318,,,0.6428847738648051,,,0.7499800319488817,,,0.0
nc-2-n4-0-n8-0-skip0-28,"[4, 4, 4, 4, 8, 8, 8]",0,2,28,,,0.15766844525933266,,,0.6428571428571428,,,0.75,,,0.0
nc-2-n4-0-n8-0-skip0-29,"[4, 4, 4, 4, 8, 8, 8]",0,2,29,,,0.15773724764585495,,,0.6428571428571428,,,0.75,,,0.0
nc-2-n4-0-n8-0-skip0-30,"[4, 4, 4, 4, 8, 8, 8]",0,2,30,,,0.15774566680192947,,,0.6428571428571428,,,0.75,,,0.0
nc-2-n4-0-n8-0-skip0,"[4, 4, 4, 4, 8, 8, 8]",0,2,0,0.1596160096426805,0.15262052842548915,,0.6429083734390603,0.6428627759616102,,0.7499974667631596,0.748753875593794,,0.0,0.0,
nc-1-n4-2-n8-1-skip0-0,"[4, 4, 4, 4, 8, 8, 8]",0,1,0,,,0.15230362303555012,,,0.6428571428571428,,,0.75,,,0.0
nc-1-n4-2-n8-1-skip0-1,"[4, 4, 4, 4, 8, 8, 8]",0,1,1,,,0.1523516308516264,,,0.6428571428571428,,,0.75,,,0.0
nc-1-n4-2-n8-1-skip0-2,"[4, 4, 4, 4, 8, 8, 8]",0,1,2,,,0.15216508693993092,,,0.6428571428571428,,,0.75,,,0.0
nc-1-n4-2-n8-1-skip0-3,"[4, 4, 4, 4, 8, 8, 8]",0,1,3,,,0.15233365818858147,,,0.6428571428571428,,,0.75,,,0.0
nc-1-n4-2-n8-1-skip0-4,"[4, 4, 4, 4, 8, 8, 8]",0,1,4,,,0.15224171243607998,,,0.6428571428571428,,,0.75,,,0.0
nc-1-n4-2-n8-1-skip0-5,"[4, 4, 4, 4, 8, 8, 8]",0,1,5,,,0.15221238508820534,,,0.6428571428571428,,,0.75,,,0.0
nc-1-n4-2-n8-1-skip0-6,"[4, 4, 4, 4, 8, 8, 8]",0,1,6,,,0.15235532075166702,,,0.6428571428571428,,,0.75,,,0.0
nc-1-n4-2-n8-1-skip0-7,"[4, 4, 4, 4, 8, 8, 8]",0,1,7,,,0.1525224056094885,,,0.6428571428571428,,,0.75,,,0.0
nc-1-n4-2-n8-1-skip0-8,"[4, 4, 4, 4, 8, 8, 8]",0,1,8,,,0.152433879673481,,,0.6428571428571428,,,0.75,,,0.0
nc-1-n4-2-n8-1-skip0-9,"[4, 4, 4, 4, 8, 8, 8]",0,1,9,,,0.15246387384831905,,,0.6428571428571428,,,0.75,,,0.0
nc-1-n4-2-n8-1-skip0-10,"[4, 4, 4, 4, 8, 8, 8]",0,1,10,,,0.15254618413746357,,,0.6428571428571428,,,0.75,,,0.0
nc-1-n4-2-n8-1-skip0-11,"[4, 4, 4, 4, 8, 8, 8]",0,1,11,,,0.1525783147662878,,,0.6428571428571428,,,0.75,,,0.0
nc-1-n4-2-n8-1-skip0-12,"[4, 4, 4, 4, 8, 8, 8]",0,1,12,,,0.15266435779631138,,,0.6428571428571428,,,0.75,,,0.0
nc-1-n4-2-n8-1-skip0-13,"[4, 4, 4, 4, 8, 8, 8]",0,1,13,,,0.15264387801289558,,,0.6428571428571428,,,0.75,,,0.0
nc-1-n4-2-n8-1-skip0-14,"[4, 4, 4, 4, 8, 8, 8]",0,1,14,,,0.15254591219127178,,,0.6428571428571428,,,0.75,,,0.0
nc-1-n4-2-n8-1-skip0-15,"[4, 4, 4, 4, 8, 8, 8]",0,1,15,,,0.15288024209439754,,,0.6428571428571428,,,0.75,,,0.0
nc-1-n4-2-n8-1-skip0-16,"[4, 4, 4, 4, 8, 8, 8]",0,1,16,,,0.15264789201319218,,,0.6428571428571428,,,0.75,,,0.0
nc-1-n4-2-n8-1-skip0-17,"[4, 4, 4, 4, 8, 8, 8]",0,1,17,,,0.15279030427336693,,,0.6428571428571428,,,0.75,,,0.0
nc-1-n4-2-n8-1-skip0-18,"[4, 4, 4, 4, 8, 8, 8]",0,1,18,,,0.15259001590311527,,,0.6428571428571428,,,0.75,,,0.0
nc-1-n4-2-n8-1-skip0-19,"[4, 4, 4, 4, 8, 8, 8]",0,1,19,,,0.1527895089238882,,,0.6428571428571428,,,0.75,,,0.0
nc-1-n4-2-n8-1-skip0-20,"[4, 4, 4, 4, 8, 8, 8]",0,1,20,,,0.15264306776225567,,,0.6428571428571428,,,0.75,,,0.0
nc-1-n4-2-n8-1-skip0-21,"[4, 4, 4, 4, 8, 8, 8]",0,1,21,,,0.15249736234545708,,,0.6428571428571428,,,0.75,,,0.0
nc-1-n4-2-n8-1-skip0-22,"[4, 4, 4, 4, 8, 8, 8]",0,1,22,,,0.15261948481202126,,,0.6428571428571428,,,0.75,,,0.0
nc-1-n4-2-n8-1-skip0-23,"[4, 4, 4, 4, 8, 8, 8]",0,1,23,,,0.1526891142129898,,,0.6428571428571428,,,0.75,,,0.0
nc-1-n4-2-n8-1-skip0-24,"[4, 4, 4, 4, 8, 8, 8]",0,1,24,,,0.15294418670237064,,,0.6428571428571428,,,0.75,,,0.0
nc-1-n4-2-n8-1-skip0-25,"[4, 4, 4, 4, 8, 8, 8]",0,1,25,,,0.1527730319648981,,,0.6428571428571428,,,0.75,,,0.0
nc-1-n4-2-n8-1-skip0-26,"[4, 4, 4, 4, 8, 8, 8]",0,1,26,,,0.15266327746212482,,,0.6428571428571428,,,0.75,,,0.0
nc-1-n4-2-n8-1-skip0-27,"[4, 4, 4, 4, 8, 8, 8]",0,1,27,,,0.15261978469789028,,,0.6428571428571428,,,0.75,,,0.0
nc-1-n4-2-n8-1-skip0-28,"[4, 4, 4, 4, 8, 8, 8]",0,1,28,,,0.15255790948867798,,,0.6428571428571428,,,0.75,,,0.0
nc-1-n4-2-n8-1-skip0-29,"[4, 4, 4, 4, 8, 8, 8]",0,1,29,,,0.15302657894790173,,,0.6428571428571428,,,0.75,,,0.0
nc-1-n4-2-n8-1-skip0-30,"[4, 4, 4, 4, 8, 8, 8]",0,1,30,,,0.15288359858095646,,,0.6428571428571428,,,0.75,,,0.0
nc-1-n4-2-n8-1-skip0,"[4, 4, 4, 4, 8, 8, 8]",0,1,0,0.15475484679142634,0.14633965492248535,,0.6428571428571429,0.6428665374698,,0.74997854997855,0.75,,0.0,0.0,
nc-1-n4-2-n8-0-skip0-0,"[4, 4, 4, 4, 8, 8, 8]",0,1,0,,,0.15188025869429111,,,0.6428571428571428,,,0.75,,,0.0
nc-1-n4-2-n8-0-skip0-1,"[4, 4, 4, 4, 8, 8, 8]",0,1,1,,,0.15178816951811314,,,0.6428571428571428,,,0.75,,,0.0
nc-1-n4-2-n8-0-skip0-2,"[4, 4, 4, 4, 8, 8, 8]",0,1,2,,,0.15181808173656464,,,0.6428571428571428,,,0.75,,,0.0
nc-1-n4-2-n8-0-skip0-3,"[4, 4, 4, 4, 8, 8, 8]",0,1,3,,,0.1518935039639473,,,0.6428571428571428,,,0.75,,,0.0
nc-1-n4-2-n8-0-skip0-4,"[4, 4, 4, 4, 8, 8, 8]",0,1,4,,,0.15181891061365604,,,0.6428571428571428,,,0.75,,,0.0
nc-1-n4-2-n8-0-skip0-5,"[4, 4, 4, 4, 8, 8, 8]",0,1,5,,,0.151645353063941,,,0.6428571428571428,,,0.75,,,0.0
nc-1-n4-2-n8-0-skip0-6,"[4, 4, 4, 4, 8, 8, 8]",0,1,6,,,0.15166194178164005,,,0.6428571428571428,,,0.75,,,0.0
nc-1-n4-2-n8-0-skip0-7,"[4, 4, 4, 4, 8, 8, 8]",0,1,7,,,0.15187568962574005,,,0.6428571428571428,,,0.75,,,0.0
nc-1-n4-2-n8-0-skip0-8,"[4, 4, 4, 4, 8, 8, 8]",0,1,8,,,0.1516732294112444,,,0.6428571428571428,,,0.75,,,0.0
nc-1-n4-2-n8-0-skip0-9,"[4, 4, 4, 4, 8, 8, 8]",0,1,9,,,0.1519132051616907,,,0.6428571428571428,,,0.75,,,0.0
nc-1-n4-2-n8-0-skip0-10,"[4, 4, 4, 4, 8, 8, 8]",0,1,10,,,0.15211489982903004,,,0.6428571428571428,,,0.75,,,0.0
nc-1-n4-2-n8-0-skip0-11,"[4, 4, 4, 4, 8, 8, 8]",0,1,11,,,0.151847580447793,,,0.6428571428571428,,,0.75,,,0.0
nc-1-n4-2-n8-0-skip0-12,"[4, 4, 4, 4, 8, 8, 8]",0,1,12,,,0.1518216524273157,,,0.6428571428571428,,,0.75,,,0.0
nc-1-n4-2-n8-0-skip0-13,"[4, 4, 4, 4, 8, 8, 8]",0,1,13,,,0.15204770117998123,,,0.6428571428571428,,,0.75,,,0.0
nc-1-n4-2-n8-0-skip0-14,"[4, 4, 4, 4, 8, 8, 8]",0,1,14,,,0.1519874408841133,,,0.6428571428571428,,,0.75,,,0.0
nc-1-n4-2-n8-0-skip0-15,"[4, 4, 4, 4, 8, 8, 8]",0,1,15,,,0.15241647325456142,,,0.6428571428571428,,,0.75,,,0.0
nc-1-n4-2-n8-0-skip0-16,"[4, 4, 4, 4, 8, 8, 8]",0,1,16,,,0.15206029266119003,,,0.6428571428571428,,,0.75,,,0.0
nc-1-n4-2-n8-0-skip0-17,"[4, 4, 4, 4, 8, 8, 8]",0,1,17,,,0.15194907411932945,,,0.6428571428571428,,,0.75,,,0.0
nc-1-n4-2-n8-0-skip0-18,"[4, 4, 4, 4, 8, 8, 8]",0,1,18,,,0.15185434371232986,,,0.6428571428571428,,,0.75,,,0.0
nc-1-n4-2-n8-0-skip0-19,"[4, 4, 4, 4, 8, 8, 8]",0,1,19,,,0.15204368345439434,,,0.6428571428571428,,,0.75,,,0.0
nc-1-n4-2-n8-0-skip0-20,"[4, 4, 4, 4, 8, 8, 8]",0,1,20,,,0.15234940499067307,,,0.6428571428571428,,,0.75,,,0.0
nc-1-n4-2-n8-0-skip0-21,"[4, 4, 4, 4, 8, 8, 8]",0,1,21,,,0.15181422606110573,,,0.6428571428571428,,,0.75,,,0.0
nc-1-n4-2-n8-0-skip0-22,"[4, 4, 4, 4, 8, 8, 8]",0,1,22,,,0.15212703868746758,,,0.6428571428571428,,,0.75,,,0.0
nc-1-n4-2-n8-0-skip0-23,"[4, 4, 4, 4, 8, 8, 8]",0,1,23,,,0.15206355042755604,,,0.6428571428571428,,,0.75,,,0.0
nc-1-n4-2-n8-0-skip0-24,"[4, 4, 4, 4, 8, 8, 8]",0,1,24,,,0.15225630439817905,,,0.6428571428571428,,,0.75,,,0.0
nc-1-n4-2-n8-0-skip0-25,"[4, 4, 4, 4, 8, 8, 8]",0,1,25,,,0.15229645185172558,,,0.6428571428571428,,,0.75,,,0.0
nc-1-n4-2-n8-0-skip0-26,"[4, 4, 4, 4, 8, 8, 8]",0,1,26,,,0.152125658467412,,,0.6428571428571428,,,0.75,,,0.0
nc-1-n4-2-n8-0-skip0-27,"[4, 4, 4, 4, 8, 8, 8]",0,1,27,,,0.15207633562386036,,,0.6428571428571428,,,0.75,,,0.0
nc-1-n4-2-n8-0-skip0-28,"[4, 4, 4, 4, 8, 8, 8]",0,1,28,,,0.1520582139492035,,,0.6428571428571428,,,0.75,,,0.0
nc-1-n4-2-n8-0-skip0-29,"[4, 4, 4, 4, 8, 8, 8]",0,1,29,,,0.15215166099369526,,,0.6428571428571428,,,0.75,,,0.0
nc-1-n4-2-n8-0-skip0-30,"[4, 4, 4, 4, 8, 8, 8]",0,1,30,,,0.15235244669020176,,,0.6428571428571428,,,0.75,,,0.0
nc-1-n4-2-n8-0-skip0,"[4, 4, 4, 4, 8, 8, 8]",0,1,0,0.15415168777108193,0.1457762313740594,,0.6428571428571429,0.642857142857143,,0.75,0.75,,0.0,0.0,
nc-1-n4-1-n8-1-skip0-0,"[4, 4, 4, 4, 8, 8, 8]",0,1,0,,,0.1530696116387844,,,0.6428571428571428,,,0.75,,,0.0
nc-1-n4-1-n8-1-skip0-1,"[4, 4, 4, 4, 8, 8, 8]",0,1,1,,,0.153206966817379,,,0.6428571428571428,,,0.75,,,0.0
nc-1-n4-1-n8-1-skip0-2,"[4, 4, 4, 4, 8, 8, 8]",0,1,2,,,0.15302681177854538,,,0.6428571428571428,,,0.75,,,0.0
nc-1-n4-1-n8-1-skip0-3,"[4, 4, 4, 4, 8, 8, 8]",0,1,3,,,0.15307714231312275,,,0.6428571428571428,,,0.75,,,0.0
nc-1-n4-1-n8-1-skip0-4,"[4, 4, 4, 4, 8, 8, 8]",0,1,4,,,0.15302558057010174,,,0.6428571428571428,,,0.75,,,0.0
nc-1-n4-1-n8-1-skip0-5,"[4, 4, 4, 4, 8, 8, 8]",0,1,5,,,0.15322082675993443,,,0.6428571428571428,,,0.75,,,0.0
nc-1-n4-1-n8-1-skip0-6,"[4, 4, 4, 4, 8, 8, 8]",0,1,6,,,0.15332111343741417,,,0.6428571428571428,,,0.75,,,0.0
nc-1-n4-1-n8-1-skip0-7,"[4, 4, 4, 4, 8, 8, 8]",0,1,7,,,0.15344547666609287,,,0.6428571428571428,,,0.75,,,0.0
nc-1-n4-1-n8-1-skip0-8,"[4, 4, 4, 4, 8, 8, 8]",0,1,8,,,0.15346444211900234,,,0.6428571428571428,,,0.75,,,0.0
nc-1-n4-1-n8-1-skip0-9,"[4, 4, 4, 4, 8, 8, 8]",0,1,9,,,0.15332908369600773,,,0.6428571428571428,,,0.75,,,0.0
nc-1-n4-1-n8-1-skip0-10,"[4, 4, 4, 4, 8, 8, 8]",0,1,10,,,0.15339460968971252,,,0.6428571428571428,,,0.75,,,0.0
nc-1-n4-1-n8-1-skip0-11,"[4, 4, 4, 4, 8, 8, 8]",0,1,11,,,0.15331382676959038,,,0.6428571428571428,,,0.75,,,0.0
nc-1-n4-1-n8-1-skip0-12,"[4, 4, 4, 4, 8, 8, 8]",0,1,12,,,0.15355545282363892,,,0.6428571428571428,,,0.75,,,0.0
nc-1-n4-1-n8-1-skip0-13,"[4, 4, 4, 4, 8, 8, 8]",0,1,13,,,0.15332851000130177,,,0.6428571428571428,,,0.75,,,0.0
nc-1-n4-1-n8-1-skip0-14,"[4, 4, 4, 4, 8, 8, 8]",0,1,14,,,0.1533327866345644,,,0.6428571428571428,,,0.75,,,0.0
nc-1-n4-1-n8-1-skip0-15,"[4, 4, 4, 4, 8, 8, 8]",0,1,15,,,0.15335356630384922,,,0.6428571428571428,,,0.75,,,0.0
nc-1-n4-1-n8-1-skip0-16,"[4, 4, 4, 4, 8, 8, 8]",0,1,16,,,0.15338175371289253,,,0.6428571428571428,,,0.75,,,0.0
nc-1-n4-1-n8-1-skip0-17,"[4, 4, 4, 4, 8, 8, 8]",0,1,17,,,0.15376951172947884,,,0.6428571428571428,,,0.75,,,0.0
nc-1-n4-1-n8-1-skip0-18,"[4, 4, 4, 4, 8, 8, 8]",0,1,18,,,0.1535117570310831,,,0.6428571428571428,,,0.75,,,0.0
nc-1-n4-1-n8-1-skip0-19,"[4, 4, 4, 4, 8, 8, 8]",0,1,19,,,0.15354733169078827,,,0.6428571428571428,,,0.75,,,0.0
nc-1-n4-1-n8-1-skip0-20,"[4, 4, 4, 4, 8, 8, 8]",0,1,20,,,0.1536969691514969,,,0.6428571428571428,,,0.75,,,0.0
nc-1-n4-1-n8-1-skip0-21,"[4, 4, 4, 4, 8, 8, 8]",0,1,21,,,0.1533018797636032,,,0.6428571428571428,,,0.75,,,0.0
nc-1-n4-1-n8-1-skip0-22,"[4, 4, 4, 4, 8, 8, 8]",0,1,22,,,0.15364656038582325,,,0.6428571428571428,,,0.75,,,0.0
nc-1-n4-1-n8-1-skip0-23,"[4, 4, 4, 4, 8, 8, 8]",0,1,23,,,0.15353040024638176,,,0.6428571428571428,,,0.75,,,0.0
nc-1-n4-1-n8-1-skip0-24,"[4, 4, 4, 4, 8, 8, 8]",0,1,24,,,0.15380168706178665,,,0.6428571428571428,,,0.75,,,0.0
nc-1-n4-1-n8-1-skip0-25,"[4, 4, 4, 4, 8, 8, 8]",0,1,25,,,0.1536966897547245,,,0.6428571428571428,,,0.75,,,0.0
nc-1-n4-1-n8-1-skip0-26,"[4, 4, 4, 4, 8, 8, 8]",0,1,26,,,0.1535504162311554,,,0.6428571428571428,,,0.75,,,0.0
nc-1-n4-1-n8-1-skip0-27,"[4, 4, 4, 4, 8, 8, 8]",0,1,27,,,0.15369826927781105,,,0.6428571428571428,,,0.75,,,0.0
nc-1-n4-1-n8-1-skip0-28,"[4, 4, 4, 4, 8, 8, 8]",0,1,28,,,0.1535535417497158,,,0.6428571428571428,,,0.75,,,0.0
nc-1-n4-1-n8-1-skip0-29,"[4, 4, 4, 4, 8, 8, 8]",0,1,29,,,0.15402518026530743,,,0.6428571428571428,,,0.75,,,0.0
nc-1-n4-1-n8-1-skip0-30,"[4, 4, 4, 4, 8, 8, 8]",0,1,30,,,0.15366163291037083,,,0.6428571428571428,,,0.75,,,0.0
nc-1-n4-1-n8-1-skip0,"[4, 4, 4, 4, 8, 8, 8]",0,1,0,0.15519605924685795,0.14723446113722666,,0.6428843740763506,0.6431925212365389,,0.7493340818937013,0.7500115058910162,,0.0,0.0,
nc-1-n4-1-n8-0-skip0-0,"[4, 4, 4, 4, 8, 8, 8]",0,1,0,,,0.15339523740112782,,,0.6428571428571428,,,0.75,,,0.0
nc-1-n4-1-n8-0-skip0-1,"[4, 4, 4, 4, 8, 8, 8]",0,1,1,,,0.15353967621922493,,,0.6428571428571428,,,0.75,,,0.0
nc-1-n4-1-n8-0-skip0-2,"[4, 4, 4, 4, 8, 8, 8]",0,1,2,,,0.15324589982628822,,,0.6428571428571428,,,0.75,,,0.0
nc-1-n4-1-n8-0-skip0-3,"[4, 4, 4, 4, 8, 8, 8]",0,1,3,,,0.15341922640800476,,,0.6428571428571428,,,0.75,,,0.0
nc-1-n4-1-n8-0-skip0-4,"[4, 4, 4, 4, 8, 8, 8]",0,1,4,,,0.15340524911880493,,,0.6428571428571428,,,0.75,,,0.0
nc-1-n4-1-n8-0-skip0-5,"[4, 4, 4, 4, 8, 8, 8]",0,1,5,,,0.15352184139192104,,,0.6428571428571428,,,0.75,,,0.0
