run_name,arc_features,arc_skip,arc_num_conv,arc_latent_volume,arc_encoder_blocks,n_swaps,train_loss,valid_loss,test_loss,valid_F1,train_F1,test_F1,train_Accuracy,valid_Accuracy,test_Accuracy,train_Accuracy_seq,valid_Accuracy_seq,test_Accuracy_seq
nc-2-n4-2-n8-2-skip1-0,"[4, 4, 4, 8, 8]",1,2,64.0,4,0,,,0.07352060079574585,,,0.8785795545702917,,,0.8897122742459582,,,0.0
nc-2-n4-2-n8-2-skip1-2,"[4, 4, 4, 8, 8]",1,2,64.0,4,2,,,0.07360783219337463,,,0.878965789228003,,,0.890000119780011,,,0.0
nc-2-n4-2-n8-2-skip1-4,"[4, 4, 4, 8, 8]",1,2,64.0,4,4,,,0.073561180382967,,,0.8792979479048249,,,0.890227253775904,,,0.0
nc-2-n4-2-n8-2-skip1-6,"[4, 4, 4, 8, 8]",1,2,64.0,4,6,,,0.07367008551955223,,,0.8787270216323791,,,0.889774904840209,,,0.0
nc-2-n4-2-n8-2-skip1-8,"[4, 4, 4, 8, 8]",1,2,64.0,4,8,,,0.07372544705867767,,,0.8795093128596168,,,0.8904033441916703,,,0.0
nc-2-n4-2-n8-2-skip1-10,"[4, 4, 4, 8, 8]",1,2,64.0,4,10,,,0.07361549884080887,,,0.8800292397883382,,,0.8907963854624528,,,0.0
nc-2-n4-2-n8-2-skip1-12,"[4, 4, 4, 8, 8]",1,2,64.0,4,12,,,0.07371053844690323,,,0.8801069474862571,,,0.8908700152104054,,,0.0
nc-2-n4-2-n8-2-skip1-14,"[4, 4, 4, 8, 8]",1,2,64.0,4,14,,,0.07384176924824715,,,0.8793029616114754,,,0.8901664281615428,,,0.0
nc-2-n4-2-n8-2-skip1-16,"[4, 4, 4, 8, 8]",1,2,64.0,4,16,,,0.07415023446083069,,,0.8792669905597169,,,0.8901824687473527,,,0.0
nc-2-n4-2-n8-2-skip1-18,"[4, 4, 4, 8, 8]",1,2,64.0,4,18,,,0.07408731430768967,,,0.8794613323574714,,,0.8903085459486795,,,0.0
nc-2-n4-2-n8-2-skip1-20,"[4, 4, 4, 8, 8]",1,2,64.0,4,20,,,0.07398524880409241,,,0.8798700389277159,,,0.8906173594244495,,,0.0
nc-2-n4-2-n8-2-skip1-22,"[4, 4, 4, 8, 8]",1,2,64.0,4,22,,,0.0742478184401989,,,0.8798677413437371,,,0.8906354193430108,,,0.0
nc-2-n4-2-n8-2-skip1-24,"[4, 4, 4, 8, 8]",1,2,64.0,4,24,,,0.074127197265625,,,0.8795692806624232,,,0.8903723798628569,,,0.0
nc-2-n4-2-n8-2-skip1-26,"[4, 4, 4, 8, 8]",1,2,64.0,4,26,,,0.07427770644426346,,,0.8794247226846793,,,0.8902540791625541,,,0.0
nc-2-n4-2-n8-2-skip1-28,"[4, 4, 4, 8, 8]",1,2,64.0,4,28,,,0.07408812642097473,,,0.8803618006151432,,,0.8910275581238483,,,0.0
nc-2-n4-2-n8-2-skip1-30,"[4, 4, 4, 8, 8]",1,2,64.0,4,30,,,0.07407307252287865,,,0.8805380386947195,,,0.8910726301828407,,,0.0
nc-2-n4-2-n8-2-skip1,"[4, 4, 4, 8, 8]",1,2,64.0,4,0,0.07285281767447789,0.06827555224299431,,0.886637228411082,0.8898668805429553,,0.8986064826135979,0.896294520656691,,0.0,0.0,
nc-2-n4-2-n8-2-skip0-0,"[4, 4, 4, 8, 8]",0,2,64.0,4,0,,,0.2150498554110527,,,0.6431213739380902,,,0.7500527482833557,,,0.0
nc-2-n4-2-n8-2-skip0-2,"[4, 4, 4, 8, 8]",0,2,64.0,4,2,,,0.21505939960479736,,,0.6431365011400879,,,0.7500743316845765,,,0.0
nc-2-n4-2-n8-2-skip0-4,"[4, 4, 4, 8, 8]",0,2,64.0,4,4,,,0.21506612747907639,,,0.6430243980063142,,,0.7500479074045685,,,0.0
nc-2-n4-2-n8-2-skip0-6,"[4, 4, 4, 8, 8]",0,2,64.0,4,6,,,0.21514726430177689,,,0.6431292420393712,,,0.7500960153624581,,,0.0
nc-2-n4-2-n8-2-skip0-8,"[4, 4, 4, 8, 8]",0,2,64.0,4,8,,,0.21551956981420517,,,0.6429858707911402,,,0.7500240038406145,,,0.0
nc-2-n4-2-n8-2-skip0-10,"[4, 4, 4, 8, 8]",0,2,64.0,4,10,,,0.21545857191085815,,,0.6431485657278639,,,0.7500623297642692,,,0.0
nc-2-n4-2-n8-2-skip0-12,"[4, 4, 4, 8, 8]",0,2,64.0,4,12,,,0.21497152000665665,,,0.6428571428571428,,,0.75,,,0.0
nc-2-n4-2-n8-2-skip0-14,"[4, 4, 4, 8, 8]",0,2,64.0,4,14,,,0.21532662957906723,,,0.6429487397553024,,,0.7500215834012209,,,0.0
nc-2-n4-2-n8-2-skip0-16,"[4, 4, 4, 8, 8]",0,2,64.0,4,16,,,0.21479014307260513,,,0.6428571428571428,,,0.75,,,0.0
nc-2-n4-2-n8-2-skip0-18,"[4, 4, 4, 8, 8]",0,2,64.0,4,18,,,0.21537373214960098,,,0.6429932601402844,,,0.750048007681229,,,0.0
nc-2-n4-2-n8-2-skip0-20,"[4, 4, 4, 8, 8]",0,2,64.0,4,20,,,0.21530701220035553,,,0.6430602867500168,,,0.7500479074045685,,,0.0
nc-2-n4-2-n8-2-skip0-22,"[4, 4, 4, 8, 8]",0,2,64.0,4,22,,,0.21540537476539612,,,0.6428571428571428,,,0.75,,,0.0
nc-2-n4-2-n8-2-skip0-24,"[4, 4, 4, 8, 8]",0,2,64.0,4,24,,,0.21584147959947586,,,0.6429932601402844,,,0.750048007681229,,,0.0
nc-2-n4-2-n8-2-skip0-26,"[4, 4, 4, 8, 8]",0,2,64.0,4,26,,,0.21644710004329681,,,0.6430949767699584,,,0.7500720115218436,,,0.0
nc-2-n4-2-n8-2-skip0-28,"[4, 4, 4, 8, 8]",0,2,64.0,4,28,,,0.2161683887243271,,,0.6430216458630779,,,0.7500600096015362,,,0.0
nc-2-n4-2-n8-2-skip0-30,"[4, 4, 4, 8, 8]",0,2,64.0,4,30,,,0.21641061455011368,,,0.6428931104454834,,,0.75,,,0.0
nc-2-n4-2-n8-2-skip0,"[4, 4, 4, 8, 8]",0,2,64.0,4,0,0.2160133272409439,0.2012643739581108,,0.6431733985278214,0.6435248632881232,,0.750130717989815,0.7500701013954237,,0.0,0.0,
nc-2-n4-2-n8-1-skip1-0,"[4, 4, 4, 8]",1,2,128.0,3,0,,,0.0705975666642189,,,0.9117005042733548,,,0.9170077284418243,,,0.0
nc-2-n4-2-n8-1-skip1-2,"[4, 4, 4, 8]",1,2,128.0,3,2,,,0.07056022807955742,,,0.9113697696284091,,,0.9167195820777898,,,0.0
nc-2-n4-2-n8-1-skip1-4,"[4, 4, 4, 8]",1,2,128.0,3,4,,,0.07083680108189583,,,0.9111048195965095,,,0.9164853873170373,,,0.0
nc-2-n4-2-n8-1-skip1-6,"[4, 4, 4, 8]",1,2,128.0,3,6,,,0.07084416598081589,,,0.9107337539934021,,,0.916146913109041,,,0.0
nc-2-n4-2-n8-1-skip1-8,"[4, 4, 4, 8]",1,2,128.0,3,8,,,0.07086160406470299,,,0.9106562529336765,,,0.9160606797808177,,,0.0
nc-2-n4-2-n8-1-skip1-10,"[4, 4, 4, 8]",1,2,128.0,3,10,,,0.07089085876941681,,,0.9106438576170655,,,0.9160674397156956,,,0.0
nc-2-n4-2-n8-1-skip1-12,"[4, 4, 4, 8]",1,2,128.0,3,12,,,0.07104100286960602,,,0.9097743856385041,,,0.9152883176623299,,,0.0
nc-2-n4-2-n8-1-skip1-14,"[4, 4, 4, 8]",1,2,128.0,3,14,,,0.0711984783411026,,,0.9091813175658228,,,0.9147747558051723,,,0.0
nc-2-n4-2-n8-1-skip1-16,"[4, 4, 4, 8]",1,2,128.0,3,16,,,0.07111766934394836,,,0.909850128317828,,,0.9153674902256934,,,0.0
nc-2-n4-2-n8-1-skip1-18,"[4, 4, 4, 8]",1,2,128.0,3,18,,,0.07130768150091171,,,0.908700460908656,,,0.914322306592817,,,0.0
nc-2-n4-2-n8-1-skip1-20,"[4, 4, 4, 8]",1,2,128.0,3,20,,,0.07161683216691017,,,0.9081817650042916,,,0.9138924573478284,,,0.0
nc-2-n4-2-n8-1-skip1-22,"[4, 4, 4, 8]",1,2,128.0,3,22,,,0.07170780375599861,,,0.90904896229449,,,0.9147125263175635,,,0.0
nc-2-n4-2-n8-1-skip1-24,"[4, 4, 4, 8]",1,2,128.0,3,24,,,0.0722004659473896,,,0.9076810400058815,,,0.91347873516577,,,0.0
nc-2-n4-2-n8-1-skip1-26,"[4, 4, 4, 8]",1,2,128.0,3,26,,,0.07167795300483704,,,0.9086911057667604,,,0.9144171186353484,,,0.0
nc-2-n4-2-n8-1-skip1-28,"[4, 4, 4, 8]",1,2,128.0,3,28,,,0.07182680815458298,,,0.9082669000194772,,,0.9140218574784935,,,0.0
nc-2-n4-2-n8-1-skip1-30,"[4, 4, 4, 8]",1,2,128.0,3,30,,,0.07182881981134415,,,0.907786526176984,,,0.9135285616264293,,,0.0
nc-2-n4-2-n8-1-skip1,"[4, 4, 4, 8]",1,2,128.0,3,0,0.07103401372830073,0.06494027376174927,,0.914003413362052,0.9108279862581077,,0.9163345647388933,0.9192179678642378,,0.0,0.0,
nc-2-n4-2-n8-1-skip0-0,"[4, 4, 4, 8]",0,2,128.0,3,0,,,0.14882652461528778,,,0.6609339990060424,,,0.7490116033159817,,,0.0
nc-2-n4-2-n8-1-skip0-2,"[4, 4, 4, 8]",0,2,128.0,3,2,,,0.14887116849422455,,,0.6602561253467758,,,0.748713975747694,,,0.0
nc-2-n4-2-n8-1-skip0-4,"[4, 4, 4, 8]",0,2,128.0,3,4,,,0.14889736473560333,,,0.6605102415446444,,,0.7489566351465538,,,0.0
nc-2-n4-2-n8-1-skip0-6,"[4, 4, 4, 8]",0,2,128.0,3,6,,,0.14890871942043304,,,0.6612346659852555,,,0.749091076709327,,,0.0
nc-2-n4-2-n8-1-skip0-8,"[4, 4, 4, 8]",0,2,128.0,3,8,,,0.14898397773504257,,,0.6593319658507151,,,0.7487794278879807,,,0.0
nc-2-n4-2-n8-1-skip0-10,"[4, 4, 4, 8]",0,2,128.0,3,10,,,0.148943692445755,,,0.6596265013026124,,,0.7495325267679807,,,0.0
nc-2-n4-2-n8-1-skip0-12,"[4, 4, 4, 8]",0,2,128.0,3,12,,,0.14911427348852158,,,0.6596299156106897,,,0.7487354588722545,,,0.0
nc-2-n4-2-n8-1-skip0-14,"[4, 4, 4, 8]",0,2,128.0,3,14,,,0.149269238114357,,,0.6601201498078988,,,0.7492593041469495,,,0.0
nc-2-n4-2-n8-1-skip0-16,"[4, 4, 4, 8]",0,2,128.0,3,16,,,0.14923615008592606,,,0.659218892967187,,,0.7492370188091048,,,0.0
nc-2-n4-2-n8-1-skip0-18,"[4, 4, 4, 8]",0,2,128.0,3,18,,,0.14901788532733917,,,0.6592755934386282,,,0.7500503278439621,,,0.0
nc-2-n4-2-n8-1-skip0-20,"[4, 4, 4, 8]",0,2,128.0,3,20,,,0.14904411882162094,,,0.6604651940774441,,,0.749250939785503,,,0.0
nc-2-n4-2-n8-1-skip0-22,"[4, 4, 4, 8]",0,2,128.0,3,22,,,0.1494416519999504,,,0.658347526436477,,,0.7494939000143441,,,0.0
nc-2-n4-2-n8-1-skip0-24,"[4, 4, 4, 8]",0,2,128.0,3,24,,,0.14970607310533524,,,0.657850036626894,,,0.7490524499556905,,,0.0
nc-2-n4-2-n8-1-skip0-26,"[4, 4, 4, 8]",0,2,128.0,3,26,,,0.14928442239761353,,,0.6588717473711532,,,0.7497291978183626,,,0.0
nc-2-n4-2-n8-1-skip0-28,"[4, 4, 4, 8]",0,2,128.0,3,28,,,0.14915617555379868,,,0.6596729146418414,,,0.7494894602421992,,,0.0
nc-2-n4-2-n8-1-skip0-30,"[4, 4, 4, 8]",0,2,128.0,3,30,,,0.1490975245833397,,,0.6589741238203202,,,0.7489543149838207,,,0.0
nc-2-n4-2-n8-1-skip0,"[4, 4, 4, 8]",0,2,128.0,3,0,0.14941279590129852,0.13856978714466095,,0.6659149935636597,0.6693504879081443,,0.7517790413469608,0.7516701945131423,,0.0,0.0,
nc-2-n4-1-n8-2-skip1-0,"[4, 4, 8, 8]",1,2,128.0,3,0,,,0.06769728288054466,,,0.909219851717644,,,0.9128448532755583,,,0.0
nc-2-n4-1-n8-2-skip1-2,"[4, 4, 8, 8]",1,2,128.0,3,2,,,0.06763237342238426,,,0.9091882278967791,,,0.9128190306555135,,,0.0
nc-2-n4-1-n8-2-skip1-4,"[4, 4, 8, 8]",1,2,128.0,3,4,,,0.06773177161812782,,,0.9090432760618807,,,0.912697908409175,,,0.0
nc-2-n4-1-n8-2-skip1-6,"[4, 4, 8, 8]",1,2,128.0,3,6,,,0.06784463673830032,,,0.9084659036868068,,,0.9121236212143169,,,0.0
nc-2-n4-1-n8-2-skip1-8,"[4, 4, 8, 8]",1,2,128.0,3,8,,,0.06743836775422096,,,0.9098560696619324,,,0.913458168330695,,,0.0
nc-2-n4-1-n8-2-skip1-10,"[4, 4, 8, 8]",1,2,128.0,3,10,,,0.067559365183115,,,0.9085243128854454,,,0.9122077349331281,,,0.0
nc-2-n4-1-n8-2-skip1-12,"[4, 4, 8, 8]",1,2,128.0,3,12,,,0.0671072006225586,,,0.9101031901050547,,,0.91360007176497,,,0.0
nc-2-n4-1-n8-2-skip1-14,"[4, 4, 8, 8]",1,2,128.0,3,14,,,0.0680583007633686,,,0.9081420242703854,,,0.9119206051352395,,,0.0
nc-2-n4-1-n8-2-skip1-16,"[4, 4, 8, 8]",1,2,128.0,3,16,,,0.06708168238401413,,,0.91020382776949,,,0.9137759754269559,,,0.0
nc-2-n4-1-n8-2-skip1-18,"[4, 4, 8, 8]",1,2,128.0,3,18,,,0.06773437187075615,,,0.9084489469548167,,,0.9122369945587124,,,0.0
nc-2-n4-1-n8-2-skip1-20,"[4, 4, 8, 8]",1,2,128.0,3,20,,,0.06748487800359726,,,0.909217160632569,,,0.9129031443743247,,,0.0
nc-2-n4-1-n8-2-skip1-22,"[4, 4, 8, 8]",1,2,128.0,3,22,,,0.06755807995796204,,,0.9084093860300181,,,0.9121724449083707,,,0.0
nc-2-n4-1-n8-2-skip1-24,"[4, 4, 8, 8]",1,2,128.0,3,24,,,0.068339042365551,,,0.906147722339044,,,0.910068457496201,,,0.0
nc-2-n4-1-n8-2-skip1-26,"[4, 4, 8, 8]",1,2,128.0,3,26,,,0.06773681193590164,,,0.9089054384728501,,,0.9126118756342729,,,0.0
nc-2-n4-1-n8-2-skip1-28,"[4, 4, 8, 8]",1,2,128.0,3,28,,,0.06760315224528313,,,0.9079375281609894,,,0.9117216001225841,,,0.0
nc-2-n4-1-n8-2-skip1-30,"[4, 4, 8, 8]",1,2,128.0,3,30,,,0.06775004416704178,,,0.9086089373258062,,,0.9123209077242026,,,0.0
nc-2-n4-1-n8-2-skip1,"[4, 4, 8, 8]",1,2,128.0,3,0,0.06925383508205414,0.06330511160194874,,0.9120182266886668,0.909455339205115,,0.9135678377266296,0.9157247330367682,,0.0,0.0,
nc-2-n4-1-n8-2-skip0-0,"[4, 4, 8, 8]",0,2,128.0,3,0,,,0.14805792272090912,,,0.6436828722195709,,,0.7497673231886962,,,0.0
nc-2-n4-1-n8-2-skip0-2,"[4, 4, 8, 8]",0,2,128.0,3,2,,,0.14835647493600845,,,0.6435953339593035,,,0.749724256662915,,,0.0
nc-2-n4-1-n8-2-skip0-4,"[4, 4, 8, 8]",0,2,128.0,3,4,,,0.14828797429800034,,,0.6437267734053232,,,0.749855976956313,,,0.0
nc-2-n4-1-n8-2-skip0-6,"[4, 4, 8, 8]",0,2,128.0,3,6,,,0.14850110560655594,,,0.6434207314016699,,,0.7495345461007319,,,0.0
nc-2-n4-1-n8-2-skip0-8,"[4, 4, 8, 8]",0,2,128.0,3,8,,,0.148476704955101,,,0.6438586750024055,,,0.7499687348412049,,,0.0
nc-2-n4-1-n8-2-skip0-10,"[4, 4, 8, 8]",0,2,128.0,3,10,,,0.14849139750003815,,,0.6435107805475804,,,0.7497793251090035,,,0.0
nc-2-n4-1-n8-2-skip0-12,"[4, 4, 8, 8]",0,2,128.0,3,12,,,0.14872979372739792,,,0.6437746319205604,,,0.7497361583065616,,,0.0
nc-2-n4-1-n8-2-skip0-14,"[4, 4, 8, 8]",0,2,128.0,3,14,,,0.14882159233093262,,,0.6435267783629681,,,0.7497842662644512,,,0.0
nc-2-n4-1-n8-2-skip0-16,"[4, 4, 8, 8]",0,2,128.0,3,16,,,0.1488339826464653,,,0.6434627839388605,,,0.7498369142711462,,,0.0
nc-2-n4-1-n8-2-skip0-18,"[4, 4, 8, 8]",0,2,128.0,3,18,,,0.14890360087156296,,,0.6434936330572794,,,0.7497170956213948,,,0.0
nc-2-n4-1-n8-2-skip0-20,"[4, 4, 8, 8]",0,2,128.0,3,20,,,0.14926538616418839,,,0.6438663448512649,,,0.7499568331975581,,,0.0
nc-2-n4-1-n8-2-skip0-22,"[4, 4, 8, 8]",0,2,128.0,3,22,,,0.14917176216840744,,,0.6435830741501715,,,0.7497720637908228,,,0.0
nc-2-n4-1-n8-2-skip0-24,"[4, 4, 8, 8]",0,2,128.0,3,24,,,0.14928966760635376,,,0.6434523257490412,,,0.7496786694210795,,,0.0
nc-2-n4-1-n8-2-skip0-26,"[4, 4, 8, 8]",0,2,128.0,3,26,,,0.14929138123989105,,,0.6436294245323011,,,0.749901664474809,,,0.0
nc-2-n4-1-n8-2-skip0-28,"[4, 4, 8, 8]",0,2,128.0,3,28,,,0.1494002714753151,,,0.6436546690632987,,,0.7498442758659873,,,0.0
nc-2-n4-1-n8-2-skip0-30,"[4, 4, 8, 8]",0,2,128.0,3,30,,,0.1499989852309227,,,0.6435908733715215,,,0.749805649112351,,,0.0
nc-2-n4-1-n8-2-skip0,"[4, 4, 8, 8]",0,2,128.0,3,0,0.14752228458722433,0.13762422651052475,,0.643651608118675,0.6452854573923591,,0.7502723559615609,0.7495572279762024,,0.0,0.0,
nc-2-n4-1-n8-1-skip1-0,"[4, 4, 8]",1,2,256.0,2,0,,,0.06814834848046303,,,0.8654250926742706,,,0.8748759991695252,,,0.0
nc-2-n4-1-n8-1-skip1-2,"[4, 4, 8]",1,2,256.0,2,2,,,0.06809288263320923,,,0.8648334085978175,,,0.874331071876912,,,0.0
nc-2-n4-1-n8-1-skip1-4,"[4, 4, 8]",1,2,256.0,2,4,,,0.06825513020157814,,,0.8644513517834955,,,0.8741398433652803,,,0.0
nc-2-n4-1-n8-1-skip1-6,"[4, 4, 8]",1,2,256.0,2,6,,,0.06809369847178459,,,0.8645073768007101,,,0.8740541114203598,,,0.0
nc-2-n4-1-n8-1-skip1-8,"[4, 4, 8]",1,2,256.0,2,8,,,0.06798427551984787,,,0.8644421673509641,,,0.8740152841134023,,,0.0
nc-2-n4-1-n8-1-skip1-10,"[4, 4, 8]",1,2,256.0,2,10,,,0.06785209104418755,,,0.8643002767634309,,,0.8738645011348374,,,0.0
nc-2-n4-1-n8-1-skip1-12,"[4, 4, 8]",1,2,256.0,2,12,,,0.0677904412150383,,,0.8650025779170084,,,0.8745548691439258,,,0.0
nc-2-n4-1-n8-1-skip1-14,"[4, 4, 8]",1,2,256.0,2,14,,,0.06802915036678314,,,0.8633443535422298,,,0.8730509915466591,,,0.0
nc-2-n4-1-n8-1-skip1-16,"[4, 4, 8]",1,2,256.0,2,16,,,0.06836780533194542,,,0.8636678590067564,,,0.8734901214425796,,,0.0
nc-2-n4-1-n8-1-skip1-18,"[4, 4, 8]",1,2,256.0,2,18,,,0.06791035830974579,,,0.8637384348324517,,,0.873325116657635,,,0.0
nc-2-n4-1-n8-1-skip1-20,"[4, 4, 8]",1,2,256.0,2,20,,,0.06829169020056725,,,0.8635010174459864,,,0.8732263800258018,,,0.0
nc-2-n4-1-n8-1-skip1-22,"[4, 4, 8]",1,2,256.0,2,22,,,0.06804963946342468,,,0.8620371381899179,,,0.8717855341294282,,,0.0
nc-2-n4-1-n8-1-skip1-24,"[4, 4, 8]",1,2,256.0,2,24,,,0.06814994663000107,,,0.8630727793621895,,,0.872916951090528,,,0.0
nc-2-n4-1-n8-1-skip1-26,"[4, 4, 8]",1,2,256.0,2,26,,,0.06798342987895012,,,0.862905966412814,,,0.8725619349134187,,,0.0
nc-2-n4-1-n8-1-skip1-28,"[4, 4, 8]",1,2,256.0,2,28,,,0.06818189099431038,,,0.8618434189128026,,,0.8714652201166535,,,0.0
nc-2-n4-1-n8-1-skip1-30,"[4, 4, 8]",1,2,256.0,2,30,,,0.06795323267579079,,,0.8640434769543697,,,0.873562834901047,,,0.0
nc-2-n4-1-n8-1-skip1,"[4, 4, 8]",1,2,256.0,2,0,0.06834609905878702,0.0653320774435997,,0.8620297057294275,0.8636284775876244,,0.8732604501025706,0.8712004529749962,,0.0,0.0,
nc-2-n4-1-n8-1-skip0-0,"[4, 4, 8]",0,2,256.0,2,0,,,0.1645158752799034,,,0.6431060613662771,,,0.7499665149551324,,,0.0
nc-2-n4-1-n8-1-skip0-2,"[4, 4, 8]",0,2,256.0,2,2,,,0.16454089432954788,,,0.6431426396864512,,,0.7499952593978734,,,0.0
nc-2-n4-1-n8-1-skip0-4,"[4, 4, 8]",0,2,256.0,2,4,,,0.16462361067533493,,,0.643200486111831,,,0.7499305091942106,,,0.0
nc-2-n4-1-n8-1-skip0-6,"[4, 4, 8]",0,2,256.0,2,6,,,0.16446524858474731,,,0.6430649736086456,,,0.7498920829938953,,,0.0
nc-2-n4-1-n8-1-skip0-8,"[4, 4, 8]",0,2,256.0,2,8,,,0.16470277309417725,,,0.6430948625708945,,,0.7499256683154235,,,0.0
nc-2-n4-1-n8-1-skip0-10,"[4, 4, 8]",0,2,256.0,2,10,,,0.16464657336473465,,,0.6430886693805894,,,0.7498130107071923,,,0.0
nc-2-n4-1-n8-1-skip0-12,"[4, 4, 8]",0,2,256.0,2,12,,,0.16454368829727173,,,0.6431742903126988,,,0.7499136663951163,,,0.0
nc-2-n4-1-n8-1-skip0-14,"[4, 4, 8]",0,2,256.0,2,14,,,0.16464979946613312,,,0.6433392457082509,,,0.749920927713297,,,0.0
nc-2-n4-1-n8-1-skip0-16,"[4, 4, 8]",0,2,256.0,2,16,,,0.16444966197013855,,,0.6433392457082509,,,0.749920927713297,,,0.0
nc-2-n4-1-n8-1-skip0-18,"[4, 4, 8]",0,2,256.0,2,18,,,0.1644972786307335,,,0.6431689698140373,,,0.749920927713297,,,0.0
nc-2-n4-1-n8-1-skip0-20,"[4, 4, 8]",0,2,256.0,2,20,,,0.16477226465940475,,,0.6431573645297283,,,0.7499065053535962,,,0.0
nc-2-n4-1-n8-1-skip0-22,"[4, 4, 8]",0,2,256.0,2,22,,,0.16452331840991974,,,0.6430392391399297,,,0.7497482605035295,,,0.0
nc-2-n4-1-n8-1-skip0-24,"[4, 4, 8]",0,2,256.0,2,24,,,0.16479941457509995,,,0.6430698919984159,,,0.7499664146784718,,,0.0
nc-2-n4-1-n8-1-skip0-26,"[4, 4, 8]",0,2,256.0,2,26,,,0.1645110324025154,,,0.643151655431393,,,0.7499040849142026,,,0.0
nc-2-n4-1-n8-1-skip0-28,"[4, 4, 8]",0,2,256.0,2,28,,,0.1642281413078308,,,0.6430850504098939,,,0.7498872421151082,,,0.0
nc-2-n4-1-n8-1-skip0-30,"[4, 4, 8]",0,2,256.0,2,30,,,0.16440048068761826,,,0.643307947121841,,,0.749920927713297,,,0.0
nc-2-n4-1-n8-1-skip0,"[4, 4, 8]",0,2,256.0,2,0,0.170505024989446,0.15530311316251755,,0.6434697974203425,0.6434192584066806,,0.7497693142886479,0.7500202679269645,,0.0,0.0,
nc-2-n4-0-n8-2-skip1-0,"[4, 8, 8]",1,2,256.0,2,0,,,0.11616705730557442,,,0.7517260494992124,,,0.8036506196656037,,,0.0
nc-2-n4-0-n8-2-skip1-2,"[4, 8, 8]",1,2,256.0,2,2,,,0.11619890853762627,,,0.7519092270138737,,,0.8037729590314091,,,0.0
nc-2-n4-0-n8-2-skip1-4,"[4, 8, 8]",1,2,256.0,2,4,,,0.1158909797668457,,,0.753269154740896,,,0.8045305979602144,,,0.0
nc-2-n4-0-n8-2-skip1-6,"[4, 8, 8]",1,2,256.0,2,6,,,0.11634989827871323,,,0.7520336023719794,,,0.8037803206262504,,,0.0
nc-2-n4-0-n8-2-skip1-8,"[4, 8, 8]",1,2,256.0,2,8,,,0.11670209094882011,,,0.7512043772742281,,,0.8033344307954519,,,0.0
nc-2-n4-0-n8-2-skip1-10,"[4, 8, 8]",1,2,256.0,2,10,,,0.11643727496266365,,,0.751350310146585,,,0.803435287036697,,,0.0
nc-2-n4-0-n8-2-skip1-12,"[4, 8, 8]",1,2,256.0,2,12,,,0.11651378497481346,,,0.7512523391533541,,,0.8033602534154967,,,0.0
nc-2-n4-0-n8-2-skip1-14,"[4, 8, 8]",1,2,256.0,2,14,,,0.11656086519360542,,,0.7515150019973573,,,0.8034910574194094,,,0.0
nc-2-n4-0-n8-2-skip1-16,"[4, 8, 8]",1,2,256.0,2,16,,,0.11634679138660431,,,0.7526078349267629,,,0.8040883456882766,,,0.0
nc-2-n4-0-n8-2-skip1-18,"[4, 8, 8]",1,2,256.0,2,18,,,0.11659376323223114,,,0.7517406019387602,,,0.8036727044501273,,,0.0
nc-2-n4-0-n8-2-skip1-20,"[4, 8, 8]",1,2,256.0,2,20,,,0.11622664332389832,,,0.7526225170749388,,,0.8041713425642814,,,0.0
nc-2-n4-0-n8-2-skip1-22,"[4, 8, 8]",1,2,256.0,2,22,,,0.11689523607492447,,,0.7510040781969599,,,0.80321804915124,,,0.0
nc-2-n4-0-n8-2-skip1-24,"[4, 8, 8]",1,2,256.0,2,24,,,0.11640176922082901,,,0.7530735832737024,,,0.8043622702459313,,,0.0
nc-2-n4-0-n8-2-skip1-26,"[4, 8, 8]",1,2,256.0,2,26,,,0.116461843252182,,,0.7525326198360005,,,0.8040053350127313,,,0.0
nc-2-n4-0-n8-2-skip1-28,"[4, 8, 8]",1,2,256.0,2,28,,,0.116798035800457,,,0.7519782784689805,,,0.803706189494995,,,0.0
nc-2-n4-0-n8-2-skip1-30,"[4, 8, 8]",1,2,256.0,2,30,,,0.11653149500489235,,,0.7525354403004472,,,0.8040656454442492,,,0.0
nc-2-n4-0-n8-2-skip1,"[4, 8, 8]",1,2,256.0,2,0,0.11990058620770773,0.11126969754695892,,0.7439837219311429,0.7425073350322345,,0.7984283102352593,0.7993172690378815,,0.0,0.0,
nc-2-n4-0-n8-2-skip0-0,"[4, 8, 8]",0,2,256.0,2,0,,,0.1578373983502388,,,0.6494214108756825,,,0.7505847711657168,,,0.0
nc-2-n4-0-n8-2-skip0-2,"[4, 8, 8]",0,2,256.0,2,2,,,0.15767855197191238,,,0.6495284700077322,,,0.750743116292444,,,0.0
nc-2-n4-0-n8-2-skip0-4,"[4, 8, 8]",0,2,256.0,2,4,,,0.1577838882803917,,,0.648890311982782,,,0.7506716061539032,,,0.0
nc-2-n4-0-n8-2-skip0-6,"[4, 8, 8]",0,2,256.0,2,6,,,0.15762899070978165,,,0.6483572855190797,,,0.7506307595141943,,,0.0
nc-2-n4-0-n8-2-skip0-8,"[4, 8, 8]",0,2,256.0,2,8,,,0.15769203752279282,,,0.6489348622971185,,,0.7507335348115303,,,0.0
nc-2-n4-0-n8-2-skip0-10,"[4, 8, 8]",0,2,256.0,2,10,,,0.15761417150497437,,,0.6489727155581253,,,0.7507239533306166,,,0.0
nc-2-n4-0-n8-2-skip0-12,"[4, 8, 8]",0,2,256.0,2,12,,,0.1576686128973961,,,0.6481956053582352,,,0.7507673206863796,,,0.0
nc-2-n4-0-n8-2-skip0-14,"[4, 8, 8]",0,2,256.0,2,14,,,0.15781649202108383,,,0.6478280727888148,,,0.7503286921737617,,,0.0
nc-2-n4-0-n8-2-skip0-16,"[4, 8, 8]",0,2,256.0,2,16,,,0.15770802646875381,,,0.6483195104349081,,,0.7505300035496099,,,0.0
nc-2-n4-0-n8-2-skip0-18,"[4, 8, 8]",0,2,256.0,2,18,,,0.15749815851449966,,,0.6483917911505419,,,0.7507719610118456,,,0.0
nc-2-n4-0-n8-2-skip0-20,"[4, 8, 8]",0,2,256.0,2,20,,,0.1576036512851715,,,0.6479215544185415,,,0.7504933961287248,,,0.0
nc-2-n4-0-n8-2-skip0-22,"[4, 8, 8]",0,2,256.0,2,22,,,0.15775330364704132,,,0.6474980830609843,,,0.7504363083498848,,,0.0
nc-2-n4-0-n8-2-skip0-24,"[4, 8, 8]",0,2,256.0,2,24,,,0.15772392600774765,,,0.6474253337999458,,,0.7502997471776995,,,0.0
nc-2-n4-0-n8-2-skip0-26,"[4, 8, 8]",0,2,256.0,2,26,,,0.1575339362025261,,,0.6472445335319188,,,0.7503787191877421,,,0.0
nc-2-n4-0-n8-2-skip0-28,"[4, 8, 8]",0,2,256.0,2,28,,,0.15774330496788025,,,0.6472528452663884,,,0.7503523951843947,,,0.0
nc-2-n4-0-n8-2-skip0-30,"[4, 8, 8]",0,2,256.0,2,30,,,0.15768547356128693,,,0.6467805217967848,,,0.7502613209773843,,,0.0
nc-2-n4-0-n8-2-skip0,"[4, 8, 8]",0,2,256.0,2,0,0.15820269385973612,0.14796143770217896,,0.6492328595965188,0.6505040943585876,,0.7521795565527561,0.7515279844848106,,0.0,0.0,
nc-2-n4-0-n8-1-skip1-0,"[4, 8]",1,2,512.0,1,0,,,0.05334552936255932,,,0.9253764362090682,,,0.929294039798169,,,0.0
nc-2-n4-0-n8-1-skip1-2,"[4, 8]",1,2,512.0,1,2,,,0.05346399359405041,,,0.925075005481369,,,0.9290181961844234,,,0.0
nc-2-n4-0-n8-1-skip1-4,"[4, 8]",1,2,512.0,1,4,,,0.053606992587447166,,,0.9249514008822691,,,0.9288981769813509,,,0.0
nc-2-n4-0-n8-1-skip1-6,"[4, 8]",1,2,512.0,1,6,,,0.05347539484500885,,,0.9247226796321888,,,0.9287206688927963,,,0.0
nc-2-n4-0-n8-1-skip1-8,"[4, 8]",1,2,512.0,1,8,,,0.05352821759879589,,,0.9242133978653289,,,0.9282337318689678,,,0.0
nc-2-n4-0-n8-1-skip1-10,"[4, 8]",1,2,512.0,1,10,,,0.05392995662987232,,,0.9231605231568684,,,0.9272864826546401,,,0.0
nc-2-n4-0-n8-1-skip1-12,"[4, 8]",1,2,512.0,1,12,,,0.05390247330069542,,,0.9230681265482135,,,0.9272290940458184,,,0.0
nc-2-n4-0-n8-1-skip1-14,"[4, 8]",1,2,512.0,1,14,,,0.053957417607307434,,,0.9230305701132178,,,0.9271722068202995,,,0.0
nc-2-n4-0-n8-1-skip1-16,"[4, 8]",1,2,512.0,1,16,,,0.05428531765937805,,,0.9214317213610752,,,0.9257378200288222,,,0.0
nc-2-n4-0-n8-1-skip1-18,"[4, 8]",1,2,512.0,1,18,,,0.054058169946074486,,,0.922551578172375,,,0.9267378175265056,,,0.0
nc-2-n4-0-n8-1-skip1-20,"[4, 8]",1,2,512.0,1,20,,,0.05399559624493122,,,0.9225772726631625,,,0.9267743246707301,,,0.0
nc-2-n4-0-n8-1-skip1-22,"[4, 8]",1,2,512.0,1,22,,,0.054417684674263,,,0.9222972574068773,,,0.9264934396248763,,,0.0
nc-2-n4-0-n8-1-skip1-24,"[4, 8]",1,2,512.0,1,24,,,0.054398803040385246,,,0.9213768872070638,,,0.9257160360742802,,,0.0
nc-2-n4-0-n8-1-skip1-26,"[4, 8]",1,2,512.0,1,26,,,0.05432861112058163,,,0.9212639960120419,,,0.9255913765457418,,,0.0
nc-2-n4-0-n8-1-skip1-28,"[4, 8]",1,2,512.0,1,28,,,0.0541139654815197,,,0.9215597436294453,,,0.9258792220797947,,,0.0
nc-2-n4-0-n8-1-skip1-30,"[4, 8]",1,2,512.0,1,30,,,0.054707709699869156,,,0.9209664750564122,,,0.9253209754707465,,,0.0
nc-2-n4-0-n8-1-skip1,"[4, 8]",1,2,512.0,1,0,0.05234299922982852,0.049532024189829826,,0.928451781657447,0.9283379239642182,,0.9319225358745994,0.9319376136238636,,0.0,0.0,
nc-2-n4-0-n8-1-skip0-0,"[4, 8]",0,2,512.0,1,0,,,0.18224987387657166,,,0.6428477567110943,,,0.7499808370381726,,,0.0
nc-2-n4-0-n8-1-skip0-2,"[4, 8]",0,2,512.0,1,2,,,0.18229793012142181,,,0.6428524498355095,,,0.7499904185190863,,,0.0
nc-2-n4-0-n8-1-skip0-4,"[4, 8]",0,2,512.0,1,4,,,0.18242432177066803,,,0.6428524498355095,,,0.7499904185190863,,,0.0
nc-2-n4-0-n8-1-skip0-6,"[4, 8]",0,2,512.0,1,6,,,0.18231447786092758,,,0.6428524498355095,,,0.7499904185190863,,,0.0
nc-2-n4-0-n8-1-skip0-8,"[4, 8]",0,2,512.0,1,8,,,0.1820680946111679,,,0.6428524498355095,,,0.7499904185190863,,,0.0
nc-2-n4-0-n8-1-skip0-10,"[4, 8]",0,2,512.0,1,10,,,0.182091623544693,,,0.6428371849116816,,,0.7499592536369517,,,0.0
nc-2-n4-0-n8-1-skip0-12,"[4, 8]",0,2,512.0,1,12,,,0.1824030801653862,,,0.6428524498355095,,,0.7499904185190863,,,0.0
nc-2-n4-0-n8-1-skip0-14,"[4, 8]",0,2,512.0,1,14,,,0.18235013633966446,,,0.6428571428571428,,,0.75,,,0.0
nc-2-n4-0-n8-1-skip0-16,"[4, 8]",0,2,512.0,1,16,,,0.181799054145813,,,0.6428524498355095,,,0.7499904185190863,,,0.0
nc-2-n4-0-n8-1-skip0-18,"[4, 8]",0,2,512.0,1,18,,,0.1824122741818428,,,0.6428512642849304,,,0.7499879980796927,,,0.0
nc-2-n4-0-n8-1-skip0-20,"[4, 8]",0,2,512.0,1,20,,,0.18210603296756744,,,0.6428406925298138,,,0.7499664146784718,,,0.0
nc-2-n4-0-n8-1-skip0-22,"[4, 8]",0,2,512.0,1,22,,,0.1822039783000946,,,0.6428512642849304,,,0.7499879980796927,,,0.0
nc-2-n4-0-n8-1-skip0-24,"[4, 8]",0,2,512.0,1,24,,,0.18203867226839066,,,0.6428512642849304,,,0.7499879980796927,,,0.0
nc-2-n4-0-n8-1-skip0-26,"[4, 8]",0,2,512.0,1,26,,,0.18220731616020203,,,0.6428571428571428,,,0.75,,,0.0
nc-2-n4-0-n8-1-skip0-28,"[4, 8]",0,2,512.0,1,28,,,0.18159501999616623,,,0.6428359994053985,,,0.7499568331975581,,,0.0
nc-2-n4-0-n8-1-skip0-30,"[4, 8]",0,2,512.0,1,30,,,0.18178609758615494,,,0.6428465712632971,,,0.7499784165987791,,,0.0
nc-2-n4-0-n8-1-skip0,"[4, 8]",0,2,512.0,1,0,0.18755166431268055,0.17276856303215027,,0.6428571428571428,0.6428516153480001,,0.7499887148710757,0.75,,0.0,0.0,
nc-1-n4-2-n8-2-skip1-0,"[4, 4, 4, 8, 8]",1,1,64.0,4,0,,,0.030822845175862312,,,0.9929098760972161,,,0.9929432305673584,,,0.07138480432331562
nc-1-n4-2-n8-2-skip1-2,"[4, 4, 4, 8, 8]",1,1,64.0,4,2,,,0.030880982987582684,,,0.9929654915088393,,,0.9929982990134469,,,0.06747855432331562
nc-1-n4-2-n8-2-skip1-4,"[4, 4, 4, 8, 8]",1,1,64.0,4,4,,,0.030946478247642517,,,0.992980425920615,,,0.9930130222031294,,,0.05575980432331562
nc-1-n4-2-n8-2-skip1-6,"[4, 4, 4, 8, 8]",1,1,64.0,4,6,,,0.030854878947138786,,,0.9930839584494717,,,0.9931158977771258,,,0.07329963333904743
nc-1-n4-2-n8-2-skip1-8,"[4, 4, 4, 8, 8]",1,1,64.0,4,8,,,0.030959478579461575,,,0.9928780919021013,,,0.9929115643019211,,,0.05277267191559076
nc-1-n4-2-n8-2-skip1-10,"[4, 4, 4, 8, 8]",1,1,64.0,4,10,,,0.030885168351233006,,,0.993212447753322,,,0.993242977745058,,,0.05966605432331562
nc-1-n4-2-n8-2-skip1-12,"[4, 4, 4, 8, 8]",1,1,64.0,4,12,,,0.030953084118664265,,,0.9931449895318719,,,0.9931757068253411,,,0.06357230432331562
nc-1-n4-2-n8-2-skip1-14,"[4, 4, 4, 8, 8]",1,1,64.0,4,14,,,0.031050856225192547,,,0.9932012046417513,,,0.9932312766547323,,,0.07046568766236305
nc-1-n4-2-n8-2-skip1-16,"[4, 4, 4, 8, 8]",1,1,64.0,4,16,,,0.030915810726583004,,,0.9931843131390069,,,0.9932141330256563,,,0.06165747717022896
nc-1-n4-2-n8-2-skip1-18,"[4, 4, 4, 8, 8]",1,1,64.0,4,18,,,0.031100504100322723,,,0.993029425468221,,,0.9930609296076978,,,0.04986213333904743
nc-1-n4-2-n8-2-skip1-20,"[4, 4, 4, 8, 8]",1,1,64.0,4,20,,,0.031014269217848778,,,0.99305993171826,,,0.993091994213172,,,0.04013480432331562
nc-1-n4-2-n8-2-skip1-22,"[4, 4, 4, 8, 8]",1,1,64.0,4,22,,,0.031014406122267246,,,0.9932006738107899,,,0.9932310761014113,,,0.06847426667809486
nc-1-n4-2-n8-2-skip1-24,"[4, 4, 4, 8, 8]",1,1,64.0,4,24,,,0.030963120982050896,,,0.993575854132386,,,0.9936029350776149,,,0.07046568766236305
nc-1-n4-2-n8-2-skip1-26,"[4, 4, 4, 8, 8]",1,1,64.0,4,26,,,0.03099245484918356,,,0.9930409484805361,,,0.9930725304213629,,,0.05966605432331562
nc-1-n4-2-n8-2-skip1-28,"[4, 4, 4, 8, 8]",1,1,64.0,4,28,,,0.03106260485947132,,,0.9931548868655391,,,0.9931852883062547,,,0.07628676667809486
nc-1-n4-2-n8-2-skip1-30,"[4, 4, 4, 8, 8]",1,1,64.0,4,30,,,0.03090533334761858,,,0.9935826506075944,,,0.9936096950124929,,,0.056755516678094864
nc-1-n4-2-n8-2-skip1,"[4, 4, 4, 8, 8]",1,1,64.0,4,0,0.03161076654990514,0.03146244212985039,,0.9917269635517181,0.9923239903881083,,0.9923640923971185,0.991771039029385,,0.04779647489388784,0.05764678120613098,
nc-1-n4-2-n8-2-skip0-0,"[4, 4, 4, 8, 8]",0,1,64.0,4,0,,,0.15789269655942917,,,0.6440514420032015,,,0.7498273327902325,,,0.0
nc-1-n4-2-n8-2-skip0-2,"[4, 4, 4, 8, 8]",0,1,64.0,4,2,,,0.1579938307404518,,,0.6440624652362612,,,0.7498132112605134,,,0.0
nc-1-n4-2-n8-2-skip0-4,"[4, 4, 4, 8, 8]",0,1,64.0,4,4,,,0.15799443423748016,,,0.6437154946126753,,,0.7498777609108551,,,0.0
nc-1-n4-2-n8-2-skip0-6,"[4, 4, 4, 8, 8]",0,1,64.0,4,6,,,0.15797464549541473,,,0.6434573863565455,,,0.7497432190714212,,,0.0
nc-1-n4-2-n8-2-skip0-8,"[4, 4, 4, 8, 8]",0,1,64.0,4,8,,,0.15785451233386993,,,0.643801134174246,,,0.7500504281206226,,,0.0
nc-1-n4-2-n8-2-skip0-10,"[4, 4, 4, 8, 8]",0,1,64.0,4,10,,,0.15798494964838028,,,0.6435688217427572,,,0.7499689353945259,,,0.0
nc-1-n4-2-n8-2-skip0-12,"[4, 4, 4, 8, 8]",0,1,64.0,4,12,,,0.15808513015508652,,,0.6436516750909088,,,0.7497414002919909,,,0.0
nc-1-n4-2-n8-2-skip0-14,"[4, 4, 4, 8, 8]",0,1,64.0,4,14,,,0.15804705023765564,,,0.6439210867396357,,,0.7499330299102647,,,0.0
nc-1-n4-2-n8-2-skip0-16,"[4, 4, 4, 8, 8]",0,1,64.0,4,16,,,0.15827596187591553,,,0.6438950266438165,,,0.7496282413004569,,,0.0
nc-1-n4-2-n8-2-skip0-18,"[4, 4, 4, 8, 8]",0,1,64.0,4,18,,,0.1581917405128479,,,0.6434298260719437,,,0.7497507812195836,,,0.0
nc-1-n4-2-n8-2-skip0-20,"[4, 4, 4, 8, 8]",0,1,64.0,4,20,,,0.1582157388329506,,,0.6438808074795135,,,0.7499497724326984,,,0.0
nc-1-n4-2-n8-2-skip0-22,"[4, 4, 4, 8, 8]",0,1,64.0,4,22,,,0.1583179160952568,,,0.6434989484476438,,,0.7498369142711462,,,0.0
nc-1-n4-2-n8-2-skip0-24,"[4, 4, 4, 8, 8]",0,1,64.0,4,24,,,0.15821891278028488,,,0.6436057243385005,,,0.7497914273059713,,,0.0
nc-1-n4-2-n8-2-skip0-26,"[4, 4, 4, 8, 8]",0,1,64.0,4,26,,,0.15820494294166565,,,0.6433326896102773,,,0.7498896625545017,,,0.0
nc-1-n4-2-n8-2-skip0-28,"[4, 4, 4, 8, 8]",0,1,64.0,4,28,,,0.1583031266927719,,,0.6433768836264981,,,0.7498154311465858,,,0.0
nc-1-n4-2-n8-2-skip0-30,"[4, 4, 4, 8, 8]",0,1,64.0,4,30,,,0.15827002376317978,,,0.6435760189710751,,,0.7499112459557227,,,0.0
nc-1-n4-2-n8-2-skip0,"[4, 4, 4, 8, 8]",0,1,64.0,4,0,0.15932597915331523,0.15013521164655685,,0.64313860255315,0.6433070406912538,,0.7498160678682488,0.7499198203976909,,0.0,0.0,
nc-1-n4-2-n8-1-skip1-0,"[4, 4, 4, 8]",1,1,128.0,3,0,,,0.038877811282873154,,,0.9384875062010439,,,0.9412876647416737,,,0.0
nc-1-n4-2-n8-1-skip1-2,"[4, 4, 4, 8]",1,1,128.0,3,2,,,0.03885231725871563,,,0.9384690385047765,,,0.9412709222192399,,,0.0
nc-1-n4-2-n8-1-skip1-4,"[4, 4, 4, 8]",1,1,128.0,3,4,,,0.038840388879179955,,,0.9384582675643354,,,0.9412612404616656,,,0.0
nc-1-n4-2-n8-1-skip1-6,"[4, 4, 4, 8]",1,1,128.0,3,6,,,0.03901295363903046,,,0.9379389887160877,,,0.9407891269041802,,,0.0
nc-1-n4-2-n8-1-skip1-8,"[4, 4, 4, 8]",1,1,128.0,3,8,,,0.03899817541241646,,,0.9378987930279452,,,0.9407552407526704,,,0.0
nc-1-n4-2-n8-1-skip1-10,"[4, 4, 4, 8]",1,1,128.0,3,10,,,0.039052510634064674,,,0.9378252783550883,,,0.9406885714929167,,,0.0
nc-1-n4-2-n8-1-skip1-12,"[4, 4, 4, 8]",1,1,128.0,3,12,,,0.039064813405275345,,,0.93763394149677,,,0.9405157037298282,,,0.0
nc-1-n4-2-n8-1-skip1-14,"[4, 4, 4, 8]",1,1,128.0,3,14,,,0.03915169648826122,,,0.9374538015659806,,,0.9403529188309558,,,0.0
nc-1-n4-2-n8-1-skip1-16,"[4, 4, 4, 8]",1,1,128.0,3,16,,,0.03928628750145435,,,0.9369040445050414,,,0.9398557986662506,,,0.0
nc-1-n4-2-n8-1-skip1-18,"[4, 4, 4, 8]",1,1,128.0,3,18,,,0.039104657247662544,,,0.9374656193182505,,,0.9403618986519063,,,0.0
nc-1-n4-2-n8-1-skip1-20,"[4, 4, 4, 8]",1,1,128.0,3,20,,,0.038939427584409714,,,0.9379443965442695,,,0.9407962879457004,,,0.0
nc-1-n4-2-n8-1-skip1-22,"[4, 4, 4, 8]",1,1,128.0,3,22,,,0.039036570116877556,,,0.9374719130565067,,,0.940369360523408,,,0.0
nc-1-n4-2-n8-1-skip1-24,"[4, 4, 4, 8]",1,1,128.0,3,24,,,0.03945836424827576,,,0.936304885213574,,,0.9393165144657087,,,0.0
nc-1-n4-2-n8-1-skip1-26,"[4, 4, 4, 8]",1,1,128.0,3,26,,,0.039182137697935104,,,0.937114099649805,,,0.9400463114417179,,,0.0
nc-1-n4-2-n8-1-skip1-28,"[4, 4, 4, 8]",1,1,128.0,3,28,,,0.039410077035427094,,,0.9366058964434925,,,0.9395877177539882,,,0.0
nc-1-n4-2-n8-1-skip1-30,"[4, 4, 4, 8]",1,1,128.0,3,30,,,0.03941592946648598,,,0.9365852179374899,,,0.9395693570054453,,,0.0
nc-1-n4-2-n8-1-skip1,"[4, 4, 4, 8]",1,1,128.0,3,0,0.03866039390365283,0.037482814863324165,,0.9414646027774014,0.9436278727797411,,0.9459633021915924,0.9439894909061346,,0.0,0.0,
nc-1-n4-2-n8-1-skip0-0,"[4, 4, 4, 8]",0,1,128.0,3,0,,,0.154424287378788,,,0.6428776940005254,,,0.7499592536369517,,,0.0
nc-1-n4-2-n8-1-skip0-2,"[4, 4, 4, 8]",0,1,128.0,3,2,,,0.15444226562976837,,,0.6428870835193696,,,0.7499784165987791,,,0.0
nc-1-n4-2-n8-1-skip0-4,"[4, 4, 4, 8]",0,1,128.0,3,4,,,0.1545841544866562,,,0.6428765075931154,,,0.7499568331975581,,,0.0
nc-1-n4-2-n8-1-skip0-6,"[4, 4, 4, 8]",0,1,128.0,3,6,,,0.154597707092762,,,0.6429035400786691,,,0.7500120019203073,,,0.0
nc-1-n4-2-n8-1-skip0-8,"[4, 4, 4, 8]",0,1,128.0,3,8,,,0.15483234077692032,,,0.6428586777021379,,,0.7499664146784718,,,0.0
nc-1-n4-2-n8-1-skip0-10,"[4, 4, 4, 8]",0,1,128.0,3,10,,,0.15471546351909637,,,0.6428633723077157,,,0.7499759961593855,,,0.0
nc-1-n4-2-n8-1-skip0-12,"[4, 4, 4, 8]",0,1,128.0,3,12,,,0.15463754534721375,,,0.6428445932700204,,,0.7499376702357308,,,0.0
nc-1-n4-2-n8-1-skip0-14,"[4, 4, 4, 8]",0,1,128.0,3,14,,,0.15486202389001846,,,0.6428571428571428,,,0.75,,,0.0
nc-1-n4-2-n8-1-skip0-16,"[4, 4, 4, 8]",0,1,128.0,3,16,,,0.15481751412153244,,,0.6428477567110943,,,0.7499808370381726,,,0.0
nc-1-n4-2-n8-1-skip0-18,"[4, 4, 4, 8]",0,1,128.0,3,18,,,0.15495940297842026,,,0.6429035400786691,,,0.7500120019203073,,,0.0
nc-1-n4-2-n8-1-skip0-20,"[4, 4, 4, 8]",0,1,128.0,3,20,,,0.15494421124458313,,,0.6428418781388819,,,0.7499688351178654,,,0.0
nc-1-n4-2-n8-1-skip0-22,"[4, 4, 4, 8]",0,1,128.0,3,22,,,0.15494829416275024,,,0.6428645564356212,,,0.7499784165987791,,,0.0
nc-1-n4-2-n8-1-skip0-24,"[4, 4, 4, 8]",0,1,128.0,3,24,,,0.15506795048713684,,,0.6428512642849304,,,0.7499879980796927,,,0.0
nc-1-n4-2-n8-1-skip0-26,"[4, 4, 4, 8]",0,1,128.0,3,26,,,0.1551717147231102,,,0.6428692510411992,,,0.7499879980796927,,,0.0
nc-1-n4-2-n8-1-skip0-28,"[4, 4, 4, 8]",0,1,128.0,3,28,,,0.15510817617177963,,,0.6428465712632971,,,0.7499784165987791,,,0.0
nc-1-n4-2-n8-1-skip0-30,"[4, 4, 4, 8]",0,1,128.0,3,30,,,0.15521199256181717,,,0.6428465712632971,,,0.7499784165987791,,,0.0
nc-1-n4-2-n8-1-skip0,"[4, 4, 4, 8]",0,1,128.0,3,0,0.15603835980097452,0.14540211111307144,,0.6428546782187367,0.6428664089701613,,0.7499648772404189,0.7498796190833427,,0.0,0.0,
nc-1-n4-1-n8-2-skip1-0,"[4, 4, 8, 8]",1,1,128.0,3,0,,,0.08388005197048187,,,0.9201016784291496,,,0.9247209797320446,,,0.0
nc-1-n4-1-n8-2-skip1-2,"[4, 4, 8, 8]",1,1,128.0,3,2,,,0.08381175622344017,,,0.9200935158822559,,,0.9247111976978097,,,0.0
nc-1-n4-1-n8-2-skip1-4,"[4, 4, 8, 8]",1,1,128.0,3,4,,,0.08365999534726143,,,0.9202095889881532,,,0.9248052940041769,,,0.0
nc-1-n4-1-n8-2-skip1-6,"[4, 4, 8, 8]",1,1,128.0,3,6,,,0.08335007727146149,,,0.9205425337254893,,,0.9251123025000572,,,0.0
nc-1-n4-1-n8-2-skip1-8,"[4, 4, 8, 8]",1,1,128.0,3,8,,,0.08362999185919762,,,0.9200929078446248,,,0.9246954579419815,,,0.0
nc-1-n4-1-n8-2-skip1-10,"[4, 4, 8, 8]",1,1,128.0,3,10,,,0.08370764926075935,,,0.9202600190384951,,,0.9248437202044923,,,0.0
nc-1-n4-1-n8-2-skip1-12,"[4, 4, 8, 8]",1,1,128.0,3,12,,,0.08385400474071503,,,0.919889781084487,,,0.9244953636856004,,,0.0
nc-1-n4-1-n8-2-skip1-14,"[4, 4, 8, 8]",1,1,128.0,3,14,,,0.08337585255503654,,,0.9200590162976716,,,0.9246341447438581,,,0.0
nc-1-n4-1-n8-2-skip1-16,"[4, 4, 8, 8]",1,1,128.0,3,16,,,0.08350267633795738,,,0.9205605246636536,,,0.9250886997660849,,,0.0
nc-1-n4-1-n8-2-skip1-18,"[4, 4, 8, 8]",1,1,128.0,3,18,,,0.08355601131916046,,,0.9200126543350944,,,0.9246154831653335,,,0.0
nc-1-n4-1-n8-2-skip1-20,"[4, 4, 8, 8]",1,1,128.0,3,20,,,0.08291362971067429,,,0.9214588524890615,,,0.9259066491264081,,,0.0
nc-1-n4-1-n8-2-skip1-22,"[4, 4, 8, 8]",1,1,128.0,3,22,,,0.08335486799478531,,,0.9205604022581005,,,0.9250495716291458,,,0.0
nc-1-n4-1-n8-2-skip1-24,"[4, 4, 8, 8]",1,1,128.0,3,24,,,0.08378263935446739,,,0.9195081034950499,,,0.9241608140669055,,,0.0
nc-1-n4-1-n8-2-skip1-26,"[4, 4, 8, 8]",1,1,128.0,3,26,,,0.08308792859315872,,,0.9203956686578938,,,0.92490040687669,,,0.0
nc-1-n4-1-n8-2-skip1-28,"[4, 4, 8, 8]",1,1,128.0,3,28,,,0.0829637423157692,,,0.920909057947132,,,0.9253588000110985,,,0.0
nc-1-n4-1-n8-2-skip1-30,"[4, 4, 8, 8]",1,1,128.0,3,30,,,0.08212203904986382,,,0.9222761902285443,,,0.926632421236455,,,0.0
nc-1-n4-1-n8-2-skip1,"[4, 4, 8, 8]",1,1,128.0,3,0,0.09609804550806682,0.08152782917022705,,0.9135201676378604,0.9057020881021723,,0.9121613945830883,0.9189473059498475,,0.0,0.0,
nc-1-n4-1-n8-2-skip0-0,"[4, 4, 8, 8]",0,1,128.0,3,0,,,0.17420247942209244,,,0.6428418781388819,,,0.7499688351178654,,,0.0
nc-1-n4-1-n8-2-skip0-2,"[4, 4, 8, 8]",0,1,128.0,3,2,,,0.174251027405262,,,0.6428465712632971,,,0.7499784165987791,,,0.0
nc-1-n4-1-n8-2-skip0-4,"[4, 4, 8, 8]",0,1,128.0,3,4,,,0.1742282137274742,,,0.6428465712632971,,,0.7499784165987791,,,0.0
nc-1-n4-1-n8-2-skip0-6,"[4, 4, 8, 8]",0,1,128.0,3,6,,,0.17429650574922562,,,0.6428465712632971,,,0.7499784165987791,,,0.0
nc-1-n4-1-n8-2-skip0-8,"[4, 4, 8, 8]",0,1,128.0,3,8,,,0.17423559725284576,,,0.6428524498355095,,,0.7499904185190863,,,0.0
nc-1-n4-1-n8-2-skip0-10,"[4, 4, 8, 8]",0,1,128.0,3,10,,,0.17434868216514587,,,0.6428571428571428,,,0.75,,,0.0
nc-1-n4-1-n8-2-skip0-12,"[4, 4, 8, 8]",0,1,128.0,3,12,,,0.1745588630437851,,,0.6428855533224004,,,0.7500120019203073,,,0.0
nc-1-n4-1-n8-2-skip0-14,"[4, 4, 8, 8]",0,1,128.0,3,14,,,0.1744225025177002,,,0.6428749794043221,,,0.7499904185190863,,,0.0
nc-1-n4-1-n8-2-skip0-16,"[4, 4, 8, 8]",0,1,128.0,3,16,,,0.17490743100643158,,,0.6428855533224004,,,0.7500120019203073,,,0.0
nc-1-n4-1-n8-2-skip0-18,"[4, 4, 8, 8]",0,1,128.0,3,18,,,0.1743127554655075,,,0.6428512642849304,,,0.7499879980796927,,,0.0
nc-1-n4-1-n8-2-skip0-20,"[4, 4, 8, 8]",0,1,128.0,3,20,,,0.17429012060165405,,,0.6428571428571428,,,0.75,,,0.0
nc-1-n4-1-n8-2-skip0-22,"[4, 4, 8, 8]",0,1,128.0,3,22,,,0.17491870373487473,,,0.6428798241164313,,,0.7500095814809137,,,0.0
nc-1-n4-1-n8-2-skip0-24,"[4, 4, 8, 8]",0,1,128.0,3,24,,,0.17425322532653809,,,0.6428571428571428,,,0.75,,,0.0
nc-1-n4-1-n8-2-skip0-26,"[4, 4, 8, 8]",0,1,128.0,3,26,,,0.1752532348036766,,,0.6428798241164313,,,0.7500095814809137,,,0.0
nc-1-n4-1-n8-2-skip0-28,"[4, 4, 8, 8]",0,1,128.0,3,28,,,0.1752367690205574,,,0.6428751296134115,,,0.75,,,0.0
nc-1-n4-1-n8-2-skip0-30,"[4, 4, 8, 8]",0,1,128.0,3,30,,,0.17489377409219742,,,0.6428571428571428,,,0.75,,,0.0
nc-1-n4-1-n8-2-skip0,"[4, 4, 8, 8]",0,1,128.0,3,0,0.17406607965628307,0.16139522939920425,,0.6428571428571428,0.6429755131771112,,0.750008869550363,0.75,,0.0,0.0,
nc-1-n4-1-n8-1-skip1-0,"[4, 4, 8]",1,1,256.0,2,0,,,0.06490441784262657,,,0.9574200647228928,,,0.9580990284829138,,,0.0
nc-1-n4-1-n8-1-skip1-2,"[4, 4, 8]",1,1,256.0,2,2,,,0.06492188572883606,,,0.9572613526677308,,,0.9579498637304581,,,0.0
nc-1-n4-1-n8-1-skip1-4,"[4, 4, 8]",1,1,256.0,2,4,,,0.06487193703651428,,,0.9575354019676368,,,0.9582211672953982,,,0.0
nc-1-n4-1-n8-1-skip1-6,"[4, 4, 8]",1,1,256.0,2,6,,,0.06481482833623886,,,0.9576543178521664,,,0.9583150630484443,,,0.0
nc-1-n4-1-n8-1-skip1-8,"[4, 4, 8]",1,1,256.0,2,8,,,0.06482597440481186,,,0.9566067588034013,,,0.9573153663807425,,,0.0
nc-1-n4-1-n8-1-skip1-10,"[4, 4, 8]",1,1,256.0,2,10,,,0.06499117985367775,,,0.9565010999951753,,,0.957222473394302,,,0.0
nc-1-n4-1-n8-1-skip1-12,"[4, 4, 8]",1,1,256.0,2,12,,,0.06500483304262161,,,0.9561093022861022,,,0.9568376097311857,,,0.0
nc-1-n4-1-n8-1-skip1-14,"[4, 4, 8]",1,1,256.0,2,14,,,0.06488385796546936,,,0.9566076437360114,,,0.9573130462180097,,,0.0
nc-1-n4-1-n8-1-skip1-16,"[4, 4, 8]",1,1,256.0,2,16,,,0.0649806410074234,,,0.9568359882785655,,,0.957535840718418,,,0.0
nc-1-n4-1-n8-1-skip1-18,"[4, 4, 8]",1,1,256.0,2,18,,,0.0648416243493557,,,0.9567425868056718,,,0.9574522283829094,,,0.0
nc-1-n4-1-n8-1-skip1-20,"[4, 4, 8]",1,1,256.0,2,20,,,0.06480058655142784,,,0.9566121484025214,,,0.9573032641837749,,,0.0
nc-1-n4-1-n8-1-skip1-22,"[4, 4, 8]",1,1,256.0,2,22,,,0.06513801962137222,,,0.9561525610388557,,,0.9568796596908211,,,0.0
nc-1-n4-1-n8-1-skip1-24,"[4, 4, 8]",1,1,256.0,2,24,,,0.06497369334101677,,,0.9562130038956973,,,0.956903162148133,,,0.0
nc-1-n4-1-n8-1-skip1-26,"[4, 4, 8]",1,1,256.0,2,26,,,0.06505558267235756,,,0.9556655202198515,,,0.9563853610721513,,,0.0
nc-1-n4-1-n8-1-skip1-28,"[4, 4, 8]",1,1,256.0,2,28,,,0.06519093737006187,,,0.9547711940134873,,,0.9555362468296935,,,0.0
nc-1-n4-1-n8-1-skip1-30,"[4, 4, 8]",1,1,256.0,2,30,,,0.06519398093223572,,,0.9563293268571453,,,0.9570138004236128,,,0.0
nc-1-n4-1-n8-1-skip1,"[4, 4, 8]",1,1,256.0,2,0,0.07285156647364298,0.06306708604097366,,0.9532354654690998,0.9392587284772858,,0.9407767688840374,0.9540050823253101,,0.0,0.0,
nc-1-n4-1-n8-1-skip0-0,"[4, 4, 8]",0,1,256.0,2,0,,,0.18162430077791214,,,0.6557711518573153,,,0.7524245019782654,,,0.0
nc-1-n4-1-n8-1-skip0-2,"[4, 4, 8]",0,1,256.0,2,2,,,0.1816912367939949,,,0.6549867124267427,,,0.7518464907474265,,,0.0
nc-1-n4-1-n8-1-skip0-4,"[4, 4, 8]",0,1,256.0,2,4,,,0.18193738162517548,,,0.6544676582734787,,,0.7516021128457971,,,0.0
nc-1-n4-1-n8-1-skip0-6,"[4, 4, 8]",0,1,256.0,2,6,,,0.1815285012125969,,,0.6548273614156932,,,0.7518776556295612,,,0.0
nc-1-n4-1-n8-1-skip0-8,"[4, 4, 8]",0,1,256.0,2,8,,,0.181482695043087,,,0.6537278648821829,,,0.7515803288912551,,,0.0
nc-1-n4-1-n8-1-skip0-10,"[4, 4, 8]",0,1,256.0,2,10,,,0.18193621188402176,,,0.654120129530313,,,0.7516838061252149,,,0.0
nc-1-n4-1-n8-1-skip0-12,"[4, 4, 8]",0,1,256.0,2,12,,,0.18195689469575882,,,0.6526875357695869,,,0.7512011083202103,,,0.0
nc-1-n4-1-n8-1-skip0-14,"[4, 4, 8]",0,1,256.0,2,14,,,0.18249613791704178,,,0.6529002318832622,,,0.751033482542551,,,0.0
nc-1-n4-1-n8-1-skip0-16,"[4, 4, 8]",0,1,256.0,2,16,,,0.18178268522024155,,,0.6543419222183584,,,0.7516113934967292,,,0.0
nc-1-n4-1-n8-1-skip0-18,"[4, 4, 8]",0,1,256.0,2,18,,,0.1820395663380623,,,0.6553504910964127,,,0.751822486906812,,,0.0
nc-1-n4-1-n8-1-skip0-20,"[4, 4, 8]",0,1,256.0,2,20,,,0.18154191970825195,,,0.6547822412223335,,,0.7518439700313724,,,0.0
nc-1-n4-1-n8-1-skip0-22,"[4, 4, 8]",0,1,256.0,2,22,,,0.1815357729792595,,,0.6536608176192564,,,0.7513839586708548,,,0.0
nc-1-n4-1-n8-1-skip0-24,"[4, 4, 8]",0,1,256.0,2,24,,,0.18213359266519547,,,0.6542729874342645,,,0.7519040799095692,,,0.0
nc-1-n4-1-n8-1-skip0-26,"[4, 4, 8]",0,1,256.0,2,26,,,0.1812782809138298,,,0.6543145458623363,,,0.751882095401706,,,0.0
nc-1-n4-1-n8-1-skip0-28,"[4, 4, 8]",0,1,256.0,2,28,,,0.18220588564872742,,,0.6529161343450582,,,0.7509304064152333,,,0.0
nc-1-n4-1-n8-1-skip0-30,"[4, 4, 8]",0,1,256.0,2,30,,,0.18201694637537003,,,0.6521651138738938,,,0.7509926359028422,,,0.0
nc-1-n4-1-n8-1-skip0,"[4, 4, 8]",0,1,256.0,2,0,0.18198343217372895,0.17051789164543152,,0.6569915883545858,0.6566681148659523,,0.752394494264616,0.7515175717383444,,0.0,0.0,
nc-1-n4-0-n8-2-skip1-0,"[4, 8, 8]",1,1,256.0,2,0,,,0.0650690495967865,,,0.8754140530026746,,,0.8877533264436215,,,0.0
nc-1-n4-0-n8-2-skip1-2,"[4, 8, 8]",1,1,256.0,2,2,,,0.0650760792195797,,,0.8750076858943148,,,0.8874320961413614,,,0.0
nc-1-n4-0-n8-2-skip1-4,"[4, 8, 8]",1,1,256.0,2,4,,,0.0650407113134861,,,0.8753288756065716,,,0.8876867574605283,,,0.0
nc-1-n4-0-n8-2-skip1-6,"[4, 8, 8]",1,1,256.0,2,6,,,0.06511414796113968,,,0.8748437489342302,,,0.8873001752946422,,,0.0
nc-1-n4-0-n8-2-skip1-8,"[4, 8, 8]",1,1,256.0,2,8,,,0.06495507806539536,,,0.8746399041306732,,,0.887140412495127,,,0.0
nc-1-n4-0-n8-2-skip1-10,"[4, 8, 8]",1,1,256.0,2,10,,,0.0646461546421051,,,0.8760589196691022,,,0.8882646684147066,,,0.0
nc-1-n4-0-n8-2-skip1-12,"[4, 8, 8]",1,1,256.0,2,12,,,0.06493424996733665,,,0.8749678839793782,,,0.8874014326425296,,,0.0
nc-1-n4-0-n8-2-skip1-14,"[4, 8, 8]",1,1,256.0,2,14,,,0.06495717912912369,,,0.8746039083526334,,,0.8871130857251739,,,0.0
nc-1-n4-0-n8-2-skip1-16,"[4, 8, 8]",1,1,256.0,2,16,,,0.06541275233030319,,,0.8736910080826867,,,0.8863881296279519,,,0.0
nc-1-n4-0-n8-2-skip1-18,"[4, 8, 8]",1,1,256.0,2,18,,,0.06483369320631027,,,0.8754545889704493,,,0.8877801518302717,,,0.0
nc-1-n4-0-n8-2-skip1-20,"[4, 8, 8]",1,1,256.0,2,20,,,0.06448817625641823,,,0.8763404651047617,,,0.8884875631917756,,,0.0
nc-1-n4-0-n8-2-skip1-22,"[4, 8, 8]",1,1,256.0,2,22,,,0.06502814963459969,,,0.8739462925092552,,,0.8865944824359081,,,0.0
nc-1-n4-0-n8-2-skip1-24,"[4, 8, 8]",1,1,256.0,2,24,,,0.06455111876130104,,,0.8766339451862439,,,0.8887199391730977,,,0.0
nc-1-n4-0-n8-2-skip1-26,"[4, 8, 8]",1,1,256.0,2,26,,,0.06491817161440849,,,0.8753382949446655,,,0.8876935173954064,,,0.0
nc-1-n4-0-n8-2-skip1-28,"[4, 8, 8]",1,1,256.0,2,28,,,0.06466680765151978,,,0.8758085908890518,,,0.8880626551022347,,,0.0
nc-1-n4-0-n8-2-skip1-30,"[4, 8, 8]",1,1,256.0,2,30,,,0.06548770144581795,,,0.872648728664849,,,0.8855753081768569,,,0.0
nc-1-n4-0-n8-2-skip1,"[4, 8, 8]",1,1,256.0,2,0,0.06535713622967403,0.06361060589551926,,0.8731996046567481,0.8700855644598613,,0.8835689527182589,0.8860074447113062,,0.0,0.0,
nc-1-n4-0-n8-2-skip0-0,"[4, 8, 8]",0,1,256.0,2,0,,,0.1448037549853325,,,0.7114783176989783,,,0.763907186057327,,,0.0
nc-1-n4-0-n8-2-skip0-2,"[4, 8, 8]",0,1,256.0,2,2,,,0.14486990869045258,,,0.7108725661600444,,,0.7637942276191141,,,0.0
nc-1-n4-0-n8-2-skip0-4,"[4, 8, 8]",0,1,256.0,2,4,,,0.14494184404611588,,,0.7112059969652968,,,0.7637635641202822,,,0.0
nc-1-n4-0-n8-2-skip0-6,"[4, 8, 8]",0,1,256.0,2,6,,,0.1450771912932396,,,0.7100206467083328,,,0.7633032519297829,,,0.0
nc-1-n4-0-n8-2-skip0-8,"[4, 8, 8]",0,1,256.0,2,8,,,0.14516034722328186,,,0.7098557331088088,,,0.7627327025704459,,,0.0
nc-1-n4-0-n8-2-skip0-10,"[4, 8, 8]",0,1,256.0,2,10,,,0.14517460763454437,,,0.7085272879698317,,,0.762098219020271,,,0.0
nc-1-n4-0-n8-2-skip0-12,"[4, 8, 8]",0,1,256.0,2,12,,,0.14516932517290115,,,0.7096182503728772,,,0.7633700214661971,,,0.0
nc-1-n4-0-n8-2-skip0-14,"[4, 8, 8]",0,1,256.0,2,14,,,0.14571207761764526,,,0.7082450118992154,,,0.7621476305747475,,,0.0
nc-1-n4-0-n8-2-skip0-16,"[4, 8, 8]",0,1,256.0,2,16,,,0.1460701823234558,,,0.7066408982224628,,,0.761725443754582,,,0.0
nc-1-n4-0-n8-2-skip0-18,"[4, 8, 8]",0,1,256.0,2,18,,,0.14581945538520813,,,0.7067849066631594,,,0.7616461709145577,,,0.0
nc-1-n4-0-n8-2-skip0-20,"[4, 8, 8]",0,1,256.0,2,20,,,0.14577925205230713,,,0.7061976111399811,,,0.7615026492541734,,,0.0
nc-1-n4-0-n8-2-skip0-22,"[4, 8, 8]",0,1,256.0,2,22,,,0.1459563449025154,,,0.7070729159590015,,,0.7611331104407029,,,0.0
nc-1-n4-0-n8-2-skip0-24,"[4, 8, 8]",0,1,256.0,2,24,,,0.14581169933080673,,,0.7074497196964784,,,0.7618870115339871,,,0.0
nc-1-n4-0-n8-2-skip0-26,"[4, 8, 8]",0,1,256.0,2,26,,,0.1458427906036377,,,0.707028399414444,,,0.7610996253958353,,,0.0
nc-1-n4-0-n8-2-skip0-28,"[4, 8, 8]",0,1,256.0,2,28,,,0.1458715721964836,,,0.7073181166790506,,,0.7622351674995579,,,0.0
nc-1-n4-0-n8-2-skip0-30,"[4, 8, 8]",0,1,256.0,2,30,,,0.1464785784482956,,,0.7043778041769825,,,0.7602005844160575,,,0.0
nc-1-n4-0-n8-2-skip0,"[4, 8, 8]",0,1,256.0,2,0,0.14481063981850942,0.13845697045326233,,0.7208122266558141,0.7178228762087446,,0.7667344423719005,0.7669833268575952,,0.0,0.0,
nc-1-n4-0-n8-1-skip1-0,"[4, 8]",1,1,512.0,1,0,,,0.03407168947160244,,,0.9929164439399721,,,0.9929431302906978,,,0.008808210957795382
nc-1-n4-0-n8-1-skip1-2,"[4, 8]",1,1,512.0,1,2,,,0.033996252343058586,,,0.9931092959262205,,,0.9931349604622928,,,0.012714460957795382
nc-1-n4-0-n8-1-skip1-4,"[4, 8]",1,1,512.0,1,4,,,0.033969514071941376,,,0.993169586771014,,,0.9931947695105079,,,0.01662071095779538
nc-1-n4-0-n8-1-skip1-6,"[4, 8]",1,1,512.0,1,6,,,0.033959172666072845,,,0.993092214077169,,,0.9931183182165194,,,0.017616421915590763
nc-1-n4-0-n8-1-skip1-8,"[4, 8]",1,1,512.0,1,8,,,0.03403093107044697,,,0.9930387541465713,,,0.9930653693798428,,,0.0049019609577953815
nc-1-n4-0-n8-1-skip1-10,"[4, 8]",1,1,512.0,1,10,,,0.0339640025049448,,,0.9930573331255426,,,0.9930844320650096,,,0.01662071095779538
nc-1-n4-0-n8-1-skip1-12,"[4, 8]",1,1,512.0,1,12,,,0.03401215560734272,,,0.9928999520801891,,,0.9929286076543364,,,0.022518383339047432
nc-1-n4-0-n8-1-skip1-14,"[4, 8]",1,1,512.0,1,14,,,0.034081608057022095,,,0.9929097683737369,,,0.9929382894119108,,,0.017616421915590763
nc-1-n4-0-n8-1-skip1-16,"[4, 8]",1,1,512.0,1,16,,,0.03383713215589523,,,0.9933880410305538,,,0.9934129236854503,,,0.03814338333904743
nc-1-n4-0-n8-1-skip1-18,"[4, 8]",1,1,512.0,1,18,,,0.03365323506295681,,,0.9929380667132905,,,0.9929670338546518,,,0.02052696095779538
nc-1-n4-0-n8-1-skip1-20,"[4, 8]",1,1,512.0,1,20,,,0.03394236974418163,,,0.9933589185371381,,,0.9933842795193697,,,0.029335171915590763
nc-1-n4-0-n8-1-skip1-22,"[4, 8]",1,1,512.0,1,22,,,0.03371226601302624,,,0.9930611211588143,,,0.9930890723904756,,,0.025428921915590763
nc-1-n4-0-n8-1-skip1-24,"[4, 8]",1,1,512.0,1,24,,,0.03368617594242096,,,0.9935568584765354,,,0.9935810508464122,,,0.04993872717022896
nc-1-n4-0-n8-1-skip1-26,"[4, 8]",1,1,512.0,1,26,,,0.03370794467628002,,,0.9933526924061464,,,0.9933794386405826,,,0.03232230432331562
nc-1-n4-0-n8-1-skip1-28,"[4, 8]",1,1,512.0,1,28,,,0.03381147049367428,,,0.9935594542540949,,,0.9935832707324848,,,0.02450980432331562
nc-1-n4-0-n8-1-skip1-30,"[4, 8]",1,1,512.0,1,30,,,0.03375149331986904,,,0.9929765849093746,,,0.993005259501646,,,0.03615196095779538
nc-1-n4-0-n8-1-skip1,"[4, 8]",1,1,512.0,1,0,0.038236409922440845,0.03414393588900566,,0.9929840331943701,0.9869227473929109,,0.9870345000237962,0.9930152725366936,,0.0,0.015388257801532745,
nc-1-n4-0-n8-1-skip0-0,"[4, 8]",0,1,512.0,1,0,,,0.11658924072980881,,,0.7836169987321753,,,0.8067995901573287,,,0.0
nc-1-n4-0-n8-1-skip0-2,"[4, 8]",0,1,512.0,1,2,,,0.11706558614969254,,,0.7826244388576977,,,0.8060633340764232,,,0.0
nc-1-n4-0-n8-1-skip0-4,"[4, 8]",0,1,512.0,1,4,,,0.11689562723040581,,,0.7840214277764042,,,0.8071757886290167,,,0.0
nc-1-n4-0-n8-1-skip0-6,"[4, 8]",0,1,512.0,1,6,,,0.11701449751853943,,,0.7841031364442879,,,0.8075509705345589,,,0.0
nc-1-n4-0-n8-1-skip0-8,"[4, 8]",0,1,512.0,1,8,,,0.11688176169991493,,,0.7844592721734778,,,0.8078378133020063,,,0.0
nc-1-n4-0-n8-1-skip0-10,"[4, 8]",0,1,512.0,1,10,,,0.11720700934529305,,,0.7851527118342632,,,0.8085825340210191,,,0.0
nc-1-n4-0-n8-1-skip0-12,"[4, 8]",0,1,512.0,1,12,,,0.11768053472042084,,,0.7833566794500335,,,0.8070507279938361,,,0.0
nc-1-n4-0-n8-1-skip0-14,"[4, 8]",0,1,512.0,1,14,,,0.11757918447256088,,,0.7827375687951749,,,0.8068566779361688,,,0.0
nc-1-n4-0-n8-1-skip0-16,"[4, 8]",0,1,512.0,1,16,,,0.1185232624411583,,,0.7808829705345838,,,0.8053864721375503,,,0.0
nc-1-n4-0-n8-1-skip0-18,"[4, 8]",0,1,512.0,1,18,,,0.11731456592679024,,,0.7849098073384255,,,0.8084357897079568,,,0.0
nc-1-n4-0-n8-1-skip0-20,"[4, 8]",0,1,512.0,1,20,,,0.11828741058707237,,,0.783904223442881,,,0.8078026097543689,,,0.0
nc-1-n4-0-n8-1-skip0-22,"[4, 8]",0,1,512.0,1,22,,,0.11866317316889763,,,0.7829096559534758,,,0.8068018100434011,,,0.0
nc-1-n4-0-n8-1-skip0-24,"[4, 8]",0,1,512.0,1,24,,,0.11878274753689766,,,0.7823191270785144,,,0.8066862168129332,,,0.0
nc-1-n4-0-n8-1-skip0-26,"[4, 8]",0,1,512.0,1,26,,,0.11853888630867004,,,0.7838621869374729,,,0.8076065403639502,,,0.0
nc-1-n4-0-n8-1-skip0-28,"[4, 8]",0,1,512.0,1,28,,,0.1184820830821991,,,0.7832129638109304,,,0.8073686215672171,,,0.0
nc-1-n4-0-n8-1-skip0-30,"[4, 8]",0,1,512.0,1,30,,,0.11879574880003929,,,0.7820332833715954,,,0.8066293433869547,,,0.0
nc-1-n4-0-n8-1-skip0,"[4, 8]",0,1,512.0,1,0,0.11679598540067673,0.10935983061790466,,0.7988651581704722,0.7961947087161277,,0.8181371758538328,0.8199025027542789,,0.0,0.0,
nc-2-n4-2-n8-0-skip1-0,"[4, 4, 4]",1,2,128.0,2,0,,,0.0680898055434227,,,0.8639448394961573,,,0.8691115125407647,,,0.0
nc-2-n4-2-n8-0-skip1-2,"[4, 4, 4]",1,2,128.0,2,2,,,0.06807941198348999,,,0.8641372407546468,,,0.869330368652331,,,0.0
nc-2-n4-2-n8-0-skip1-4,"[4, 4, 4]",1,2,128.0,2,4,,,0.06809006258845329,,,0.8641777472209357,,,0.8694336453329696,,,0.0
nc-2-n4-2-n8-0-skip1-6,"[4, 4, 4]",1,2,128.0,2,6,,,0.06798156723380089,,,0.863101882532775,,,0.8683778774525739,,,0.0
nc-2-n4-2-n8-0-skip1-8,"[4, 4, 4]",1,2,128.0,2,8,,,0.06833762675523758,,,0.8621436363541186,,,0.8675602289222324,,,0.0
nc-2-n4-2-n8-0-skip1-10,"[4, 4, 4]",1,2,128.0,2,10,,,0.06849917396903038,,,0.8620899705447407,,,0.8675986551225476,,,0.0
nc-2-n4-2-n8-0-skip1-12,"[4, 4, 4]",1,2,128.0,2,12,,,0.06828616932034492,,,0.8628468498536925,,,0.8684120644340654,,,0.0
nc-2-n4-2-n8-0-skip1-14,"[4, 4, 4]",1,2,128.0,2,14,,,0.06822878494858742,,,0.8636577830281242,,,0.8689968355997821,,,0.0
nc-2-n4-2-n8-0-skip1-16,"[4, 4, 4]",1,2,128.0,2,16,,,0.06806628778576851,,,0.8638542263043495,,,0.8693712152920399,,,0.0
nc-2-n4-2-n8-0-skip1-18,"[4, 4, 4]",1,2,128.0,2,18,,,0.06831425055861473,,,0.8626496421526765,,,0.868225877354542,,,0.0
nc-2-n4-2-n8-0-skip1-20,"[4, 4, 4]",1,2,128.0,2,20,,,0.06828881427645683,,,0.8631458124576534,,,0.8687329939063437,,,0.0
nc-2-n4-2-n8-0-skip1-22,"[4, 4, 4]",1,2,128.0,2,22,,,0.06811696290969849,,,0.8631562229921879,,,0.868629717225705,,,0.0
nc-2-n4-2-n8-0-skip1-24,"[4, 4, 4]",1,2,128.0,2,24,,,0.06855947524309158,,,0.8606163969427216,,,0.8665574098785133,,,0.0
nc-2-n4-2-n8-0-skip1-26,"[4, 4, 4]",1,2,128.0,2,26,,,0.06820345297455788,,,0.8637760496643294,,,0.8693115065204853,,,0.0
nc-2-n4-2-n8-0-skip1-28,"[4, 4, 4]",1,2,128.0,2,28,,,0.06855356693267822,,,0.8617181533986951,,,0.8676620879300829,,,0.0
nc-2-n4-2-n8-0-skip1-30,"[4, 4, 4]",1,2,128.0,2,30,,,0.0686882920563221,,,0.8621223178646409,,,0.8677892681746755,,,0.0
nc-2-n4-2-n8-0-skip1,"[4, 4, 4]",1,2,128.0,2,0,0.07093086342016856,0.0645911693572998,,0.8633083895038435,0.8622210196415778,,0.8677255569232087,0.8693634314920086,,0.0,0.0,
nc-2-n4-2-n8-0-skip0-0,"[4, 4, 4]",0,2,128.0,2,0,,,0.1542768031358719,,,0.6683906516053753,,,0.7335538355767461,,,0.0
nc-2-n4-2-n8-0-skip0-2,"[4, 4, 4]",0,2,128.0,2,2,,,0.15425719320774078,,,0.6684668329491057,,,0.7337027997758807,,,0.0
nc-2-n4-2-n8-0-skip0-4,"[4, 4, 4]",0,2,128.0,2,4,,,0.15449847280979156,,,0.6664277518877165,,,0.7325512170863481,,,0.0
nc-2-n4-2-n8-0-skip0-6,"[4, 4, 4]",0,2,128.0,2,6,,,0.1542106345295906,,,0.6680841711677534,,,0.733669114177692,,,0.0
nc-2-n4-2-n8-0-skip0-8,"[4, 4, 4]",0,2,128.0,2,8,,,0.15468162298202515,,,0.6668454992629771,,,0.7325938825054872,,,0.0
nc-2-n4-2-n8-0-skip0-10,"[4, 4, 4]",0,2,128.0,2,10,,,0.1545344740152359,,,0.667669506314956,,,0.7340042654563501,,,0.0
nc-2-n4-2-n8-0-skip0-12,"[4, 4, 4]",0,2,128.0,2,12,,,0.15454347431659698,,,0.6672622062624647,,,0.734047632812113,,,0.0
nc-2-n4-2-n8-0-skip0-14,"[4, 4, 4]",0,2,128.0,2,14,,,0.1545807272195816,,,0.6657363619066374,,,0.7329296354441086,,,0.0
nc-2-n4-2-n8-0-skip0-16,"[4, 4, 4]",0,2,128.0,2,16,,,0.15468622744083405,,,0.6652344330844745,,,0.7332637701566207,,,0.0
nc-2-n4-2-n8-0-skip0-18,"[4, 4, 4]",0,2,128.0,2,18,,,0.15489651262760162,,,0.6651003546343678,,,0.7328146576731444,,,0.0
nc-2-n4-2-n8-0-skip0-20,"[4, 4, 4]",0,2,128.0,2,20,,,0.15489068627357483,,,0.6654388006559825,,,0.7333526244775586,,,0.0
nc-2-n4-2-n8-0-skip0-22,"[4, 4, 4]",0,2,128.0,2,22,,,0.15478985756635666,,,0.665519446802763,,,0.7336768768791755,,,0.0
nc-2-n4-2-n8-0-skip0-24,"[4, 4, 4]",0,2,128.0,2,24,,,0.1549469381570816,,,0.6650948280666631,,,0.7333771435010162,,,0.0
nc-2-n4-2-n8-0-skip0-26,"[4, 4, 4]",0,2,128.0,2,26,,,0.15524696558713913,,,0.6647579090321292,,,0.7333876274718749,,,0.0
nc-2-n4-2-n8-0-skip0-28,"[4, 4, 4]",0,2,128.0,2,28,,,0.1549786999821663,,,0.6654720435103268,,,0.7340632722912808,,,0.0
nc-2-n4-2-n8-0-skip0-30,"[4, 4, 4]",0,2,128.0,2,30,,,0.15504352748394012,,,0.6651503023217207,,,0.7338640805248448,,,0.0
nc-2-n4-2-n8-0-skip0,"[4, 4, 4]",0,2,128.0,2,0,0.1570818285147349,0.14602459967136383,,0.6610618510962165,0.6601225338985505,,0.7310581243842175,0.7308288101427177,,0.0,0.0,
nc-2-n4-1-n8-0-skip1-0,"[4, 4]",1,2,256.0,1,0,,,0.12180508300662041,,,0.8546200102511139,,,0.8697596162373562,,,0.0
nc-2-n4-1-n8-0-skip1-2,"[4, 4]",1,2,256.0,1,2,,,0.12209666520357132,,,0.8541907972255645,,,0.8693711150153793,,,0.0
nc-2-n4-1-n8-0-skip1-4,"[4, 4]",1,2,256.0,1,4,,,0.12217803299427032,,,0.8541776357170927,,,0.8694428257072412,,,0.0
nc-2-n4-1-n8-0-skip1-6,"[4, 4]",1,2,256.0,1,6,,,0.12233571335673332,,,0.854486637962578,,,0.8696877049921732,,,0.0
nc-2-n4-1-n8-0-skip1-8,"[4, 4]",1,2,256.0,1,8,,,0.12249742075800896,,,0.8535450526926529,,,0.8689457055425357,,,0.0
nc-2-n4-1-n8-0-skip1-10,"[4, 4]",1,2,256.0,1,10,,,0.1227504350244999,,,0.8525937352991662,,,0.8680674319511542,,,0.0
nc-2-n4-1-n8-0-skip1-12,"[4, 4]",1,2,256.0,1,12,,,0.12275655940175056,,,0.8539956236128652,,,0.8692636993925773,,,0.0
nc-2-n4-1-n8-0-skip1-14,"[4, 4]",1,2,256.0,1,14,,,0.1230843998491764,,,0.8533847372574008,,,0.8687405560545061,,,0.0
nc-2-n4-1-n8-0-skip1-16,"[4, 4]",1,2,256.0,1,16,,,0.12301653996109962,,,0.8527702843817366,,,0.8682379933510502,,,0.0
nc-2-n4-1-n8-0-skip1-18,"[4, 4]",1,2,256.0,1,18,,,0.12314264103770256,,,0.8526838768694844,,,0.8682343557921897,,,0.0
nc-2-n4-1-n8-0-skip1-20,"[4, 4]",1,2,256.0,1,20,,,0.12324967607855797,,,0.8517205769428724,,,0.8672851875217711,,,0.0
nc-2-n4-1-n8-0-skip1-22,"[4, 4]",1,2,256.0,1,22,,,0.12276188284158707,,,0.8532093878261672,,,0.8686252774535601,,,0.0
nc-2-n4-1-n8-0-skip1-24,"[4, 4]",1,2,256.0,1,24,,,0.12422412633895874,,,0.8510549315618482,,,0.8668616971050183,,,0.0
nc-2-n4-1-n8-0-skip1-26,"[4, 4]",1,2,256.0,1,26,,,0.1228417418897152,,,0.853495707001926,,,0.8688205308311541,,,0.0
nc-2-n4-1-n8-0-skip1-28,"[4, 4]",1,2,256.0,1,28,,,0.12423468381166458,,,0.8511914165171313,,,0.8668373786348818,,,0.0
nc-2-n4-1-n8-0-skip1-30,"[4, 4]",1,2,256.0,1,30,,,0.12391439452767372,,,0.8514755587808682,,,0.8670241673743684,,,0.0
nc-2-n4-1-n8-0-skip1,"[4, 4]",1,2,256.0,1,0,0.12081804126501083,0.11267760396003723,,0.8627458559820638,0.869081975041357,,0.8815826017868288,0.8759847859414716,,0.0,0.0,
nc-2-n4-1-n8-0-skip0-0,"[4, 4]",0,2,256.0,1,0,,,0.1366749182343483,,,0.7120157190834873,,,0.7745113959916861,,,0.0
nc-2-n4-1-n8-0-skip0-2,"[4, 4]",0,2,256.0,1,2,,,0.13679184019565582,,,0.7124139426313418,,,0.7745837083435112,,,0.0
nc-2-n4-1-n8-0-skip0-4,"[4, 4]",0,2,256.0,1,4,,,0.13702567666769028,,,0.7119297096947347,,,0.7742309120524744,,,0.0
nc-2-n4-1-n8-0-skip0-6,"[4, 4]",0,2,256.0,1,6,,,0.13705894351005554,,,0.7116287399693166,,,0.7739387270229372,,,0.0
nc-2-n4-1-n8-0-skip0-8,"[4, 4]",0,2,256.0,1,8,,,0.13710574060678482,,,0.7113385754191224,,,0.773782702058943,,,0.0
nc-2-n4-1-n8-0-skip0-10,"[4, 4]",0,2,256.0,1,10,,,0.13776737451553345,,,0.709827703541972,,,0.7730173004286542,,,0.0
nc-2-n4-1-n8-0-skip0-12,"[4, 4]",0,2,256.0,1,12,,,0.13748740404844284,,,0.7100639865756901,,,0.7728375724540271,,,0.0
nc-2-n4-1-n8-0-skip0-14,"[4, 4]",0,2,256.0,1,14,,,0.13747451454401016,,,0.7098588520831681,,,0.7730700487120098,,,0.0
nc-2-n4-1-n8-0-skip0-16,"[4, 4]",0,2,256.0,1,16,,,0.13800286501646042,,,0.7089133128558642,,,0.7724541126641584,,,0.0
nc-2-n4-1-n8-0-skip0-18,"[4, 4]",0,2,256.0,1,18,,,0.13811418414115906,,,0.7081538259294387,,,0.7719768573979042,,,0.0
nc-2-n4-1-n8-0-skip0-20,"[4, 4]",0,2,256.0,1,20,,,0.13798777014017105,,,0.71033782655026,,,0.7729236052289292,,,0.0
nc-2-n4-1-n8-0-skip0-22,"[4, 4]",0,2,256.0,1,22,,,0.13812479376792908,,,0.7096863342441271,,,0.7720361650628167,,,0.0
nc-2-n4-1-n8-0-skip0-24,"[4, 4]",0,2,256.0,1,24,,,0.13834388554096222,,,0.7085517570804245,,,0.771651802783003,,,0.0
nc-2-n4-1-n8-0-skip0-26,"[4, 4]",0,2,256.0,1,26,,,0.1383850947022438,,,0.7079974453928524,,,0.7712599648321472,,,0.0
nc-2-n4-1-n8-0-skip0-28,"[4, 4]",0,2,256.0,1,28,,,0.13868026435375214,,,0.7074809918105409,,,0.7712070159954705,,,0.0
nc-2-n4-1-n8-0-skip0-30,"[4, 4]",0,2,256.0,1,30,,,0.13828764110803604,,,0.7085557283916504,,,0.7719201707257064,,,0.0
nc-2-n4-1-n8-0-skip0,"[4, 4]",0,2,256.0,1,0,0.13603816231091817,0.12784922122955322,,0.715101753173537,0.7168923912449539,,0.776797433707675,0.7749833884128781,,0.0,0.0,
nc-2-n4-0-n8-0-skip1-0,[4],1,2,512.0,0,0,,,0.09684952348470688,,,0.816521540018194,,,0.8386008334996025,,,0.0
nc-2-n4-0-n8-0-skip1-2,[4],1,2,512.0,0,2,,,0.09694382175803185,,,0.8159661073915999,,,0.8381570632782158,,,0.0
nc-2-n4-0-n8-0-skip1-4,[4],1,2,512.0,0,4,,,0.09697610512375832,,,0.8160171517220172,,,0.838198311024567,,,0.0
nc-2-n4-0-n8-0-skip1-6,[4],1,2,512.0,0,6,,,0.09710221737623215,,,0.8160537601979305,,,0.838265782497605,,,0.0
nc-2-n4-0-n8-0-skip1-8,[4],1,2,512.0,0,8,,,0.09770741686224937,,,0.8140528219996462,,,0.8369391121589111,,,0.0
nc-2-n4-0-n8-0-skip1-10,[4],1,2,512.0,0,10,,,0.09749866276979446,,,0.8143130297875775,,,0.837001542199841,,,0.0
nc-2-n4-0-n8-0-skip1-12,[4],1,2,512.0,0,12,,,0.09781651571393013,,,0.8139998677460221,,,0.8368191932324993,,,0.0
nc-2-n4-0-n8-0-skip1-14,[4],1,2,512.0,0,14,,,0.09796392172574997,,,0.8139187892058396,,,0.8367666455024647,,,0.0
nc-2-n4-0-n8-0-skip1-16,[4],1,2,512.0,0,16,,,0.09769059345126152,,,0.8150807682292216,,,0.8377002745703761,,,0.0
nc-2-n4-0-n8-0-skip1-18,[4],1,2,512.0,0,18,,,0.09805474057793617,,,0.8135555520780426,,,0.8365277101395858,,,0.0
nc-2-n4-0-n8-0-skip1-20,[4],1,2,512.0,0,20,,,0.09791560471057892,,,0.8155919720807803,,,0.8380863553529595,,,0.0
nc-2-n4-0-n8-0-skip1-22,[4],1,2,512.0,0,22,,,0.09829749166965485,,,0.8133081589177585,,,0.8362795079253152,,,0.0
nc-2-n4-0-n8-0-skip1-24,[4],1,2,512.0,0,24,,,0.0983891449868679,,,0.8139340653928937,,,0.8368976500596986,,,0.0
nc-2-n4-0-n8-0-skip1-26,[4],1,2,512.0,0,26,,,0.09862283617258072,,,0.8132774062542218,,,0.8362896910661922,,,0.0
nc-2-n4-0-n8-0-skip1-28,[4],1,2,512.0,0,28,,,0.09897428005933762,,,0.8125939837812506,,,0.8358287772157296,,,0.0
nc-2-n4-0-n8-0-skip1-30,[4],1,2,512.0,0,30,,,0.09849325194954872,,,0.8111643403890431,,,0.8346250479028048,,,0.0
nc-2-n4-0-n8-0-skip1,[4],1,2,512.0,0,0,0.10034075478712717,0.09095105528831482,,0.8175759763984669,0.8155555022937886,,0.8391612265188841,0.8398038260545191,,0.0,0.0,
nc-2-n4-0-n8-0-skip0-0,[4],0,2,512.0,0,0,,,0.09684952348470688,,,0.816521540018194,,,0.8386008334996025,,,0.0
nc-2-n4-0-n8-0-skip0-2,[4],0,2,512.0,0,2,,,0.09694382175803185,,,0.8159661073915999,,,0.8381570632782158,,,0.0
nc-2-n4-0-n8-0-skip0-4,[4],0,2,512.0,0,4,,,0.09697610512375832,,,0.8160171517220172,,,0.838198311024567,,,0.0
nc-2-n4-0-n8-0-skip0-6,[4],0,2,512.0,0,6,,,0.09710221737623215,,,0.8160537601979305,,,0.838265782497605,,,0.0
nc-2-n4-0-n8-0-skip0-8,[4],0,2,512.0,0,8,,,0.09770741686224937,,,0.8140528219996462,,,0.8369391121589111,,,0.0
nc-2-n4-0-n8-0-skip0-10,[4],0,2,512.0,0,10,,,0.09749866276979446,,,0.8143130297875775,,,0.837001542199841,,,0.0
nc-2-n4-0-n8-0-skip0-12,[4],0,2,512.0,0,12,,,0.09781651571393013,,,0.8139998677460221,,,0.8368191932324993,,,0.0
nc-2-n4-0-n8-0-skip0-14,[4],0,2,512.0,0,14,,,0.09796392172574997,,,0.8139187892058396,,,0.8367666455024647,,,0.0
nc-2-n4-0-n8-0-skip0-16,[4],0,2,512.0,0,16,,,0.09769059345126152,,,0.8150807682292216,,,0.8377002745703761,,,0.0
nc-2-n4-0-n8-0-skip0-18,[4],0,2,512.0,0,18,,,0.09805474057793617,,,0.8135555520780426,,,0.8365277101395858,,,0.0
nc-2-n4-0-n8-0-skip0-20,[4],0,2,512.0,0,20,,,0.09791560471057892,,,0.8155919720807803,,,0.8380863553529595,,,0.0
nc-2-n4-0-n8-0-skip0-22,[4],0,2,512.0,0,22,,,0.09829749166965485,,,0.8133081589177585,,,0.8362795079253152,,,0.0
nc-2-n4-0-n8-0-skip0-24,[4],0,2,512.0,0,24,,,0.0983891449868679,,,0.8139340653928937,,,0.8368976500596986,,,0.0
nc-2-n4-0-n8-0-skip0-26,[4],0,2,512.0,0,26,,,0.09862283617258072,,,0.8132774062542218,,,0.8362896910661922,,,0.0
nc-2-n4-0-n8-0-skip0-28,[4],0,2,512.0,0,28,,,0.09897428005933762,,,0.8125939837812506,,,0.8358287772157296,,,0.0
nc-2-n4-0-n8-0-skip0-30,[4],0,2,512.0,0,30,,,0.09849325194954872,,,0.8111643403890431,,,0.8346250479028048,,,0.0
nc-2-n4-0-n8-0-skip0,[4],0,2,512.0,0,0,0.10034075478712717,0.09095105528831482,,0.8175759763984669,0.8155555022937886,,0.8391612265188841,0.8398038260545191,,0.0,0.0,
nc-1-n4-2-n8-0-skip1-0,"[4, 4, 4]",1,1,128.0,2,0,,,0.045606305822730064,,,0.9310941113284885,,,0.934643500648284,,,0.0
nc-1-n4-2-n8-0-skip1-2,"[4, 4, 4]",1,1,128.0,2,2,,,0.045582160353660583,,,0.931134343543361,,,0.9346794061325452,,,0.0
nc-1-n4-2-n8-0-skip1-4,"[4, 4, 4]",1,1,128.0,2,4,,,0.045501068234443665,,,0.9313442425148422,,,0.9348667965319952,,,0.0
nc-1-n4-2-n8-0-skip1-6,"[4, 4, 4]",1,1,128.0,2,6,,,0.045559948310256004,,,0.9312983342097974,,,0.9348257493389651,,,0.0
nc-1-n4-2-n8-0-skip1-8,"[4, 4, 4]",1,1,128.0,2,8,,,0.04551994428038597,,,0.9314160532039208,,,0.9349309450756947,,,0.0
nc-1-n4-2-n8-0-skip1-10,"[4, 4, 4]",1,1,128.0,2,10,,,0.04548737592995167,,,0.931387282438276,,,0.9349054232856315,,,0.0
nc-1-n4-2-n8-0-skip1-12,"[4, 4, 4]",1,1,128.0,2,12,,,0.04562322050333023,,,0.9312340834993591,,,0.9347684610068041,,,0.0
nc-1-n4-2-n8-0-skip1-14,"[4, 4, 4]",1,1,128.0,2,14,,,0.045369986444711685,,,0.9317892989215861,,,0.9352642775749225,,,0.0
nc-1-n4-2-n8-0-skip1-16,"[4, 4, 4]",1,1,128.0,2,16,,,0.0456624161452055,,,0.9310965511954543,,,0.9346457205343565,,,0.0
nc-1-n4-2-n8-0-skip1-18,"[4, 4, 4]",1,1,128.0,2,18,,,0.04558189399540424,,,0.9313844176395183,,,0.9349026017395958,,,0.0
nc-1-n4-2-n8-0-skip1-20,"[4, 4, 4]",1,1,128.0,2,20,,,0.04513785243034363,,,0.9322479395197554,,,0.9356742619214597,,,0.0
nc-1-n4-2-n8-0-skip1-22,"[4, 4, 4]",1,1,128.0,2,22,,,0.04515506699681282,,,0.9324226319135562,,,0.9358303871621145,,,0.0
nc-1-n4-2-n8-0-skip1-24,"[4, 4, 4]",1,1,128.0,2,24,,,0.04565531387925148,,,0.9312164290223701,,,0.9347531361571584,,,0.0
nc-1-n4-2-n8-0-skip1-26,"[4, 4, 4]",1,1,128.0,2,26,,,0.04571662098169327,,,0.9311481675482427,,,0.9346919094361552,,,0.0
nc-1-n4-2-n8-0-skip1-28,"[4, 4, 4]",1,1,128.0,2,28,,,0.04587489552795887,,,0.9310054802960539,,,0.9345644283615809,,,0.0
nc-1-n4-2-n8-0-skip1-30,"[4, 4, 4]",1,1,128.0,2,30,,,0.04544941149652004,,,0.9316483234588971,,,0.9351390163864206,,,0.0
nc-1-n4-2-n8-0-skip1,"[4, 4, 4]",1,1,128.0,2,0,0.0492117037375768,0.044839994981884956,,0.9279544904205705,0.9260701929976133,,0.9301843576771227,0.9318534890403153,,0.0,0.0,
nc-1-n4-2-n8-0-skip0-0,"[4, 4, 4]",0,1,128.0,2,0,,,0.1548888385295868,,,0.6660777667417952,,,0.7499593539136122,,,0.0
nc-1-n4-2-n8-0-skip0-2,"[4, 4, 4]",0,1,128.0,2,2,,,0.15492293238639832,,,0.6658769434385725,,,0.7504315677477582,,,0.0
nc-1-n4-2-n8-0-skip0-4,"[4, 4, 4]",0,1,128.0,2,4,,,0.15489107370376587,,,0.6656831316831111,,,0.750290165696786,,,0.0
nc-1-n4-2-n8-0-skip0-6,"[4, 4, 4]",0,1,128.0,2,6,,,0.1549682766199112,,,0.6661136750721408,,,0.7501420037109356,,,0.0
nc-1-n4-2-n8-0-skip0-8,"[4, 4, 4]",0,1,128.0,2,8,,,0.1552053615450859,,,0.6651884655434164,,,0.7500667695364143,,,0.0
nc-1-n4-2-n8-0-skip0-10,"[4, 4, 4]",0,1,128.0,2,10,,,0.15507511794567108,,,0.6656891373857219,,,0.750335853215282,,,0.0
nc-1-n4-2-n8-0-skip0-12,"[4, 4, 4]",0,1,128.0,2,12,,,0.1550539880990982,,,0.6649000834932496,,,0.7505249621175015,,,0.0
nc-1-n4-2-n8-0-skip0-14,"[4, 4, 4]",0,1,128.0,2,14,,,0.15508123487234116,,,0.6650398627906622,,,0.7506901674557673,,,0.0
nc-1-n4-2-n8-0-skip0-16,"[4, 4, 4]",0,1,128.0,2,16,,,0.15532569587230682,,,0.6638195217328549,,,0.7502564800985971,,,0.0
nc-1-n4-2-n8-0-skip0-18,"[4, 4, 4]",0,1,128.0,2,18,,,0.15505889058113098,,,0.6654184798255586,,,0.7506523429154153,,,0.0
nc-1-n4-2-n8-0-skip0-20,"[4, 4, 4]",0,1,128.0,2,20,,,0.15491285175085068,,,0.6642071145681199,,,0.7509999974976833,,,0.0
nc-1-n4-2-n8-0-skip0-22,"[4, 4, 4]",0,1,128.0,2,22,,,0.15517981350421906,,,0.6640576075925599,,,0.7505351452583785,,,0.0
nc-1-n4-2-n8-0-skip0-24,"[4, 4, 4]",0,1,128.0,2,24,,,0.15517479926347733,,,0.66486222947182,,,0.7508317700600607,,,0.0
nc-1-n4-2-n8-0-skip0-26,"[4, 4, 4]",0,1,128.0,2,26,,,0.15516158193349838,,,0.664423071287956,,,0.7511097332832183,,,0.0
nc-1-n4-2-n8-0-skip0-28,"[4, 4, 4]",0,1,128.0,2,28,,,0.15517033636569977,,,0.6648915382563136,,,0.7507726629484694,,,0.0
nc-1-n4-2-n8-0-skip0-30,"[4, 4, 4]",0,1,128.0,2,30,,,0.1555013358592987,,,0.664271534850662,,,0.7507675212397007,,,0.0
nc-1-n4-2-n8-0-skip0,"[4, 4, 4]",0,1,128.0,2,0,0.15510462423165639,0.1463693603873253,,0.6746010693570356,0.6751892250396733,,0.7527780094919211,0.7511567635279532,,0.0,0.0,
nc-1-n4-1-n8-0-skip1-0,"[4, 4]",1,1,256.0,1,0,,,0.09126609191298485,,,0.9129159067787891,,,0.9186455462185616,,,0.0
nc-1-n4-1-n8-0-skip1-2,"[4, 4]",1,1,256.0,1,2,,,0.09137493744492531,,,0.9123303555098501,,,0.9181300653053132,,,0.0
nc-1-n4-1-n8-0-skip1-4,"[4, 4]",1,1,256.0,1,4,,,0.09138471633195877,,,0.9117476341239337,,,0.9176150857753675,,,0.0
nc-1-n4-1-n8-0-skip1-6,"[4, 4]",1,1,256.0,1,6,,,0.09172113612294197,,,0.9109746266515588,,,0.9169623417533099,,,0.0
nc-1-n4-1-n8-0-skip1-8,"[4, 4]",1,1,256.0,1,8,,,0.09185649082064629,,,0.9099444230983776,,,0.9160792410826817,,,0.0
nc-1-n4-1-n8-0-skip1-10,"[4, 4]",1,1,256.0,1,10,,,0.0914623886346817,,,0.9108475650142067,,,0.9168527062444356,,,0.0
nc-1-n4-1-n8-0-skip1-12,"[4, 4]",1,1,256.0,1,12,,,0.0918474867939949,,,0.9094656785588183,,,0.9156524139370501,,,0.0
nc-1-n4-1-n8-0-skip1-14,"[4, 4]",1,1,256.0,1,14,,,0.09166974574327469,,,0.9101809061749899,,,0.9162762129630454,,,0.0
nc-1-n4-1-n8-0-skip1-16,"[4, 4]",1,1,256.0,1,16,,,0.09167731553316116,,,0.9091903303634887,,,0.9154136791274923,,,0.0
nc-1-n4-1-n8-0-skip1-18,"[4, 4]",1,1,256.0,1,18,,,0.09222075343132019,,,0.9077873305224751,,,0.914216108089482,,,0.0
nc-1-n4-1-n8-0-skip1-20,"[4, 4]",1,1,256.0,1,20,,,0.09182334318757057,,,0.9093479412476686,,,0.9155377369960674,,,0.0
nc-1-n4-1-n8-0-skip1-22,"[4, 4]",1,1,256.0,1,22,,,0.09201009571552277,,,0.908193982012458,,,0.914569305487161,,,0.0
nc-1-n4-1-n8-0-skip1-24,"[4, 4]",1,1,256.0,1,24,,,0.09255438670516014,,,0.9065269974466892,,,0.9131237189886607,,,0.0
nc-1-n4-1-n8-0-skip1-26,"[4, 4]",1,1,256.0,1,26,,,0.09210286289453506,,,0.9075374946215016,,,0.9140154986502578,,,0.0
nc-1-n4-1-n8-0-skip1-28,"[4, 4]",1,1,256.0,1,28,,,0.09172969684004784,,,0.9074828228049192,,,0.9139334042641978,,,0.0
nc-1-n4-1-n8-0-skip1-30,"[4, 4]",1,1,256.0,1,30,,,0.0925404243171215,,,0.9062000960729295,,,0.9128470731616307,,,0.0
nc-1-n4-1-n8-0-skip1,"[4, 4]",1,1,256.0,1,0,0.09088007807731628,0.08428958803415298,,0.9138341786045305,0.9163354885823114,,0.9215485624712481,0.9193547137460847,,0.0,0.0,
nc-1-n4-1-n8-0-skip0-0,"[4, 4]",0,1,256.0,1,0,,,0.13208698481321335,,,0.7239027692714557,,,0.7653113104566147,,,0.0
nc-1-n4-1-n8-0-skip0-2,"[4, 4]",0,1,256.0,1,2,,,0.13225635141134262,,,0.723241335728811,,,0.764941771643144,,,0.0
nc-1-n4-1-n8-0-skip0-4,"[4, 4]",0,1,256.0,1,4,,,0.132389634847641,,,0.7232038592284663,,,0.7651508457204754,,,0.0
nc-1-n4-1-n8-0-skip0-6,"[4, 4]",0,1,256.0,1,6,,,0.13237303495407104,,,0.7226608120428222,,,0.7645180668735297,,,0.0
nc-1-n4-1-n8-0-skip0-8,"[4, 4]",0,1,256.0,1,8,,,0.13230714946985245,,,0.7237979308233815,,,0.7655200837039644,,,0.0
nc-1-n4-1-n8-0-skip0-10,"[4, 4]",0,1,256.0,1,10,,,0.1324702501296997,,,0.7216578705712463,,,0.7640352687918646,,,0.0
nc-1-n4-1-n8-0-skip0-12,"[4, 4]",0,1,256.0,1,12,,,0.1325918510556221,,,0.7219418962475694,,,0.764245245359141,,,0.0
nc-1-n4-1-n8-0-skip0-14,"[4, 4]",0,1,256.0,1,14,,,0.13252602517604828,,,0.7226424024448337,,,0.7644701594689614,,,0.0
nc-1-n4-1-n8-0-skip0-16,"[4, 4]",0,1,256.0,1,16,,,0.1323576346039772,,,0.7227757704596793,,,0.7647500417482096,,,0.0
nc-1-n4-1-n8-0-skip0-18,"[4, 4]",0,1,256.0,1,18,,,0.13245806843042374,,,0.7230338964348002,,,0.7650048033440371,,,0.0
nc-1-n4-1-n8-0-skip0-20,"[4, 4]",0,1,256.0,1,20,,,0.13281407952308655,,,0.7208966691032046,,,0.7636973962438314,,,0.0
nc-1-n4-1-n8-0-skip0-22,"[4, 4]",0,1,256.0,1,22,,,0.13271965831518173,,,0.7211413213510223,,,0.7636366847056713,,,0.0
nc-1-n4-1-n8-0-skip0-24,"[4, 4]",0,1,256.0,1,24,,,0.132685586810112,,,0.7221247121089382,,,0.7642313381822834,,,0.0
nc-1-n4-1-n8-0-skip0-26,"[4, 4]",0,1,256.0,1,26,,,0.1332877352833748,,,0.7207663559863964,,,0.7633369375279717,,,0.0
nc-1-n4-1-n8-0-skip0-28,"[4, 4]",0,1,256.0,1,28,,,0.13351064920425415,,,0.7189859130068246,,,0.7623926101363402,,,0.0
nc-1-n4-1-n8-0-skip0-30,"[4, 4]",0,1,256.0,1,30,,,0.13296641409397125,,,0.7215778464775191,,,0.7637153558857321,,,0.0
nc-1-n4-1-n8-0-skip0,"[4, 4]",0,1,256.0,1,0,0.13283165593942006,0.12287832796573639,,0.7291396684741486,0.7314726980075601,,0.7711156207480819,0.7670537627925996,,0.0,0.0,
nc-1-n4-0-n8-0-skip1-0,[4],1,1,512.0,0,0,,,0.057627057656645775,,,0.8942888993714448,,,0.8988737330273933,,,0.0
nc-1-n4-0-n8-0-skip1-2,[4],1,1,512.0,0,2,,,0.05767371132969856,,,0.894000244657583,,,0.8985981902436293,,,0.0
nc-1-n4-0-n8-0-skip1-4,[4],1,1,512.0,0,4,,,0.057602815330028534,,,0.894234216001186,,,0.8988070637676395,,,0.0
nc-1-n4-0-n8-0-skip1-6,[4],1,1,512.0,0,6,,,0.05770675837993622,,,0.8933893056545481,,,0.8980850294931138,,,0.0
nc-1-n4-0-n8-0-skip1-8,[4],1,1,512.0,0,8,,,0.05780850537121296,,,0.8934852422754023,,,0.898211206971101,,,0.0
nc-1-n4-0-n8-0-skip1-10,[4],1,1,512.0,0,10,,,0.05757609382271767,,,0.894075277483379,,,0.8986770619770112,,,0.0
nc-1-n4-0-n8-0-skip1-12,[4],1,1,512.0,0,12,,,0.057734208181500435,,,0.8936376693636795,,,0.8983657139856466,,,0.0
nc-1-n4-0-n8-0-skip1-14,[4],1,1,512.0,0,14,,,0.057765401899814606,,,0.8934141737935538,,,0.8980897700952404,,,0.0
nc-1-n4-0-n8-0-skip1-16,[4],1,1,512.0,0,16,,,0.057559795677661896,,,0.8931533196944749,,,0.8978542717379009,,,0.0
nc-1-n4-0-n8-0-skip1-18,[4],1,1,512.0,0,18,,,0.057794513180851936,,,0.892902754771704,,,0.8976152360983614,,,0.0
nc-1-n4-0-n8-0-skip1-20,[4],1,1,512.0,0,20,,,0.057868290692567825,,,0.8925320340871686,,,0.897339091654634,,,0.0
nc-1-n4-0-n8-0-skip1-22,[4],1,1,512.0,0,22,,,0.05763218738138676,,,0.8933170509763845,,,0.8980172571900942,,,0.0
nc-1-n4-0-n8-0-skip1-24,[4],1,1,512.0,0,24,,,0.05769574083387852,,,0.8929630993426739,,,0.8977499784911163,,,0.0
nc-1-n4-0-n8-0-skip1-26,[4],1,1,512.0,0,26,,,0.05784221924841404,,,0.8925238219010103,,,0.8974032401983336,,,0.0
nc-1-n4-0-n8-0-skip1-28,[4],1,1,512.0,0,28,,,0.05750603787600994,,,0.8943660512186734,,,0.8990326798140837,,,0.0
nc-1-n4-0-n8-0-skip1-30,[4],1,1,512.0,0,30,,,0.05734736658632755,,,0.8937245824620283,,,0.8983719725372218,,,0.0
nc-1-n4-0-n8-0-skip1,[4],1,1,512.0,0,0,0.05963511640826861,0.05486825481057167,,0.9017734002748798,0.8990540231876888,,0.9037481221981808,0.9061494183316674,,0.0,0.0,
nc-1-n4-0-n8-0-skip0-0,[4],0,1,512.0,0,0,,,0.057627057656645775,,,0.8942888993714448,,,0.8988737330273933,,,0.0
nc-1-n4-0-n8-0-skip0-2,[4],0,1,512.0,0,2,,,0.05767371132969856,,,0.894000244657583,,,0.8985981902436293,,,0.0
nc-1-n4-0-n8-0-skip0-4,[4],0,1,512.0,0,4,,,0.057602815330028534,,,0.894234216001186,,,0.8988070637676395,,,0.0
nc-1-n4-0-n8-0-skip0-6,[4],0,1,512.0,0,6,,,0.05770675837993622,,,0.8933893056545481,,,0.8980850294931138,,,0.0
nc-1-n4-0-n8-0-skip0-8,[4],0,1,512.0,0,8,,,0.05780850537121296,,,0.8934852422754023,,,0.898211206971101,,,0.0
nc-1-n4-0-n8-0-skip0-10,[4],0,1,512.0,0,10,,,0.05757609382271767,,,0.894075277483379,,,0.8986770619770112,,,0.0
nc-1-n4-0-n8-0-skip0-12,[4],0,1,512.0,0,12,,,0.057734208181500435,,,0.8936376693636795,,,0.8983657139856466,,,0.0
nc-1-n4-0-n8-0-skip0-14,[4],0,1,512.0,0,14,,,0.057765401899814606,,,0.8934141737935538,,,0.8980897700952404,,,0.0
nc-1-n4-0-n8-0-skip0-16,[4],0,1,512.0,0,16,,,0.057559795677661896,,,0.8931533196944749,,,0.8978542717379009,,,0.0
nc-1-n4-0-n8-0-skip0-18,[4],0,1,512.0,0,18,,,0.057794513180851936,,,0.892902754771704,,,0.8976152360983614,,,0.0
nc-1-n4-0-n8-0-skip0-20,[4],0,1,512.0,0,20,,,0.057868290692567825,,,0.8925320340871686,,,0.897339091654634,,,0.0
nc-1-n4-0-n8-0-skip0-22,[4],0,1,512.0,0,22,,,0.05763218738138676,,,0.8933170509763845,,,0.8980172571900942,,,0.0
nc-1-n4-0-n8-0-skip0-24,[4],0,1,512.0,0,24,,,0.05769574083387852,,,0.8929630993426739,,,0.8977499784911163,,,0.0
nc-1-n4-0-n8-0-skip0-26,[4],0,1,512.0,0,26,,,0.05784221924841404,,,0.8925238219010103,,,0.8974032401983336,,,0.0
nc-1-n4-0-n8-0-skip0-28,[4],0,1,512.0,0,28,,,0.05750603787600994,,,0.8943660512186734,,,0.8990326798140837,,,0.0
nc-1-n4-0-n8-0-skip0-30,[4],0,1,512.0,0,30,,,0.05734736658632755,,,0.8937245824620283,,,0.8983719725372218,,,0.0
nc-1-n4-0-n8-0-skip0,[4],0,1,512.0,0,0,0.05963511640826861,0.05486825481057167,,0.9017734002748798,0.8990540231876888,,0.9037481221981808,0.9061494183316674,,0.0,0.0,
