name,p_appr1,s_appr1,f1_appr1,f1_exact,dataset,fold
tmRNA_Lact.sake._TRW-314315_1-370,0.2765957446808511,0.25742574257425743,0.26666666666666666,0.26666666666666666,hc_200,tmRNA
tmRNA_Camp.upsa._TRW-306264_1-359,0.26666666666666666,0.2376237623762376,0.25130890052356025,0.25130890052356025,hc_200,tmRNA
tmRNA_Ente.saka._TRW-28141_1-364,0.4482758620689655,0.375,0.418848167539267,0.4083769633507853,hc_200,tmRNA
tmRNA_Baci.clau._AP006627_1-355,0.4380952380952381,0.4791666666666667,0.5273631840796019,0.4577114427860696,hc_200,tmRNA
tmRNA_Yers.pest._AL590842_1-364,0.32954545454545453,0.2871287128712871,0.31746031746031744,0.30687830687830686,hc_200,tmRNA
tmRNA_Chla.muri._AE002296_1-418,0.41237113402061853,0.32786885245901637,0.3784199538512251,0.365296803652968,hc_200,tmRNA
tmRNA_Stap.aure._BA000018_1-362,0.4351851851851852,0.47,0.4519230769230769,0.4519230769230769,hc_200,tmRNA
tmRNA_uncu.mari._TRW-363180_1-347,0.3977272727272727,0.3645833333333333,0.3913043478260869,0.3804347826086957,hc_200,tmRNA
tmRNA_Buch.aphi._AE013218_1-376,0.2871287128712871,0.3020833333333333,0.32487309644670054,0.29441624365482233,hc_200,tmRNA
tmRNA_Nost.spec._BA000019_1-390,0.37254901960784315,0.3486238532110092,0.3601895734597157,0.3601895734597157,hc_200,tmRNA
tmRNA_Acti.acti._TRW-272556_1-366,0.3,0.27,0.28421052631578947,0.28421052631578947,hc_200,tmRNA
tmRNA_Acid.ferr._TRW-133824_1-364,0.41,0.3867924528301887,0.41270566727605124,0.3980582524271845,hc_200,tmRNA
tmRNA_Pseu.fluo._TRW-216595_1-397,0.3978494623655914,0.3627450980392157,0.38974358974358975,0.3794871794871795,hc_200,tmRNA
tmRNA_envi.sequ._TRW-32045-1_1-355,0.37037037037037035,0.3225806451612903,0.3968650992162748,0.3448275862068965,hc_200,tmRNA
tmRNA_Erwi.amyl._TRW-552_1-381,0.26262626262626265,0.2524271844660194,0.25742574257425743,0.25742574257425743,hc_200,tmRNA
tmRNA_uncu.bact._TRW-135621-1_1-397,0.41935483870967744,0.38235294117647056,0.41025641025641024,0.39999999999999997,hc_200,tmRNA
tmRNA_Meth.caps._AE017282_1-356,0.3163265306122449,0.33695652173913043,0.3368421052631579,0.3263157894736842,hc_200,tmRNA
tmRNA_Rubr.xyla._CP000386_1-360,0.2948717948717949,0.23232323232323232,0.3825136612021858,0.2598870056497175,hc_200,tmRNA
tmRNA_Lact.brev._CP000416_1-372,0.38636363636363635,0.3617021276595745,0.41758241758241754,0.37362637362637363,hc_200,tmRNA
tmRNA_Salm.typh._AY316313_1-363,0.4,0.37254901960784315,0.39593908629441626,0.38578680203045684,hc_200,tmRNA
tmRNA_Clos.perf._TRW-195102_1-361,0.494949494949495,0.5,0.5427974947807934,0.49746192893401014,hc_200,tmRNA
tmRNA_Fran.tula._CP000437_1-421,0.175,0.19626168224299065,0.18502202643171806,0.18502202643171806,hc_200,tmRNA
tmRNA_Grac.tenu._AY673996_1-396,0.1206896551724138,0.4117647058823529,0.18666666666666668,0.18666666666666668,hc_200,tmRNA
tmRNA_Fran.tula._AM286280_1-421,0.18803418803418803,0.205607476635514,0.1964285714285714,0.1964285714285714,hc_200,tmRNA
tmRNA_Salm.ente._TRW-59204_1-363,0.391304347826087,0.3564356435643564,0.383419689119171,0.3730569948186528,hc_200,tmRNA
tmRNA_Bact.mari._TRW-97084_1-385,0.23684210526315788,0.34177215189873417,0.29015544041450775,0.2797927461139896,hc_200,tmRNA
tmRNA_Myco.pene._BA000026_1-405,0.24742268041237114,0.2608695652173913,0.25396825396825395,0.25396825396825395,hc_200,tmRNA
tmRNA_Acid.caps._TRW-240015_1-352,0.29545454545454547,0.24074074074074073,0.2755102040816326,0.26530612244897955,hc_200,tmRNA
tmRNA_Leuc.mese._AF375574_1-307,0.5176470588235295,0.5365853658536586,0.5449519547189681,0.5269461077844313,hc_200,tmRNA
tmRNA_Stre.miti._TRW-246201_1-348,0.3333333333333333,0.30927835051546393,0.32085561497326204,0.32085561497326204,hc_200,tmRNA
tmRNA_Vibr.vuln._AE016795_1-367,0.3333333333333333,0.33663366336633666,0.33497536945812806,0.33497536945812806,hc_200,tmRNA
tmRNA_Sulf.azor._TRW-204536_1-351,0.4752475247524752,0.48,0.48756218905472637,0.47761194029850745,hc_200,tmRNA
tmRNA_Heli.pylo._AE000590_1-383,0.20192307692307693,0.20192307692307693,0.21623931623931622,0.20192307692307693,hc_200,tmRNA
tmRNA_Bord.para._TRW-257311_1-387,0.5851063829787234,0.4782608695652174,0.5263157894736843,0.5263157894736843,hc_200,tmRNA
tmRNA_Cory.glut._BX927150_1-377,0.4948453608247423,0.47058823529411764,0.49731046381812644,0.4824120603015075,hc_200,tmRNA
tmRNA_Pant.stew._TRW-66269_1-363,0.3333333333333333,0.2815533980582524,0.3052631578947368,0.3052631578947368,hc_200,tmRNA
tmRNA_Heli.pylo._TRW-85962_1-386,0.20192307692307693,0.20192307692307693,0.2258592471358429,0.20192307692307693,hc_200,tmRNA
tmRNA_Rumi.albu._TRW-246199_1-354,0.23255813953488372,0.21739130434782608,0.2247191011235955,0.2247191011235955,hc_200,tmRNA
tmRNA_Noca.farc._AP006618_1-368,0.40229885057471265,0.3804347826086957,0.40758873929008566,0.3910614525139665,hc_200,tmRNA
tmRNA_Myco.smeg._CP000480_1-369,0.35789473684210527,0.35051546391752575,0.3541666666666667,0.3541666666666667,hc_200,tmRNA
tmRNA_Fuso.nucl._AE009951_1-344,0.3333333333333333,0.29411764705882354,0.3125,0.3125,hc_200,tmRNA
tmRNA_Xyle.fast._TRW-155919_1-355,0.36904761904761907,0.31,0.3635774465327285,0.33695652173913043,hc_200,tmRNA
tmRNA_Shew.spec._CP000469_1-355,0.4117647058823529,0.2857142857142857,0.4096385542168675,0.3373493975903614,hc_200,tmRNA
tmRNA_Arth.spec._CP000454_1-369,0.4791666666666667,0.46938775510204084,0.5256773150020219,0.4742268041237114,hc_200,tmRNA
tmRNA_Stre.suis._TRW-218494_1-354,0.2,0.19387755102040816,0.19689119170984457,0.19689119170984457,hc_200,tmRNA
tmRNA_Emil.huxl._AY741371_1-291,0.23376623376623376,0.42857142857142855,0.3025210084033613,0.3025210084033613,hc_200,tmRNA
tmRNA_Buch.aphi._AE016826_1-367,0.5520833333333334,0.5,0.5346534653465346,0.5247524752475247,hc_200,tmRNA
tmRNA_Shew.deni._CP000302_1-355,0.32142857142857145,0.28125,0.35555555555555557,0.30000000000000004,hc_200,tmRNA
tmRNA_Clos.teta._AE015927_1-355,0.4431818181818182,0.3939393939393939,0.47445430558887025,0.41711229946524064,hc_200,tmRNA
tmRNA_Lept.inte._AE016823_1-350,0.5102040816326531,0.49019607843137253,0.5199999999999999,0.5,hc_200,tmRNA
tmRNA_uncu.bact._TRW-45456_1-408,0.21621621621621623,0.24,0.2274881516587678,0.2274881516587678,hc_200,tmRNA
tmRNA_Cyan.para._TRW-2762_1-294,0.4050632911392405,0.7619047619047619,0.5289256198347108,0.5289256198347108,hc_200,tmRNA
tmRNA_Chla.trac._TRW-272561_1-420,0.375,0.371900826446281,0.38174273858921165,0.37344398340248963,hc_200,tmRNA
tmRNA_Neis.meni._TRW-272831_1-363,0.47572815533980584,0.4537037037037037,0.46445497630331756,0.46445497630331756,hc_200,tmRNA
tmRNA_Porp.ging._TRW-242619_1-407,0.2767857142857143,0.28440366972477066,0.28054298642533937,0.28054298642533937,hc_200,tmRNA
tmRNA_Kleb.pneu._TRW-272620_1-363,0.32926829268292684,0.26732673267326734,0.29508196721311475,0.29508196721311475,hc_200,tmRNA
tmRNA_Nitr.euro._BX321865_1-360,0.5,0.45871559633027525,0.4784688995215311,0.4784688995215311,hc_200,tmRNA
tmRNA_Brev.line._TRW-321955_1-377,0.4659090909090909,0.41,0.48981009726725333,0.43617021276595747,hc_200,tmRNA
tmRNA_Bact.frag._CR626927_1-398,0.313953488372093,0.23684210526315788,0.26999999999999996,0.26999999999999996,hc_200,tmRNA
tmRNA_Cyan.mero._AY286123_1-236,0.30612244897959184,0.8823529411764706,0.45454545454545453,0.45454545454545453,hc_200,tmRNA
tmRNA_Xyle.fast._AE003849_1-355,0.33766233766233766,0.26,0.32120253164556967,0.2937853107344633,hc_200,tmRNA
tmRNA_Vibr.chol._AE004170_1-367,0.3404255319148936,0.3137254901960784,0.3571428571428572,0.32653061224489793,hc_200,tmRNA
tmRNA_Burk.ceno._TRW-216591_1-370,0.3333333333333333,0.2761904761904762,0.3020833333333333,0.3020833333333333,hc_200,tmRNA
tmRNA_Burk.ceno._CP000378_1-370,0.37777777777777777,0.3238095238095238,0.358974358974359,0.34871794871794876,hc_200,tmRNA
tmRNA_Salm.typh._AY319520_1-363,0.4,0.37254901960784315,0.39593908629441626,0.38578680203045684,hc_200,tmRNA
tmRNA_Baci.G._TRW-12333_1-312,0.1518987341772152,0.21052631578947367,0.1764705882352941,0.1764705882352941,hc_200,tmRNA
tmRNA_Psyc.cryo._CP000323_1-359,0.3238095238095238,0.35789473684210527,0.3751834556370914,0.34,hc_200,tmRNA
tmRNA_Phot.lumi._BX571870_1-364,0.32432432432432434,0.2376237623762376,0.27428571428571424,0.27428571428571424,hc_200,tmRNA
tmRNA_Bact.frag._TRW-817_1-398,0.3176470588235294,0.23684210526315788,0.271356783919598,0.271356783919598,hc_200,tmRNA
tmRNA_Chla.abor._CR848038_1-425,0.38524590163934425,0.39166666666666666,0.4049586776859504,0.3884297520661157,hc_200,tmRNA
tmRNA_Shew.spec._TRW-323850_1-356,0.26744186046511625,0.23711340206185566,0.28415300546448086,0.2513661202185792,hc_200,tmRNA
tmRNA_Myco.geni._U39713_1-385,0.3418803418803419,0.40404040404040403,0.37037037037037035,0.37037037037037035,hc_200,tmRNA
tmRNA_Vibr.fisc._CP000020_1-367,0.2077922077922078,0.16,0.1807909604519774,0.1807909604519774,hc_200,tmRNA
tmRNA_Esch.coli._U00096_1-363,0.45348837209302323,0.375,0.4210526315789474,0.41052631578947374,hc_200,tmRNA
tmRNA_Neis.meni._AL162755_1-360,0.5242718446601942,0.4954128440366973,0.5188679245283018,0.5094339622641509,hc_200,tmRNA
tmRNA_Haem.infl._L42023_1-366,0.27380952380952384,0.23,0.25000000000000006,0.25000000000000006,hc_200,tmRNA
tmRNA_Geob.meta._CP000148_1-356,0.2608695652173913,0.2823529411764706,0.3447636700648749,0.2711864406779661,hc_200,tmRNA
tmRNA_Stre.pneu._TRW-1313_1-348,0.2631578947368421,0.20618556701030927,0.23121387283236994,0.23121387283236994,hc_200,tmRNA
tmRNA_Ther.rose._TRW-309801_1-353,0.6063829787234043,0.5480769230769231,0.5757575757575758,0.5757575757575758,hc_200,tmRNA
tmRNA_Xyle.fast._TRW-155920_1-355,0.32926829268292684,0.27,0.3186813186813187,0.2967032967032967,hc_200,tmRNA
tmRNA_Geob.sulf._AE017180_1-356,0.37209302325581395,0.3595505617977528,0.45666143081536487,0.36571428571428566,hc_200,tmRNA
tmRNA_Stre.suis._TRW-286604_1-348,0.21052631578947367,0.20408163265306123,0.2072538860103627,0.2072538860103627,hc_200,tmRNA
tmRNA_Camp.jeju._AX048472_1-359,0.5301204819277109,0.43137254901960786,0.518918918918919,0.4756756756756757,hc_200,tmRNA
tmRNA_Haem.infl._U32808_1-366,0.27380952380952384,0.23,0.25000000000000006,0.25000000000000006,hc_200,tmRNA
tmRNA_Ther.neap._TRW-309803_1-357,0.6836734693877551,0.5929203539823009,0.6859007832898172,0.6350710900473934,hc_200,tmRNA
tmRNA_Azot.vine._TRW-354_1-352,0.4189189189189189,0.3333333333333333,0.3712574850299401,0.3712574850299401,hc_200,tmRNA
tmRNA_Neis.meni._AE002452_1-360,0.48,0.4444444444444444,0.4615384615384615,0.4615384615384615,hc_200,tmRNA
tmRNA_Stre.equi._TRW-40041_1-349,0.4148936170212766,0.39,0.4226804123711341,0.4020618556701031,hc_200,tmRNA
tmRNA_Heli.pylo._TRW-85963_1-386,0.23148148148148148,0.2403846153846154,0.2498220640569395,0.2358490566037736,hc_200,tmRNA
tmRNA_Shig.boyd._CP000036_1-363,0.34782608695652173,0.3106796116504854,0.3384615384615385,0.32820512820512815,hc_200,tmRNA
tmRNA_Bifi.long._TRW-206672_1-397,0.42857142857142855,0.4326923076923077,0.4593301435406698,0.43062200956937796,hc_200,tmRNA
tmRNA_Myco.tube._TRW-1773_1-368,0.1348314606741573,0.12371134020618557,0.12903225806451615,0.12903225806451615,hc_200,tmRNA
tmRNA_Odon.sine._Z67753_1-368,0.47435897435897434,0.8043478260869565,0.596774193548387,0.596774193548387,hc_200,tmRNA
tmRNA_Ocea.ihey._BA000028_1-364,0.3958333333333333,0.4318181818181818,0.48936170212765956,0.41304347826086957,hc_200,tmRNA
tmRNA_Vibr.chol._U39068_1-367,0.3404255319148936,0.3137254901960784,0.3571428571428572,0.32653061224489793,hc_200,tmRNA
tmRNA_Gemm.obsc._TRW-214688_1-412,0.20869565217391303,0.2376237623762376,0.22222222222222218,0.22222222222222218,hc_200,tmRNA
tmRNA_Copr.prot._TRW-351627_1-353,0.5306122448979592,0.5714285714285714,0.5608465608465608,0.5502645502645503,hc_200,tmRNA
tmRNA_Meso.flor._AE017263_1-408,0.25961538461538464,0.226890756302521,0.2600896860986547,0.242152466367713,hc_200,tmRNA
tmRNA_Fran.tula._AM233362_1-421,0.175,0.19626168224299065,0.18502202643171806,0.18502202643171806,hc_200,tmRNA
tmRNA_Myco.geni._TRW-243273_1-388,0.3559322033898305,0.42424242424242425,0.3870967741935484,0.3870967741935484,hc_200,tmRNA
tmRNA_Salm.ente._TRW-321314_1-363,0.3958333333333333,0.37254901960784315,0.393939393939394,0.38383838383838387,hc_200,tmRNA
tmRNA_Desu.desu._CP000112_1-360,0.26732673267326734,0.28421052631578947,0.3361214374225527,0.2755102040816327,hc_200,tmRNA
tmRNA_Erwi.chry._TRW-198628_1-381,0.22340425531914893,0.19811320754716982,0.21000000000000002,0.21000000000000002,hc_200,tmRNA
tmRNA_Xyle.fast._AE009442_1-355,0.32558139534883723,0.2828282828282828,0.32926181625066386,0.3027027027027027,hc_200,tmRNA
tmRNA_Neis.gono._TRW-242231_1-363,0.5092592592592593,0.5092592592592593,0.5092592592592593,0.5092592592592593,hc_200,tmRNA
tmRNA_Chla.trac._AE001276_1-417,0.35833333333333334,0.35537190082644626,0.36514522821576767,0.3568464730290456,hc_200,tmRNA
tmRNA_Salm.ente._AL627276_1-363,0.4,0.37254901960784315,0.39593908629441626,0.38578680203045684,hc_200,tmRNA
tmRNA_Pseu.fluo._CP000094_1-390,0.33663366336633666,0.33663366336633666,0.3712211221122112,0.33663366336633666,hc_200,tmRNA
tmRNA_Cyan.cald._AF022186_1-254,0.35714285714285715,0.47619047619047616,0.40816326530612246,0.40816326530612246,hc_200,tmRNA
tmRNA_Fran.tula._AJ749949_1-421,0.18803418803418803,0.205607476635514,0.1964285714285714,0.1964285714285714,hc_200,tmRNA
tmRNA_Shew.frig._CP000447_1-356,0.2926829268292683,0.24742268041237114,0.3016759776536313,0.2681564245810056,hc_200,tmRNA
tmRNA_Myco.gall._AE015450_1-408,0.24528301886792453,0.2826086956521739,0.3386658617567159,0.2626262626262626,hc_200,tmRNA
tmRNA_uncu.bact._TRW-80840-1_1-378,0.4489795918367347,0.4074074074074074,0.4802979807880808,0.42718446601941745,hc_200,tmRNA
tmRNA_Salm.ente._CP000026_1-363,0.4,0.37254901960784315,0.39593908629441626,0.38578680203045684,hc_200,tmRNA
tmRNA_Prop.acne._TRW-1747-1_1-371,0.3786407766990291,0.38613861386138615,0.4117647058823529,0.3823529411764706,hc_200,tmRNA
tmRNA_Aqui.aeol._TRW-63363_1-347,0.5319148936170213,0.45454545454545453,0.5196078431372548,0.4901960784313725,hc_200,tmRNA
tmRNA_Chro.viol._AE016825_1-365,0.4111111111111111,0.3557692307692308,0.4020618556701031,0.3814432989690722,hc_200,tmRNA
tmRNA_Yers.pest._AE009952_1-364,0.32954545454545453,0.2871287128712871,0.31746031746031744,0.30687830687830686,hc_200,tmRNA
tmRNA_Stap.aure._BA000033_1-362,0.46153846153846156,0.4752475247524752,0.4682926829268293,0.4682926829268293,hc_200,tmRNA
tmRNA_Myco.hyop._TRW-262719_1-433,0.11926605504587157,0.18055555555555555,0.18328840970350405,0.14364640883977903,hc_200,tmRNA
tmRNA_Lact.case._CP000423_1-364,0.3883495145631068,0.39603960396039606,0.4312458212614219,0.39215686274509803,hc_200,tmRNA
tmRNA_Camp.fetu._AY211269_1-361,0.2823529411764706,0.24742268041237114,0.2797503765870454,0.26373626373626374,hc_200,tmRNA
tmRNA_Woli.succ._BX571661_1-369,0.4666666666666667,0.42857142857142855,0.44680851063829785,0.44680851063829785,hc_200,tmRNA
tmRNA_uncu.bact._TRW-72274-2_1-359,0.5192307692307693,0.5684210526315789,0.5780730897009967,0.5427135678391961,hc_200,tmRNA
tmRNA_Borr.gari._CP000013_1-363,0.22522522522522523,0.21367521367521367,0.26735661923242776,0.21929824561403508,hc_200,tmRNA
tmRNA_Clav.mich._TRW-31964_1-376,0.2345679012345679,0.19387755102040816,0.2346368715083799,0.2122905027932961,hc_200,tmRNA
tmRNA_Carb.hydr._CP000141_1-359,0.5463917525773195,0.49074074074074076,0.5314009661835749,0.5170731707317072,hc_200,tmRNA
tmRNA_Chlo.tepi._TRW-194439_1-404,0.371900826446281,0.375,0.37344398340248963,0.37344398340248963,hc_200,tmRNA
tmRNA_Pseu.aeru._AE004091_1-353,0.49295774647887325,0.3804347826086957,0.4294478527607362,0.4294478527607362,hc_200,tmRNA
tmRNA_Rals.sola._AL646061_1-357,0.3473684210526316,0.3402061855670103,0.34375,0.34375,hc_200,tmRNA
tmRNA_Aero.hydr._CP000462_1-360,0.3069306930693069,0.3333333333333333,0.31958762886597936,0.31958762886597936,hc_200,tmRNA
tmRNA_Myco.tube._TRW-164513_1-368,0.20454545454545456,0.1875,0.19565217391304346,0.19565217391304346,hc_200,tmRNA
tmRNA_Dein.radi._TRW-243230_1-349,0.4057971014492754,0.2828282828282828,0.3333333333333333,0.3333333333333333,hc_200,tmRNA
tmRNA_Neis.meni._TRW-122586_1-363,0.47572815533980584,0.4537037037037037,0.46445497630331756,0.46445497630331756,hc_200,tmRNA
tmRNA_Ther.mari._TRW-243274-1_1-356,0.67,0.5982142857142857,0.6415094339622641,0.6320754716981132,hc_200,tmRNA
tmRNA_Baci.subt._TRW-1423_1-363,0.5050505050505051,0.5319148936170213,0.5542215336948103,0.5181347150259067,hc_200,tmRNA
tmRNA_Camp.lari._TRW-306263_1-359,0.45,0.4205607476635514,0.43478260869565216,0.43478260869565216,hc_200,tmRNA
tmRNA_Lact.acid._CP000033_1-369,0.46601941747572817,0.47058823529411764,0.4975609756097561,0.4682926829268293,hc_200,tmRNA
tmRNA_Clos.perf._CP000246_1-361,0.4946236559139785,0.46464646464646464,0.47916666666666663,0.47916666666666663,hc_200,tmRNA
tmRNA_Burk.thai._CP000086_1-370,0.3917525773195876,0.3619047619047619,0.3861386138613861,0.37623762376237624,hc_200,tmRNA
tmRNA_Bact.thet._AE015928_1-397,0.23232323232323232,0.20175438596491227,0.21596244131455397,0.21596244131455397,hc_200,tmRNA
tmRNA_Pseu.halo._CR954246_1-357,0.4431818181818182,0.41935483870967744,0.485631823315347,0.430939226519337,hc_200,tmRNA
tmRNA_Shew.onei._AX048560_1-355,0.3076923076923077,0.25263157894736843,0.3800209570380719,0.27745664739884396,hc_200,tmRNA
tmRNA_Shig.flex._AE005674_1-363,0.45348837209302323,0.375,0.4210526315789474,0.41052631578947374,hc_200,tmRNA
tmRNA_Lact.gass._TRW-1596_1-366,0.36363636363636365,0.28,0.3325052551117906,0.3163841807909605,hc_200,tmRNA
tmRNA_Ther.elon._BA000039_1-386,0.4583333333333333,0.4074074074074074,0.4313725490196078,0.4313725490196078,hc_200,tmRNA
tmRNA_Heli.pylo._AE000511_1-386,0.20192307692307693,0.20192307692307693,0.2258592471358429,0.20192307692307693,hc_200,tmRNA
tmRNA_Rals.eutr._CP000090_1-360,0.5053763440860215,0.47,0.5077720207253886,0.48704663212435234,hc_200,tmRNA
tmRNA_Geob.stea._TRW-1422_1-352,0.5232558139534884,0.4639175257731959,0.53551912568306,0.4918032786885246,hc_200,tmRNA
tmRNA_List.mono._TRW-1639-1_1-370,0.1509433962264151,0.15841584158415842,0.17391304347826086,0.15458937198067632,hc_200,tmRNA
tmRNA_Ente.faec._TRW-1352_1-367,0.4339622641509434,0.46464646464646464,0.46352989521265664,0.44878048780487806,hc_200,tmRNA
tmRNA_envi.sequ._TRW-32045-3_1-350,0.32222222222222224,0.29896907216494845,0.31016042780748665,0.31016042780748665,hc_200,tmRNA
tmRNA_Stre.ther._CP000419_1-350,0.56,0.42857142857142855,0.48554913294797686,0.48554913294797686,hc_200,tmRNA
tmRNA_Dich.nodo._TRW-35819_1-352,0.21621621621621623,0.15841584158415842,0.1942857142857143,0.18285714285714283,hc_200,tmRNA
tmRNA_Stre.uber._TRW-218495_1-350,0.28865979381443296,0.28865979381443296,0.30927835051546393,0.28865979381443296,hc_200,tmRNA
tmRNA_Salm.bong._TRW-218493_1-363,0.3854166666666667,0.3557692307692308,0.39,0.37,hc_200,tmRNA
tmRNA_envi.sequ._TRW-300695-2_1-345,0.39603960396039606,0.5,0.5646036916395223,0.44198895027624313,hc_200,tmRNA
tmRNA_Esch.coli._CP000468_1-363,0.45348837209302323,0.375,0.4210526315789474,0.41052631578947374,hc_200,tmRNA
tmRNA_Chla.cavi._AE015925_1-425,0.344,0.35537190082644626,0.3495934959349593,0.3495934959349593,hc_200,tmRNA
tmRNA_Serr.marc._TRW-273526_1-364,0.36486486486486486,0.2647058823529412,0.3181818181818182,0.3068181818181818,hc_200,tmRNA
tmRNA_Vibr.spec._TRW-345075_1-368,0.2826086956521739,0.26,0.27083333333333337,0.27083333333333337,hc_200,tmRNA
tmRNA_Chla.pneu._AE002224_1-423,0.39622641509433965,0.3442622950819672,0.3771929824561403,0.3684210526315789,hc_200,tmRNA
tmRNA_envi.sequ._TRW-204433_1-356,0.3978494623655914,0.3627450980392157,0.3794871794871795,0.3794871794871795,hc_200,tmRNA
tmRNA_Salm.ente._TRW-149539_1-363,0.41304347826086957,0.37254901960784315,0.4020618556701031,0.39175257731958757,hc_200,tmRNA
tmRNA_Onio.yell._AP006628_1-423,0.452991452991453,0.5145631067961165,0.5454545454545454,0.48181818181818187,hc_200,tmRNA
tmRNA_Pseu.puti._AE015451_1-399,0.4375,0.46226415094339623,0.45871559633027525,0.44954128440366975,hc_200,tmRNA
tmRNA_uncu.bact._TRW-383630-1_1-364,0.34831460674157305,0.31958762886597936,0.33333333333333337,0.33333333333333337,hc_200,tmRNA
tmRNA_Burk.viet._TRW-269482_1-370,0.44680851063829785,0.4,0.4221105527638191,0.4221105527638191,hc_200,tmRNA
tmRNA_Lact.gass._CP000413_1-366,0.36363636363636365,0.28,0.3325052551117906,0.3163841807909605,hc_200,tmRNA
tmRNA_envi.sequ._TRW-356-1_1-289,0.35135135135135137,0.3466666666666667,0.3489932885906041,0.3489932885906041,hc_200,tmRNA
tmRNA_Ther.ther._Y15063_1-349,0.46153846153846156,0.4,0.42857142857142855,0.42857142857142855,hc_200,tmRNA
tmRNA_Stre.equi._TRW-1336_1-349,0.4105263157894737,0.39,0.4205128205128206,0.4,hc_200,tmRNA
tmRNA_Xant.camp._AM039952_1-397,0.27522935779816515,0.27522935779816515,0.30727098452690677,0.27522935779816515,hc_200,tmRNA
tmRNA_Myco.lepr._TRW-272631_1-369,0.27956989247311825,0.26,0.26943005181347146,0.26943005181347146,hc_200,tmRNA
tmRNA_Para.symb._BX908798_1-405,0.3130434782608696,0.32432432432432434,0.33187772925764186,0.31858407079646023,hc_200,tmRNA
tmRNA_Cory.diph._BX248356_1-385,0.5057471264367817,0.44,0.502673796791444,0.4705882352941177,hc_200,tmRNA
tmRNA_Chro.sale._CP000285_1-380,0.40869565217391307,0.4519230769230769,0.45662100456621,0.4292237442922375,hc_200,tmRNA
tmRNA_Xant.camp._AE012247_1-397,0.26262626262626265,0.24074074074074073,0.27506775067750683,0.25120772946859904,hc_200,tmRNA
tmRNA_Prop.acne._TRW-1747-2_1-353,0.1595744680851064,0.18072289156626506,0.16949152542372883,0.16949152542372883,hc_200,tmRNA
tmRNA_Syne.spec._D90916_1-396,0.40594059405940597,0.3942307692307692,0.4,0.4,hc_200,tmRNA
tmRNA_Camp.jeju._AL139078_1-356,0.525,0.4117647058823529,0.5054945054945055,0.46153846153846156,hc_200,tmRNA
tmRNA_Prop.acne._TRW-1747-3_1-353,0.15789473684210525,0.18072289156626506,0.16853932584269665,0.16853932584269665,hc_200,tmRNA
tmRNA_Yers.moll._TRW-349967_1-381,0.28431372549019607,0.29292929292929293,0.2885572139303483,0.2885572139303483,hc_200,tmRNA
tmRNA_Myco.hyop._TRW-295358_1-424,0.1415929203539823,0.22535211267605634,0.29557450263905805,0.17391304347826086,hc_200,tmRNA
tmRNA_Syne.spec._AB003477_1-394,0.19791666666666666,0.18811881188118812,0.21802737140160453,0.1928934010152284,hc_200,tmRNA
tmRNA_Esch.coli._CP000247_1-363,0.45348837209302323,0.375,0.4210526315789474,0.41052631578947374,hc_200,tmRNA
tmRNA_Verr.spin._TRW-240016_1-356,0.4,0.36538461538461536,0.3819095477386935,0.3819095477386935,hc_200,tmRNA
tmRNA_Myco.mari._TRW-1781-1_1-368,0.35294117647058826,0.30927835051546393,0.32967032967032966,0.32967032967032966,hc_200,tmRNA
tmRNA_Magn.spec._CP000471_1-366,0.2608695652173913,0.2926829268292683,0.28735632183908044,0.27586206896551724,hc_200,tmRNA
tmRNA_Clos.acet._AE001437_1-359,0.19047619047619047,0.16161616161616163,0.17486338797814208,0.17486338797814208,hc_200,tmRNA
tmRNA_Stap.aure._BX571857_1-362,0.46153846153846156,0.4752475247524752,0.4682926829268293,0.4682926829268293,hc_200,tmRNA
tmRNA_Desu.psyc._CR522870_1-366,0.425,0.32075471698113206,0.39315230224321135,0.3655913978494624,hc_200,tmRNA
tmRNA_Rals.sola._AL646052_1-360,0.3163265306122449,0.31958762886597936,0.317948717948718,0.317948717948718,hc_200,tmRNA
tmRNA_Myco.lepr._AL583919_1-366,0.24742268041237114,0.24,0.24365482233502536,0.24365482233502536,hc_200,tmRNA
tmRNA_Myco.Bxz1._AY129337_1-437,0.16071428571428573,0.24,0.19251336898395727,0.19251336898395727,hc_200,tmRNA
tmRNA_Lact.delb._TRW-321956_1-362,0.4639175257731959,0.46875,0.46632124352331605,0.46632124352331605,hc_200,tmRNA
tmRNA_Bord.aviu._AM167904_1-406,0.29545454545454547,0.22807017543859648,0.25742574257425743,0.25742574257425743,hc_200,tmRNA
tmRNA_Baci.cere._TRW-226900_1-355,0.34782608695652173,0.24489795918367346,0.32335329341317365,0.2874251497005988,hc_200,tmRNA
tmRNA_Thal.weis._AF049491_1-348,0.3950617283950617,0.7441860465116279,0.5161290322580645,0.5161290322580645,hc_200,tmRNA
tmRNA_Soda.glos._AP008232_1-384,0.26373626373626374,0.23076923076923078,0.26666666666666666,0.24615384615384614,hc_200,tmRNA
tmRNA_Exig.sibi._TRW-262543_1-359,0.33695652173913043,0.3263157894736842,0.36363636363636365,0.33155080213903737,hc_200,tmRNA
tmRNA_Heli.must._DQ250625_1-366,0.4803921568627451,0.48514851485148514,0.5320197044334977,0.48275862068965514,hc_200,tmRNA
tmRNA_List.mono._TRW-169963_1-370,0.14953271028037382,0.15841584158415842,0.17307692307692307,0.15384615384615385,hc_200,tmRNA
tmRNA_Acti.pleu._TRW-44294_1-366,0.35106382978723405,0.3333333333333333,0.36269430051813467,0.34196891191709844,hc_200,tmRNA
tmRNA_Yers.pest._CP000308_1-364,0.32954545454545453,0.2871287128712871,0.31746031746031744,0.30687830687830686,hc_200,tmRNA
tmRNA_Shew.spec._CP000446_1-355,0.4142857142857143,0.29896907216494845,0.42409962975429144,0.3473053892215569,hc_200,tmRNA
tmRNA_Trop.whip._BX251411_1-369,0.3829787234042553,0.3302752293577982,0.3645320197044335,0.35467980295566504,hc_200,tmRNA
tmRNA_List.inno._TRW-1642-1_1-370,0.18691588785046728,0.19607843137254902,0.19138755980861244,0.19138755980861244,hc_200,tmRNA
tmRNA_Guil.thet._AF041468_1-327,0.1791044776119403,0.3157894736842105,0.22857142857142856,0.22857142857142856,hc_200,tmRNA
tmRNA_Desu.vulg._AE017285_1-352,0.32558139534883723,0.28865979381443296,0.3278688524590164,0.30601092896174864,hc_200,tmRNA
tmRNA_List.mono._AL591983_1-370,0.14953271028037382,0.15841584158415842,0.17307692307692307,0.15384615384615385,hc_200,tmRNA
tmRNA_Clos.perf._AP003190_1-358,0.532608695652174,0.5,0.5622174169451544,0.5157894736842106,hc_200,tmRNA
tmRNA_Yers.fred._TRW-349966_1-363,0.4155844155844156,0.31683168316831684,0.3707865168539326,0.35955056179775285,hc_200,tmRNA
tmRNA_Acti.succ._TRW-339671_1-367,0.28735632183908044,0.24509803921568626,0.26455026455026454,0.26455026455026454,hc_200,tmRNA
tmRNA_Mari.aqua._TRW-351348_1-366,0.3867924528301887,0.40594059405940597,0.4057971014492754,0.39613526570048313,hc_200,tmRNA
tmRNA_Mann.haem._TRW-272629_1-367,0.31868131868131866,0.29292929292929293,0.3360709592641261,0.30526315789473685,hc_200,tmRNA
tmRNA_Camp.coli._TRW-306254_1-359,0.5058823529411764,0.4215686274509804,0.5026737967914439,0.45989304812834225,hc_200,tmRNA
tmRNA_Stre.agal._TRW-1311_1-350,0.3522727272727273,0.3163265306122449,0.3604240282685513,0.3333333333333333,hc_200,tmRNA
tmRNA_Shig.flex._CP000266_1-363,0.45348837209302323,0.375,0.4210526315789474,0.41052631578947374,hc_200,tmRNA
tmRNA_Desu.acet._TRW-281689_1-353,0.34177215189873417,0.29347826086956524,0.31578947368421056,0.31578947368421056,hc_200,tmRNA
tmRNA_Ther.comm._TRW-289377_1-355,0.48514851485148514,0.4375,0.4694835680751174,0.460093896713615,hc_200,tmRNA
tmRNA_Pseu.syri._CP000075_1-392,0.3137254901960784,0.29906542056074764,0.30622009569377984,0.30622009569377984,hc_200,tmRNA
tmRNA_Bord.bron._TRW-257310_1-387,0.5851063829787234,0.4782608695652174,0.5263157894736843,0.5263157894736843,hc_200,tmRNA
tmRNA_uncu.bact._TRW-80840-2_1-379,0.4186046511627907,0.32432432432432434,0.37563451776649737,0.36548223350253806,hc_200,tmRNA
tmRNA_Pseu.syri._CP000058_1-388,0.34146341463414637,0.27722772277227725,0.33879781420765026,0.30601092896174864,hc_200,tmRNA
tmRNA_Stap.epid._TRW-1282-2_1-362,0.39090909090909093,0.4215686274509804,0.41509433962264153,0.40566037735849053,hc_200,tmRNA
tmRNA_Dict.ther._TRW-14_1-350,0.7090909090909091,0.6842105263157895,0.7497343251859724,0.6964285714285715,hc_200,tmRNA
tmRNA_Pedi.pent._CP000422_1-369,0.4731182795698925,0.4782608695652174,0.5567334942794163,0.4756756756756757,hc_200,tmRNA
tmRNA_Burk.xeno._CP000270_1-370,0.3564356435643564,0.34615384615384615,0.3657172584211211,0.35121951219512193,hc_200,tmRNA
tmRNA_Haem.ducr._AE017143_1-367,0.3253012048192771,0.26732673267326734,0.2934782608695652,0.2934782608695652,hc_200,tmRNA
tmRNA_Aste.yell._CP000061_1-426,0.3412698412698413,0.42574257425742573,0.3876651982378854,0.37885462555066074,hc_200,tmRNA
tmRNA_Soli.usit._CP000473_1-352,0.3333333333333333,0.2571428571428571,0.3763440860215054,0.2903225806451613,hc_200,tmRNA
tmRNA_Wigg.glos._BA000021_1-365,0.5,0.4368932038834951,0.5068637803590286,0.466321243523316,hc_200,tmRNA
tmRNA_Prop.acne._AE017283_1-371,0.38613861386138615,0.38613861386138615,0.4158415841584158,0.38613861386138615,hc_200,tmRNA
tmRNA_envi.sequ._TRW-2-1_1-365,0.23655913978494625,0.21568627450980393,0.22564102564102567,0.22564102564102567,hc_200,tmRNA
tmRNA_uncu.bact._TRW-80840-3_1-379,0.43010752688172044,0.36036036036036034,0.4464574571336137,0.3921568627450981,hc_200,tmRNA
tmRNA_Cald.sacc._TRW-351627_1-368,0.4727272727272727,0.5148514851485149,0.6116504854368933,0.49289099526066354,hc_200,tmRNA
tmRNA_Bord.pert._TRW-257313_1-387,0.5851063829787234,0.4782608695652174,0.5263157894736843,0.5263157894736843,hc_200,tmRNA
tmRNA_Haem.infl._CP000057_1-366,0.2804878048780488,0.23,0.2527472527472528,0.2527472527472528,hc_200,tmRNA
tmRNA_Clos.ther._TRW-203119_1-387,0.3829787234042553,0.3564356435643564,0.3692307692307692,0.3692307692307692,hc_200,tmRNA
tmRNA_Salm.ente._TRW-295319_1-363,0.3592233009708738,0.3627450980392157,0.37073170731707317,0.36097560975609755,hc_200,tmRNA
tmRNA_uncu.bact._TRW-72274-1_1-359,0.27522935779816515,0.32608695652173914,0.29850746268656714,0.29850746268656714,hc_200,tmRNA
tmRNA_Buch.aphi._BD061520_1-369,0.39603960396039606,0.4166666666666667,0.4263959390862944,0.4060913705583757,hc_200,tmRNA
tmRNA_Pelo.carb._CP000142_1-358,0.25882352941176473,0.3013698630136986,0.35494106980961015,0.27848101265822783,hc_200,tmRNA
tmRNA_Baci.thur._AE017355_1-355,0.36363636363636365,0.24489795918367346,0.34146341463414637,0.29268292682926833,hc_200,tmRNA
tmRNA_Psyc.arct._CP000082_1-359,0.336734693877551,0.35106382978723405,0.34375000000000006,0.34375000000000006,hc_200,tmRNA
tmRNA_List.inno._TRW-1642-2_1-370,0.14953271028037382,0.15841584158415842,0.17307692307692307,0.15384615384615385,hc_200,tmRNA
tmRNA_Shig.flex._AE014073_1-363,0.45348837209302323,0.375,0.4210526315789474,0.41052631578947374,hc_200,tmRNA
tmRNA_Stre.scab._TRW-1883_1-402,0.2037037037037037,0.24444444444444444,0.2781456953642384,0.2222222222222222,hc_200,tmRNA
tmRNA_Cyto.hutc._CP000383_1-404,0.2727272727272727,0.2608695652173913,0.2798307475317348,0.2666666666666666,hc_200,tmRNA
tmRNA_Haem.infl._AY599475_1-366,0.27380952380952384,0.23,0.25000000000000006,0.25000000000000006,hc_200,tmRNA
tmRNA_Fran.spec._CP000249_1-374,0.32,0.3047619047619048,0.33170731707317075,0.3121951219512195,hc_200,tmRNA
tmRNA_Acti.naes._TRW-240017_1-371,0.47706422018348627,0.4727272727272727,0.4748858447488585,0.4748858447488585,hc_200,tmRNA
tmRNA_Myco.pulm._AL445565_1-387,0.2857142857142857,0.37894736842105264,0.3981900452488688,0.3257918552036199,hc_200,tmRNA
tmRNA_Stap.aure._AC074317_1-359,0.4528301886792453,0.4752475247524752,0.463768115942029,0.463768115942029,hc_200,tmRNA
tmRNA_Rals.meta._CP000352_1-360,0.4827586206896552,0.42857142857142855,0.46486486486486484,0.454054054054054,hc_200,tmRNA
tmRNA_Leuc.mese._TRW-1245_1-358,0.4380952380952381,0.46938775510204084,0.4680983504512916,0.45320197044334976,hc_200,tmRNA
tmRNA_Phot.prof._CR378665_1-368,0.3146067415730337,0.28865979381443296,0.3010752688172043,0.3010752688172043,hc_200,tmRNA
tmRNA_Leif.xyli._AE016822_1-394,0.3333333333333333,0.3617021276595745,0.3469387755102041,0.3469387755102041,hc_200,tmRNA
tmRNA_Citr.rode._TRW-67825_1-365,0.42857142857142855,0.38613861386138615,0.40625,0.40625,hc_200,tmRNA
tmRNA_Stap.aure._BX571856_1-362,0.4485981308411215,0.4752475247524752,0.4615384615384615,0.4615384615384615,hc_200,tmRNA
tmRNA_Kine.radi._TRW-266940_1-366,0.375,0.34285714285714286,0.37329085357759195,0.3582089552238806,hc_200,tmRNA
tmRNA_Haem.infl._TRW-262728_1-366,0.2875,0.23,0.2555555555555556,0.2555555555555556,hc_200,tmRNA
tmRNA_Yers.ente._TRW-34054_1-381,0.32653061224489793,0.32323232323232326,0.3248730964467005,0.3248730964467005,hc_200,tmRNA
tmRNA_Tric.eryt._CP000393_1-398,0.34951456310679613,0.33962264150943394,0.3444976076555024,0.3444976076555024,hc_200,tmRNA
tmRNA_Camp.coli._AL111168_1-359,0.5058823529411764,0.4215686274509804,0.5026737967914439,0.45989304812834225,hc_200,tmRNA
tmRNA_Shig.dyse._TRW-358708_1-363,0.3626373626373626,0.32038834951456313,0.35051546391752575,0.3402061855670103,hc_200,tmRNA
tmRNA_Pseu.aeru._CP000438_1-353,0.49295774647887325,0.3804347826086957,0.4294478527607362,0.4294478527607362,hc_200,tmRNA
tmRNA_Lact.lact._AF176556_1-359,0.2159090909090909,0.2087912087912088,0.22882048488150367,0.2122905027932961,hc_200,tmRNA
tmRNA_Stre.muta._TRW-210007_1-349,0.47474747474747475,0.47474747474747475,0.47474747474747475,0.47474747474747475,hc_200,tmRNA
tmRNA_Baci.cere._AE017194_1-355,0.3150684931506849,0.23232323232323232,0.3023255813953489,0.26744186046511625,hc_200,tmRNA
tmRNA_Aste.yell._TRW-322098_1-426,0.35294117647058826,0.4158415841584158,0.3909090909090909,0.38181818181818183,hc_200,tmRNA
tmRNA_Myco.myco._BX842642_1-411,0.3125,0.3333333333333333,0.3317972350230414,0.3225806451612903,hc_200,tmRNA
tmRNA_Syne.spec._TRW-1131_1-399,0.3867924528301887,0.3942307692307692,0.3904761904761905,0.3904761904761905,hc_200,tmRNA
tmRNA_Chla.trac._TRW-813-1_1-420,0.3125,0.2892561983471074,0.30901287553648066,0.30042918454935624,hc_200,tmRNA
tmRNA_Shew.putr._TRW-319224_1-356,0.37349397590361444,0.3069306930693069,0.41382277028964726,0.33695652173913043,hc_200,tmRNA
tmRNA_Shew.amaz._CP000507_1-356,0.2962962962962963,0.25263157894736843,0.2840909090909091,0.27272727272727276,hc_200,tmRNA
tmRNA_Sacc.degr._CP000282_1-389,0.4,0.3655913978494624,0.4606741573033708,0.38202247191011235,hc_200,tmRNA
tmRNA_Yers.pseu._AR948532_1-364,0.32954545454545453,0.2871287128712871,0.31746031746031744,0.30687830687830686,hc_200,tmRNA
tmRNA_envi.sequ._TRW-32045-2_1-345,0.4897959183673469,0.5333333333333333,0.5799648506151143,0.5106382978723404,hc_200,tmRNA
tmRNA_Stre.pneu._AE008453_1-348,0.3116883116883117,0.24742268041237114,0.27586206896551724,0.27586206896551724,hc_200,tmRNA
tmRNA_envi.sequ._TRW-259291_1-355,0.4411764705882353,0.30612244897959184,0.45064102564102565,0.3614457831325301,hc_200,tmRNA
tmRNA_Baci.subt._Z99121_1-360,0.5,0.5319148936170213,0.5410286611700039,0.5154639175257731,hc_200,tmRNA
tmRNA_Lact.lact._AE006373_1-359,0.2159090909090909,0.20652173913043478,0.22751895991332613,0.2111111111111111,hc_200,tmRNA
tmRNA_Borr.burg._TRW-224326_1-362,0.3939393939393939,0.3333333333333333,0.4023391812865497,0.36111111111111105,hc_200,tmRNA
tmRNA_Dein.radi._AE001939_1-346,0.3880597014925373,0.26262626262626265,0.33238074302044407,0.3132530120481928,hc_200,tmRNA
tmRNA_Stre.aver._BA000030_1-389,0.5229357798165137,0.5533980582524272,0.5377358490566038,0.5377358490566038,hc_200,tmRNA
tmRNA_Lact.plan._AL935259_1-372,0.16326530612244897,0.16326530612244897,0.1886376172090458,0.16326530612244897,hc_200,tmRNA
tmRNA_Fibr.succ._TRW-59374_1-361,0.4588235294117647,0.38613861386138615,0.4193548387096774,0.4193548387096774,hc_200,tmRNA
tmRNA_Clos.diff._TRW-367459_1-350,0.2903225806451613,0.28125,0.3331654072208229,0.28571428571428575,hc_200,tmRNA
tmRNA_Acin.spec._CR543861_1-360,0.23214285714285715,0.32098765432098764,0.3005181347150259,0.2694300518134715,hc_200,tmRNA
tmRNA_envi.sequ._TRW-259292_1-355,0.4117647058823529,0.2857142857142857,0.4096385542168675,0.3373493975903614,hc_200,tmRNA
tmRNA_Yers.pest._AE017042_1-364,0.32954545454545453,0.2871287128712871,0.31746031746031744,0.30687830687830686,hc_200,tmRNA
tmRNA_Borr.burg._AE001118_1-359,0.41237113402061853,0.3418803418803419,0.41539913983006405,0.37383177570093457,hc_200,tmRNA
tmRNA_Synt.acid._CP000252_1-356,0.25,0.3194444444444444,0.311601150527325,0.28048780487804875,hc_200,tmRNA
tmRNA_Clos.diff._AM180355_1-350,0.2967032967032967,0.28125,0.3366706261666384,0.28877005347593576,hc_200,tmRNA
tmRNA_Stre.pyog._AE006568_1-345,0.5,0.5,0.5196078431372549,0.5,hc_200,tmRNA
tmRNA_Acid.ferr._TRW-243159_1-364,0.41346153846153844,0.4056603773584906,0.4238013698630137,0.4095238095238095,hc_200,tmRNA
tmRNA_Fuso.nucl._TRW-393480_1-344,0.42105263157894735,0.3137254901960784,0.3595505617977528,0.3595505617977528,hc_200,tmRNA
tmRNA_Myxo.xant._TRW-34_1-366,0.3707865168539326,0.33,0.41181251693308046,0.3492063492063492,hc_200,tmRNA
tmRNA_Meth.flag._CP000284_1-361,0.43434343434343436,0.4095238095238095,0.4360753221010902,0.4215686274509804,hc_200,tmRNA
tmRNA_envi.sequ._TRW-363179_1-348,0.4044943820224719,0.3711340206185567,0.3870967741935484,0.3870967741935484,hc_200,tmRNA
tmRNA_Emil.huxl._TRW-280463_1-291,0.23376623376623376,0.42857142857142855,0.3025210084033613,0.3025210084033613,hc_200,tmRNA
tmRNA_Acti.pleu._TRW-228399_1-366,0.3626373626373626,0.33,0.3664921465968586,0.3455497382198953,hc_200,tmRNA
tmRNA_Chla.muri._TRW-83560_1-421,0.425531914893617,0.32786885245901637,0.38360436622855876,0.37037037037037035,hc_200,tmRNA
tmRNA_Vibr.para._BA000031_1-368,0.4342105263157895,0.3333333333333333,0.3771428571428571,0.3771428571428571,hc_200,tmRNA
tmRNA_Dein.geot._CP000359_1-348,0.3253012048192771,0.27835051546391754,0.37777777777777777,0.30000000000000004,hc_200,tmRNA
tmRNA_Stre.agal._AE014233_1-350,0.2375,0.19387755102040816,0.2247191011235955,0.21348314606741572,hc_200,tmRNA
tmRNA_Cory.effi._BA000035_1-376,0.5306122448979592,0.5048543689320388,0.5174129353233832,0.5174129353233832,hc_200,tmRNA
tmRNA_Ther.teng._AE013063_1-351,0.4339622641509434,0.45098039215686275,0.4807618314736437,0.4423076923076923,hc_200,tmRNA
tmRNA_Anab.vari._CP000117_1-390,0.4166666666666667,0.36036036036036034,0.38647342995169087,0.38647342995169087,hc_200,tmRNA
tmRNA_Cyan.para._U30821_1-291,0.41333333333333333,0.7380952380952381,0.5299145299145299,0.5299145299145299,hc_200,tmRNA
tmRNA_Fran.spec._TRW-298653_1-375,0.2375,0.18811881188118812,0.23204419889502761,0.20994475138121546,hc_200,tmRNA
tmRNA_Shew.balt._TRW-325240_1-356,0.3950617283950617,0.32323232323232326,0.4716020368194282,0.35555555555555557,hc_200,tmRNA
tmRNA_Yers.inte._TRW-349965_1-381,0.3229166666666667,0.3163265306122449,0.31958762886597936,0.31958762886597936,hc_200,tmRNA
tmRNA_Prot.mira._TRW-584_1-367,0.3564356435643564,0.34615384615384615,0.35121951219512193,0.35121951219512193,hc_200,tmRNA
tmRNA_Myco.aviu._TRW-243243_1-368,0.3626373626373626,0.336734693877551,0.3492063492063492,0.3492063492063492,hc_200,tmRNA
tmRNA_Stre.ther._CP000024_1-350,0.4578313253012048,0.3917525773195876,0.42222222222222217,0.42222222222222217,hc_200,tmRNA
tmRNA_Lact.john._TRW-257314_1-367,0.26804123711340205,0.2653061224489796,0.29219143576826195,0.26666666666666666,hc_200,tmRNA
tmRNA_Spir.kunk._TRW-273035_1-424,0.3203125,0.37962962962962965,0.3474576271186441,0.3474576271186441,hc_200,tmRNA
tmRNA_Esch.coli._CP000243_1-363,0.45348837209302323,0.375,0.4210526315789474,0.41052631578947374,hc_200,tmRNA
tmRNA_Prev.inte._TRW-246198_1-400,0.26262626262626265,0.25,0.2561576354679803,0.2561576354679803,hc_200,tmRNA
tmRNA_Stre.pneu._TRW-216600_1-348,0.2631578947368421,0.20618556701030927,0.23121387283236994,0.23121387283236994,hc_200,tmRNA
tmRNA_Ther.ther._TRW-300852_1-349,0.449438202247191,0.38461538461538464,0.4145077720207254,0.4145077720207254,hc_200,tmRNA
tmRNA_Salm.ente._AE017220_1-363,0.3958333333333333,0.37254901960784315,0.393939393939394,0.38383838383838387,hc_200,tmRNA
tmRNA_Cyan.mero._TRW-45157_1-236,0.30612244897959184,0.8823529411764706,0.45454545454545453,0.45454545454545453,hc_200,tmRNA
tmRNA_uncu.bact._TRW-32033-1_1-354,0.34375,0.3235294117647059,0.3434343434343434,0.33333333333333337,hc_200,tmRNA
tmRNA_Yers.pest._CP000305_1-364,0.32954545454545453,0.2871287128712871,0.31746031746031744,0.30687830687830686,hc_200,tmRNA
tmRNA_Fuso.nucl._AE010567_1-341,0.30851063829787234,0.28431372549019607,0.29591836734693877,0.29591836734693877,hc_200,tmRNA
tmRNA_Esch.coli._D90888_1-363,0.45348837209302323,0.375,0.4210526315789474,0.41052631578947374,hc_200,tmRNA
tmRNA_Baci.cere._TRW-288681_1-355,0.36363636363636365,0.24489795918367346,0.34146341463414637,0.29268292682926833,hc_200,tmRNA
tmRNA_Thal.pseu._EF067921_1-344,0.16883116883116883,0.30952380952380953,0.2184873949579832,0.2184873949579832,hc_200,tmRNA
tmRNA_Ente.faec._BD193796_1-367,0.3177570093457944,0.3469387755102041,0.34146341463414637,0.3317073170731707,hc_200,tmRNA
tmRNA_Legi.pneu._CR628337_1-406,0.3465346534653465,0.3645833333333333,0.35532994923857864,0.35532994923857864,hc_200,tmRNA
tmRNA_Heli.pylo._AE001503_1-383,0.21621621621621623,0.23076923076923078,0.23696682464454974,0.22325581395348837,hc_200,tmRNA
tmRNA_Myco.micr._TRW-1806-1_1-368,0.1348314606741573,0.12371134020618557,0.12903225806451615,0.12903225806451615,hc_200,tmRNA
tmRNA_Deha.ethe._CP000027_1-352,0.29545454545454547,0.25,0.27083333333333337,0.27083333333333337,hc_200,tmRNA
tmRNA_Colw.psyc._CP000083_1-350,0.2597402597402597,0.2247191011235955,0.24096385542168672,0.24096385542168672,hc_200,tmRNA
tmRNA_Trep.dent._AE017226_1-351,0.3434343434343434,0.3148148148148148,0.3427172582619339,0.3285024154589372,hc_200,tmRNA
tmRNA_Myco.pneu._AE000035_1-384,0.3620689655172414,0.42857142857142855,0.40688172043010745,0.39252336448598135,hc_200,tmRNA
tmRNA_Chlo.aura._AY040836_1-361,0.53125,0.49038461538461536,0.51,0.51,hc_200,tmRNA
tmRNA_Myco.arth._TRW-243272_1-394,0.17757009345794392,0.1919191919191919,0.1844660194174757,0.1844660194174757,hc_200,tmRNA
tmRNA_Shew.spec._CP000444_1-355,0.4142857142857143,0.29591836734693877,0.4334526521314676,0.34523809523809523,hc_200,tmRNA
tmRNA_Mann.succ._AE016827_1-367,0.2702702702702703,0.19607843137254902,0.2272727272727273,0.2272727272727273,hc_200,tmRNA
tmRNA_Phot.asym._TRW-291112_1-364,0.27710843373493976,0.22330097087378642,0.24731182795698928,0.24731182795698928,hc_200,tmRNA
tmRNA_Pseu.ento._CT573326_1-392,0.2840909090909091,0.24271844660194175,0.29792698587415156,0.26178010471204194,hc_200,tmRNA
tmRNA_Ther.yell._TRW-289376_1-350,0.5368421052631579,0.49038461538461536,0.6224993925649955,0.5125628140703519,hc_200,tmRNA
tmRNA_Bloc.flor._BX248583_1-393,0.28431372549019607,0.2815533980582524,0.3024390243902439,0.28292682926829266,hc_200,tmRNA
tmRNA_Past.mult._AE006115_1-367,0.2159090909090909,0.18811881188118812,0.20105820105820107,0.20105820105820107,hc_200,tmRNA
tmRNA_Ther.fusc._CP000088_1-372,0.5504587155963303,0.5607476635514018,0.5879693765949691,0.5555555555555556,hc_200,tmRNA
tmRNA_Pola.spec._CP000316_1-387,0.5416666666666666,0.47706422018348627,0.5073170731707317,0.5073170731707317,hc_200,tmRNA
tmRNA_Myco.bovi._TRW-1765_1-368,0.1348314606741573,0.12371134020618557,0.12903225806451615,0.12903225806451615,hc_200,tmRNA
tmRNA_Burk.spec._CP000151_1-370,0.3333333333333333,0.2761904761904762,0.3125,0.3020833333333333,hc_200,tmRNA
tmRNA_List.ivan._AF440342_1-321,0.16216216216216217,0.13333333333333333,0.15853658536585363,0.14634146341463417,hc_200,tmRNA
tmRNA_Trep.pall._TRW-243276_1-354,0.5520833333333334,0.49074074074074076,0.5196078431372548,0.5196078431372548,hc_200,tmRNA
tmRNA_Carn.malt._AF275938_1-366,0.11650485436893204,0.17142857142857143,0.13872832369942195,0.13872832369942195,hc_200,tmRNA
tmRNA_uncu.bact._TRW-32045-4_1-369,0.37894736842105264,0.36363636363636365,0.38144329896907214,0.37113402061855677,hc_200,tmRNA
tmRNA_Lept.spec._TRW-261385_1-359,0.43902439024390244,0.33962264150943394,0.3829787234042553,0.3829787234042553,hc_200,tmRNA
tmRNA_Stre.aure._AY616521_1-382,0.3146067415730337,0.27450980392156865,0.2931937172774869,0.2931937172774869,hc_200,tmRNA
tmRNA_Rhod.balt._BX294141_1-380,0.32456140350877194,0.37373737373737376,0.3474178403755868,0.3474178403755868,hc_200,tmRNA
tmRNA_Leuc.mese._CP000414_1-358,0.4380952380952381,0.46938775510204084,0.4680983504512916,0.45320197044334976,hc_200,tmRNA
tmRNA_Thal.pseu._TRW-296543_1-344,0.16883116883116883,0.30952380952380953,0.2184873949579832,0.2184873949579832,hc_200,tmRNA
tmRNA_Syne.spec._TRW-32049_1-396,0.19148936170212766,0.18947368421052632,0.20624151967435544,0.1904761904761905,hc_200,tmRNA
tmRNA_Stap.epid._TRW-176280_1-361,0.4326923076923077,0.4411764705882353,0.4368932038834952,0.4368932038834952,hc_200,tmRNA
tmRNA_Myco.aviu._AE016958_1-368,0.375,0.336734693877551,0.3548387096774193,0.3548387096774193,hc_200,tmRNA
tmRNA_Shig.dyse._CP000034_1-363,0.3626373626373626,0.32038834951456313,0.35051546391752575,0.3402061855670103,hc_200,tmRNA
tmRNA_Esch.coli._BA000007_1-363,0.34782608695652173,0.3106796116504854,0.3384615384615385,0.32820512820512815,hc_200,tmRNA
tmRNA_Xant.axon._AE011783_1-397,0.28703703703703703,0.28440366972477066,0.30866574965612104,0.2857142857142857,hc_200,tmRNA
tmRNA_Urea.parv._AE002154_1-413,0.248,0.2719298245614035,0.26778242677824265,0.25941422594142266,hc_200,tmRNA
tmRNA_Laws.intr._AM180252_1-376,0.3673469387755102,0.32142857142857145,0.36628769154720714,0.34285714285714286,hc_200,tmRNA
tmRNA_Bdel.bact._BX842656_1-346,0.25773195876288657,0.25252525252525254,0.3212955465587045,0.2551020408163265,hc_200,tmRNA
tmRNA_Meso.viri._AF166114_1-359,0.34,0.41975308641975306,0.46498747197679025,0.37569060773480667,hc_200,tmRNA
tmRNA_Esch.coli._D12501_1-363,0.45348837209302323,0.375,0.4210526315789474,0.41052631578947374,hc_200,tmRNA
tmRNA_Stre.gord._TRW-29390_1-349,0.358695652173913,0.3333333333333333,0.3664921465968587,0.34554973821989526,hc_200,tmRNA
tmRNA_Trem.prin._AF481102_1-264,0.3787878787878788,0.43103448275862066,0.4032258064516129,0.4032258064516129,hc_200,tmRNA
tmRNA_Myco.capr._S67602_1-408,0.35714285714285715,0.42857142857142855,0.38961038961038963,0.38961038961038963,hc_200,tmRNA
tmRNA_Stap.epid._TRW-1282-1_1-361,0.42592592592592593,0.45544554455445546,0.44019138755980863,0.44019138755980863,hc_200,tmRNA
tmRNA_Prev.rumi._TRW-264731_1-401,0.13186813186813187,0.11320754716981132,0.1218274111675127,0.1218274111675127,hc_200,tmRNA
tmRNA_Neis.meni._TRW-122587_1-363,0.5148514851485149,0.47706422018348627,0.5047619047619047,0.49523809523809526,hc_200,tmRNA
tmRNA_Nitr.ocea._CP000127_1-361,0.3173076923076923,0.35106382978723405,0.3582598805800399,0.3333333333333333,hc_200,tmRNA
tmRNA_List.wels._AF440351_1-321,0.17105263157894737,0.14444444444444443,0.1686746987951807,0.15662650602409636,hc_200,tmRNA
tmRNA_Aqui.aeol._AE000749_1-344,0.5208333333333334,0.45454545454545453,0.5145631067961165,0.48543689320388356,hc_200,tmRNA
tmRNA_Neph.oliv._AF137379-2_1-327,0.3258426966292135,0.5471698113207547,0.5045117304992982,0.4084507042253522,hc_200,tmRNA
tmRNA_Burk.fung._TRW-266265_1-370,0.3564356435643564,0.34615384615384615,0.3657172584211211,0.35121951219512193,hc_200,tmRNA
tmRNA_Lact.delb._AF440335_1-316,0.36363636363636365,0.38095238095238093,0.3953488372093023,0.37209302325581395,hc_200,tmRNA
tmRNA_Stap.aure._TRW-1280_1-362,0.42727272727272725,0.46534653465346537,0.44549763033175355,0.44549763033175355,hc_200,tmRNA
tmRNA_Neis.lact._TRW-486_1-362,0.3958333333333333,0.35514018691588783,0.3743842364532019,0.3743842364532019,hc_200,tmRNA
tmRNA_Camp.jeju._CP000025_1-359,0.5058823529411764,0.4215686274509804,0.5026737967914439,0.45989304812834225,hc_200,tmRNA
tmRNA_Stre.pyog._AE010048_1-348,0.4811320754716981,0.5,0.5096153846153847,0.49038461538461536,hc_200,tmRNA
tmRNA_Bifi.long._TRW-205913_1-397,0.45794392523364486,0.47115384615384615,0.4928909952606635,0.4644549763033175,hc_200,tmRNA
tmRNA_List.gray._AF440336_1-321,0.23376623376623376,0.22784810126582278,0.25641025641025644,0.23076923076923075,hc_200,tmRNA
tmRNA_Stre.sobr._TRW-246202_1-349,0.2235294117647059,0.19,0.2054054054054054,0.2054054054054054,hc_200,tmRNA
tmRNA_Clos.acet._AE007587_1-356,0.1927710843373494,0.16161616161616163,0.17582417582417584,0.17582417582417584,hc_200,tmRNA
tmRNA_Jako.libe._TRW-143017_1-102,1.0,0.9032258064516129,0.9491525423728813,0.9491525423728813,hc_200,tmRNA
tmRNA_Lact.sake._AF400065_1-370,0.2765957446808511,0.25742574257425743,0.26666666666666666,0.26666666666666666,hc_200,tmRNA
tmRNA_Idio.loih._AE017340_1-359,0.3333333333333333,0.3076923076923077,0.42720219078046556,0.32,hc_200,tmRNA
tmRNA_Chla.pneu._TRW-83558_1-426,0.375,0.3442622950819672,0.36752136752136755,0.35897435897435903,hc_200,tmRNA
tmRNA_Aero.hydr._AY442269_1-360,0.32978723404255317,0.33695652173913043,0.33333333333333337,0.33333333333333337,hc_200,tmRNA
tmRNA_Pseu.fluo._CP000076_1-394,0.375,0.34615384615384615,0.41000000000000003,0.35999999999999993,hc_200,tmRNA
tmRNA_envi.sequ._TRW-2-2_1-356,0.358695652173913,0.32038834951456313,0.35897435897435903,0.3384615384615385,hc_200,tmRNA
tmRNA_Nitr.mult._CP000103_1-362,0.5662650602409639,0.44339622641509435,0.4973544973544973,0.4973544973544973,hc_200,tmRNA
tmRNA_Esch.coli._TRW-331111_1-363,0.48863636363636365,0.41346153846153844,0.4583333333333333,0.4479166666666667,hc_200,tmRNA
tmRNA_Myco.afri._TRW-33894_1-368,0.1348314606741573,0.12371134020618557,0.12903225806451615,0.12903225806451615,hc_200,tmRNA
tmRNA_Pseu.syri._AE016853_1-388,0.2716049382716049,0.21153846153846154,0.2702702702702703,0.23783783783783782,hc_200,tmRNA
tmRNA_Chlo.chlo._CP000108_1-401,0.375,0.3813559322033898,0.39915074309978776,0.3781512605042017,hc_200,tmRNA
tmRNA_Stap.epid._AF375586_1-311,0.3780487804878049,0.38271604938271603,0.3803680981595092,0.3803680981595092,hc_200,tmRNA
tmRNA_Pseu.atla._CP000388_1-357,0.26744186046511625,0.25842696629213485,0.34228060156101275,0.26285714285714284,hc_200,tmRNA
tmRNA_Haem.somn._CP000436_1-367,0.3010752688172043,0.2857142857142857,0.2931937172774869,0.2931937172774869,hc_200,tmRNA
tmRNA_Esch.coli._AE005491_1-363,0.34782608695652173,0.3106796116504854,0.3384615384615385,0.32820512820512815,hc_200,tmRNA
tmRNA_Thio.deni._CP000116_1-367,0.33695652173913043,0.31313131313131315,0.34554973821989526,0.32460732984293195,hc_200,tmRNA
tmRNA_Burk.pseu._TRW-28450_1-370,0.4731182795698925,0.41509433962264153,0.45226130653266333,0.44221105527638194,hc_200,tmRNA
tmRNA_Myco.capr._D13067_1-411,0.3492063492063492,0.41904761904761906,0.38095238095238093,0.38095238095238093,hc_200,tmRNA
tmRNA_Thio.crun._CP000109_1-358,0.3469387755102041,0.3541666666666667,0.3505154639175258,0.3505154639175258,hc_200,tmRNA
tmRNA_Salm.ente._AE014613_1-363,0.4,0.37254901960784315,0.39593908629441626,0.38578680203045684,hc_200,tmRNA
tmRNA_Heli.hepa._AE017125_1-369,0.3780487804878049,0.30097087378640774,0.3675675675675676,0.3351351351351351,hc_200,tmRNA
tmRNA_Esch.coli._U36840_1-363,0.45348837209302323,0.375,0.4210526315789474,0.41052631578947374,hc_200,tmRNA
tmRNA_Sali.rube._CP000159_1-369,0.22,0.1981981981981982,0.20853080568720378,0.20853080568720378,hc_200,tmRNA
tmRNA_Stre.pyog._TRW-1314-1_1-348,0.4807692307692308,0.49019607843137253,0.5048543689320388,0.4854368932038835,hc_200,tmRNA
tmRNA_Geob.kaus._BA000043_1-352,0.46987951807228917,0.40625,0.5017352503718394,0.43575418994413406,hc_200,tmRNA
tmRNA_Stre.coll._AY485228_1-386,0.449438202247191,0.4166666666666667,0.45919145690312735,0.43243243243243246,hc_200,tmRNA
tmRNA_Porp.purp._TRW-2787_1-323,0.4470588235294118,0.6909090909090909,0.557142857142857,0.5428571428571429,hc_200,tmRNA
tmRNA_Odon.sine._TRW-2839_1-371,0.4625,0.8043478260869565,0.5873015873015873,0.5873015873015873,hc_200,tmRNA
tmRNA_Haem.infl._TRW-262727_1-366,0.2875,0.23,0.2555555555555556,0.2555555555555556,hc_200,tmRNA
tmRNA_Paen.larv._TRW-1464_1-367,0.22448979591836735,0.21782178217821782,0.2311557788944724,0.22110552763819094,hc_200,tmRNA
tmRNA_Oeno.oeni._TRW-203123_1-350,0.3055555555555556,0.25287356321839083,0.2893081761006289,0.2767295597484277,hc_200,tmRNA
tmRNA_Esch.coli._AP009048_1-363,0.45348837209302323,0.375,0.4210526315789474,0.41052631578947374,hc_200,tmRNA
tmRNA_Rubr.xyla._TRW-266117_1-360,0.2948717948717949,0.23232323232323232,0.3825136612021858,0.2598870056497175,hc_200,tmRNA
tmRNA_Chla.trac._TRW-813-2_1-420,0.33636363636363636,0.30578512396694213,0.329004329004329,0.3203463203463204,hc_200,tmRNA
tmRNA_Neph.oliv._AF137379-1_1-327,0.3258426966292135,0.5471698113207547,0.5045117304992982,0.4084507042253522,hc_200,tmRNA
tmRNA_Tann.fors._TRW-203275_1-400,0.2962962962962963,0.2782608695652174,0.2869955156950673,0.2869955156950673,hc_200,tmRNA
tmRNA_Baci.anth._AE016879_1-355,0.34782608695652173,0.24489795918367346,0.32335329341317365,0.2874251497005988,hc_200,tmRNA
tmRNA_Xant.oryz._AE013598_1-397,0.3177570093457944,0.3119266055045872,0.3515225334957369,0.3148148148148148,hc_200,tmRNA
tmRNA_Spir.citr._AM285321_1-424,0.29508196721311475,0.3333333333333333,0.326293803666744,0.31304347826086953,hc_200,tmRNA
tmRNA_Moor.ther._CP000232_1-358,0.4020618556701031,0.375,0.45250847087113344,0.3880597014925374,hc_200,tmRNA
tmRNA_Sten.malt._TRW-40324_1-354,0.3111111111111111,0.27722772277227725,0.29319371727748694,0.29319371727748694,hc_200,tmRNA
tmRNA_Stap.aure._BA000017_1-362,0.4351851851851852,0.47,0.4519230769230769,0.4519230769230769,hc_200,tmRNA
tmRNA_Bloc.penn._CP000016_1-392,0.27,0.25471698113207547,0.2621359223300971,0.2621359223300971,hc_200,tmRNA
tmRNA_Clos.perf._CP000312_1-361,0.494949494949495,0.5,0.5427974947807934,0.49746192893401014,hc_200,tmRNA
tmRNA_Syne.elon._TRW-32046_1-394,0.19791666666666666,0.18811881188118812,0.21802737140160453,0.1928934010152284,hc_200,tmRNA
tmRNA_Stre.pyog._TRW-1314-2_1-350,0.2375,0.19387755102040816,0.2247191011235955,0.21348314606741572,hc_200,tmRNA
tmRNA_Yers.berc._TRW-349968_1-381,0.28431372549019607,0.29292929292929293,0.2885572139303483,0.2885572139303483,hc_200,tmRNA
tmRNA_Shig.sonn._CP000038_1-363,0.45348837209302323,0.375,0.4210526315789474,0.41052631578947374,hc_200,tmRNA
tmRNA_Erwi.caro._BX950851_1-363,0.27058823529411763,0.23,0.24864864864864863,0.24864864864864863,hc_200,tmRNA
tmRNA_Mora.cata._AX067460_1-359,0.3020833333333333,0.30851063829787234,0.32091097308488614,0.30526315789473685,hc_200,tmRNA
tmRNA_Azoa.spec._TRW-62928_1-378,0.45977011494252873,0.36363636363636365,0.4263959390862944,0.40609137055837563,hc_200,tmRNA
tmRNA_Acid.ferr._TRW-920_1-341,0.32989690721649484,0.3333333333333333,0.36782951393957086,0.3316062176165803,hc_200,tmRNA
tmRNA_Baci.lich._CP000002_1-356,0.21176470588235294,0.20689655172413793,0.2963300661043994,0.20930232558139536,hc_200,tmRNA
tmRNA_Burk.mall._CP000010_1-370,0.4731182795698925,0.41509433962264153,0.45226130653266333,0.44221105527638194,hc_200,tmRNA
tmRNA_envi.sequ._TRW-351057-3_1-355,0.2839506172839506,0.25,0.28348688873139616,0.26589595375722547,hc_200,tmRNA
tmRNA_Fuso.nucl._TRW-209882_1-344,0.5061728395061729,0.4019607843137255,0.4480874316939891,0.4480874316939891,hc_200,tmRNA
tmRNA_Rubr.gela._TRW-279263_1-372,0.37142857142857144,0.3939393939393939,0.4118196683017986,0.3823529411764706,hc_200,tmRNA
tmRNA_Lept.spec._TRW-261386_1-359,0.3333333333333333,0.3018867924528302,0.31683168316831684,0.31683168316831684,hc_200,tmRNA
tmRNA_Coxi.burn._AE016828_1-360,0.43617021276595747,0.39805825242718446,0.5279187817258885,0.416243654822335,hc_200,tmRNA
tmRNA_Guil.thet._TRW-55529_1-330,0.18181818181818182,0.3157894736842105,0.23076923076923078,0.23076923076923078,hc_200,tmRNA
tmRNA_Clos.botu._TRW-36826_1-355,0.3888888888888889,0.36082474226804123,0.4640883977900553,0.37433155080213903,hc_200,tmRNA
tmRNA_Xyle.fast._AE004078_1-355,0.33766233766233766,0.26,0.32120253164556967,0.2937853107344633,hc_200,tmRNA
tmRNA_Nost.punc._TRW-63737_1-390,0.4791666666666667,0.42592592592592593,0.4509803921568628,0.4509803921568628,hc_200,tmRNA
tmRNA_Alka.meta._TRW-293826_1-355,0.5368421052631579,0.5257731958762887,0.5312500000000001,0.5312500000000001,hc_200,tmRNA
tmRNA_Baci.halo._BA000004_1-361,0.38144329896907214,0.3894736842105263,0.40102827763496146,0.38541666666666663,hc_200,tmRNA
tmRNA_Myco.mobi._TRW-267748_1-376,0.2616822429906542,0.2916666666666667,0.27586206896551724,0.27586206896551724,hc_200,tmRNA
tmRNA_List.seel._AF440350_1-321,0.21621621621621623,0.1797752808988764,0.22085889570552147,0.19631901840490798,hc_200,tmRNA
tmRNA_Croc.wats._TRW-165597_1-386,0.22916666666666666,0.21359223300970873,0.23115577889447236,0.22110552763819094,hc_200,tmRNA
