run_name,arc_features,arc_skip,arc_num_conv,arc_latent_volume,arc_num_params,arc_encoder_blocks,swaps,train_loss,valid_loss,test_loss,valid_F1,train_F1,test_F1,train_Accuracy,valid_Accuracy,test_Accuracy,train_Accuracy_seq,valid_Accuracy_seq,test_Accuracy_seq
n4-3-n8-1-skip1-1.0,"[4, 4, 4, 4, 8]",1,2,64.0,1556,4,1.0,,,0.2424478828907013,,,0.25222624276733535,,,0.25222624276733535,,,0.0
n4-3-n8-1-skip1-0.96875,"[4, 4, 4, 4, 8]",1,2,64.0,1556,4,0.96875,,,0.23986831679940224,,,0.25985379727949504,,,0.25985379727949504,,,0.0
n4-3-n8-1-skip1-0.9375,"[4, 4, 4, 4, 8]",1,2,64.0,1556,4,0.9375,,,0.23223617672920227,,,0.2838355103106059,,,0.2838355103106059,,,0.0
n4-3-n8-1-skip1-0.90625,"[4, 4, 4, 4, 8]",1,2,64.0,1556,4,0.90625,,,0.22653252631425858,,,0.3019506494801364,,,0.3019506494801364,,,0.0
n4-3-n8-1-skip1-0.875,"[4, 4, 4, 4, 8]",1,2,64.0,1556,4,0.875,,,0.21917838230729103,,,0.32689490047056924,,,0.32689490047056924,,,0.0
n4-3-n8-1-skip1-0.84375,"[4, 4, 4, 4, 8]",1,2,64.0,1556,4,0.84375,,,0.21341204270720482,,,0.34448934025754385,,,0.34448934025754385,,,0.0
n4-3-n8-1-skip1-0.8125,"[4, 4, 4, 4, 8]",1,2,64.0,1556,4,0.8125,,,0.2071984000504017,,,0.3639743236233807,,,0.3639743236233807,,,0.0
n4-3-n8-1-skip1-0.78125,"[4, 4, 4, 4, 8]",1,2,64.0,1556,4,0.78125,,,0.20248166471719742,,,0.38295514312771095,,,0.38295514312771095,,,0.0
n4-3-n8-1-skip1-0.75,"[4, 4, 4, 4, 8]",1,2,64.0,1556,4,0.75,,,0.19747311249375343,,,0.3984744855795819,,,0.3984744855795819,,,0.0
n4-3-n8-1-skip1-0.71875,"[4, 4, 4, 4, 8]",1,2,64.0,1556,4,0.71875,,,0.19077247381210327,,,0.4184683909191243,,,0.4184683909191243,,,0.0
n4-3-n8-1-skip1-0.6875,"[4, 4, 4, 4, 8]",1,2,64.0,1556,4,0.6875,,,0.18529298529028893,,,0.4370745183280118,,,0.4370745183280118,,,0.0
n4-3-n8-1-skip1-0.65625,"[4, 4, 4, 4, 8]",1,2,64.0,1556,4,0.65625,,,0.18007436767220497,,,0.45901845167370375,,,0.45901845167370375,,,0.0
n4-3-n8-1-skip1-0.625,"[4, 4, 4, 4, 8]",1,2,64.0,1556,4,0.625,,,0.17301683127880096,,,0.4770252636319827,,,0.4770252636319827,,,0.0
n4-3-n8-1-skip1-0.59375,"[4, 4, 4, 4, 8]",1,2,64.0,1556,4,0.59375,,,0.16711480170488358,,,0.4947443616250287,,,0.4947443616250287,,,0.0
n4-3-n8-1-skip1-0.5625,"[4, 4, 4, 4, 8]",1,2,64.0,1556,4,0.5625,,,0.16174589097499847,,,0.5150207592342645,,,0.5150207592342645,,,0.0
n4-3-n8-1-skip1-0.53125,"[4, 4, 4, 4, 8]",1,2,64.0,1556,4,0.53125,,,0.15640733763575554,,,0.5318458737010044,,,0.5318458737010044,,,0.0
n4-3-n8-1-skip1-0.5,"[4, 4, 4, 4, 8]",1,2,64.0,1556,4,0.5,,,0.14992118254303932,,,0.5514746320753633,,,0.5514746320753633,,,0.0
n4-3-n8-1-skip1-0.46875,"[4, 4, 4, 4, 8]",1,2,64.0,1556,4,0.46875,,,0.14378604292869568,,,0.5711825887380516,,,0.5711825887380516,,,0.0
n4-3-n8-1-skip1-0.4375,"[4, 4, 4, 4, 8]",1,2,64.0,1556,4,0.4375,,,0.13806620240211487,,,0.5908052087435811,,,0.5908052087435811,,,0.0
n4-3-n8-1-skip1-0.40625,"[4, 4, 4, 4, 8]",1,2,64.0,1556,4,0.40625,,,0.13218802213668823,,,0.608581310358367,,,0.608581310358367,,,0.0
n4-3-n8-1-skip1-0.375,"[4, 4, 4, 4, 8]",1,2,64.0,1556,4,0.375,,,0.1272527240216732,,,0.6251382328627327,,,0.6251382328627327,,,0.0
n4-3-n8-1-skip1-0.34375,"[4, 4, 4, 4, 8]",1,2,64.0,1556,4,0.34375,,,0.12090294994413853,,,0.6488664347578315,,,0.6488664347578315,,,0.0
n4-3-n8-1-skip1-0.3125,"[4, 4, 4, 4, 8]",1,2,64.0,1556,4,0.3125,,,0.11466193199157715,,,0.6651778185390994,,,0.6651778185390994,,,0.0
n4-3-n8-1-skip1-0.28125,"[4, 4, 4, 4, 8]",1,2,64.0,1556,4,0.28125,,,0.10893665812909603,,,0.6861482232370715,,,0.6861482232370715,,,0.0
n4-3-n8-1-skip1-0.25,"[4, 4, 4, 4, 8]",1,2,64.0,1556,4,0.25,,,0.10460938140749931,,,0.7039961047913021,,,0.7039961047913021,,,0.0
n4-3-n8-1-skip1-0.21875,"[4, 4, 4, 4, 8]",1,2,64.0,1556,4,0.21875,,,0.09813314117491245,,,0.7202528304992495,,,0.7202528304992495,,,0.0
n4-3-n8-1-skip1-0.1875,"[4, 4, 4, 4, 8]",1,2,64.0,1556,4,0.1875,,,0.09214519336819649,,,0.7431606186305885,,,0.7431606186305885,,,0.0
n4-3-n8-1-skip1-0.15625,"[4, 4, 4, 4, 8]",1,2,64.0,1556,4,0.15625,,,0.08634494803845882,,,0.7592393092498801,,,0.7592393092498803,,,0.0
n4-3-n8-1-skip1-0.125,"[4, 4, 4, 4, 8]",1,2,64.0,1556,4,0.125,,,0.0801325011998415,,,0.7806681127636931,,,0.7806681127636931,,,0.0
n4-3-n8-1-skip1-0.09375,"[4, 4, 4, 4, 8]",1,2,64.0,1556,4,0.09375,,,0.07467824593186378,,,0.8018607272886373,,,0.8018607272886372,,,0.0
n4-3-n8-1-skip1-0.0625,"[4, 4, 4, 4, 8]",1,2,64.0,1556,4,0.0625,,,0.06819599121809006,,,0.822817568733004,,,0.822817568733004,,,0.0
n4-3-n8-1-skip1-0.03125,"[4, 4, 4, 4, 8]",1,2,64.0,1556,4,0.03125,,,0.06277596019208431,,,0.8393834012521453,,,0.8393834012521453,,,0.0
n4-3-n8-1-skip1-0.0,"[4, 4, 4, 4, 8]",1,2,64.0,1556,4,0.0,,,0.05664736498147249,,,0.8604415474507283,,,0.8604415474507283,,,0.0
n4-3-n8-1-skip1,"[4, 4, 4, 4, 8]",1,2,64.0,1556,4,1.0,0.05512722978989283,0.05308797117322683,,0.8717830594981897,0.8676095969442122,,0.8676095969442122,0.8717830594981897,,0.0,0.0,
n4-3-n8-1-skip0-1.0,"[4, 4, 4, 4, 8]",0,2,64.0,1364,4,1.0,,,0.15242302417755127,,,0.27865199781982947,,,0.27865199781982947,,,0.0
n4-3-n8-1-skip0-0.96875,"[4, 4, 4, 4, 8]",0,2,64.0,1364,4,0.96875,,,0.15253212302923203,,,0.2799379299202841,,,0.2799379299202841,,,0.0
n4-3-n8-1-skip0-0.9375,"[4, 4, 4, 4, 8]",0,2,64.0,1364,4,0.9375,,,0.15246351808309555,,,0.27934934877422557,,,0.27934934877422557,,,0.0
n4-3-n8-1-skip0-0.90625,"[4, 4, 4, 4, 8]",0,2,64.0,1364,4,0.90625,,,0.152395810931921,,,0.28143012745189294,,,0.28143012745189294,,,0.0
n4-3-n8-1-skip0-0.875,"[4, 4, 4, 4, 8]",0,2,64.0,1364,4,0.875,,,0.15240223705768585,,,0.2792976583716867,,,0.2792976583716867,,,0.0
n4-3-n8-1-skip0-0.84375,"[4, 4, 4, 4, 8]",0,2,64.0,1364,4,0.84375,,,0.15243378654122353,,,0.27923783024551296,,,0.27923783024551296,,,0.0
n4-3-n8-1-skip0-0.8125,"[4, 4, 4, 4, 8]",0,2,64.0,1364,4,0.8125,,,0.15252983942627907,,,0.27965256644078795,,,0.27965256644078795,,,0.0
n4-3-n8-1-skip0-0.78125,"[4, 4, 4, 4, 8]",0,2,64.0,1364,4,0.78125,,,0.15234168618917465,,,0.28040774465711404,,,0.28040774465711404,,,0.0
n4-3-n8-1-skip0-0.75,"[4, 4, 4, 4, 8]",0,2,64.0,1364,4,0.75,,,0.15245339646935463,,,0.27974330708098516,,,0.27974330708098516,,,0.0
n4-3-n8-1-skip0-0.71875,"[4, 4, 4, 4, 8]",0,2,64.0,1364,4,0.71875,,,0.15241587907075882,,,0.2787001110712604,,,0.2787001110712604,,,0.0
n4-3-n8-1-skip0-0.6875,"[4, 4, 4, 4, 8]",0,2,64.0,1364,4,0.6875,,,0.15238447859883308,,,0.2791068645074004,,,0.2791068645074004,,,0.0
n4-3-n8-1-skip0-0.65625,"[4, 4, 4, 4, 8]",0,2,64.0,1364,4,0.65625,,,0.1524527333676815,,,0.2804173477248182,,,0.2804173477248182,,,0.0
n4-3-n8-1-skip0-0.625,"[4, 4, 4, 4, 8]",0,2,64.0,1364,4,0.625,,,0.15237072110176086,,,0.28006875024352973,,,0.28006875024352973,,,0.0
n4-3-n8-1-skip0-0.59375,"[4, 4, 4, 4, 8]",0,2,64.0,1364,4,0.59375,,,0.15220589935779572,,,0.28162605371025795,,,0.28162605371025795,,,0.0
n4-3-n8-1-skip0-0.5625,"[4, 4, 4, 4, 8]",0,2,64.0,1364,4,0.5625,,,0.15239214897155762,,,0.2803823378493686,,,0.2803823378493686,,,0.0
n4-3-n8-1-skip0-0.53125,"[4, 4, 4, 4, 8]",0,2,64.0,1364,4,0.53125,,,0.1524147093296051,,,0.2812577621015296,,,0.2812577621015296,,,0.0
n4-3-n8-1-skip0-0.5,"[4, 4, 4, 4, 8]",0,2,64.0,1364,4,0.5,,,0.1523919701576233,,,0.28061732980202286,,,0.28061732980202286,,,0.0
n4-3-n8-1-skip0-0.46875,"[4, 4, 4, 4, 8]",0,2,64.0,1364,4,0.46875,,,0.15236712992191315,,,0.2810981917075859,,,0.2810981917075859,,,0.0
n4-3-n8-1-skip0-0.4375,"[4, 4, 4, 4, 8]",0,2,64.0,1364,4,0.4375,,,0.15247558802366257,,,0.28193644346801117,,,0.28193644346801117,,,0.0
n4-3-n8-1-skip0-0.40625,"[4, 4, 4, 4, 8]",0,2,64.0,1364,4,0.40625,,,0.15240107849240303,,,0.2815847792971529,,,0.2815847792971529,,,0.0
n4-3-n8-1-skip0-0.375,"[4, 4, 4, 4, 8]",0,2,64.0,1364,4,0.375,,,0.15228677913546562,,,0.28178080369376124,,,0.28178080369376124,,,0.0
n4-3-n8-1-skip0-0.34375,"[4, 4, 4, 4, 8]",0,2,64.0,1364,4,0.34375,,,0.15242280438542366,,,0.28157098095511246,,,0.28157098095511246,,,0.0
n4-3-n8-1-skip0-0.3125,"[4, 4, 4, 4, 8]",0,2,64.0,1364,4,0.3125,,,0.1522936150431633,,,0.281712373458758,,,0.281712373458758,,,0.0
n4-3-n8-1-skip0-0.28125,"[4, 4, 4, 4, 8]",0,2,64.0,1364,4,0.28125,,,0.1524549387395382,,,0.28170194318678715,,,0.28170194318678715,,,0.0
n4-3-n8-1-skip0-0.25,"[4, 4, 4, 4, 8]",0,2,64.0,1364,4,0.25,,,0.1523156724870205,,,0.2823652851984221,,,0.2823652851984221,,,0.0
n4-3-n8-1-skip0-0.21875,"[4, 4, 4, 4, 8]",0,2,64.0,1364,4,0.21875,,,0.1523364931344986,,,0.2817992332350034,,,0.2817992332350034,,,0.0
n4-3-n8-1-skip0-0.1875,"[4, 4, 4, 4, 8]",0,2,64.0,1364,4,0.1875,,,0.15239257365465164,,,0.28220086833426866,,,0.28220086833426866,,,0.0
n4-3-n8-1-skip0-0.15625,"[4, 4, 4, 4, 8]",0,2,64.0,1364,4,0.15625,,,0.15227969363331795,,,0.28301274312074726,,,0.28301274312074726,,,0.0
n4-3-n8-1-skip0-0.125,"[4, 4, 4, 4, 8]",0,2,64.0,1364,4,0.125,,,0.15231172367930412,,,0.28284211255437197,,,0.28284211255437197,,,0.0
n4-3-n8-1-skip0-0.09375,"[4, 4, 4, 4, 8]",0,2,64.0,1364,4,0.09375,,,0.15213999897241592,,,0.2832954996153366,,,0.2832954996153366,,,0.0
n4-3-n8-1-skip0-0.0625,"[4, 4, 4, 4, 8]",0,2,64.0,1364,4,0.0625,,,0.15232117101550102,,,0.2835439151669524,,,0.2835439151669524,,,0.0
n4-3-n8-1-skip0-0.03125,"[4, 4, 4, 4, 8]",0,2,64.0,1364,4,0.03125,,,0.1523209549486637,,,0.2840971827509037,,,0.2840971827509037,,,0.0
n4-3-n8-1-skip0-0.0,"[4, 4, 4, 4, 8]",0,2,64.0,1364,4,0.0,,,0.15233834087848663,,,0.28418458152757514,,,0.28418458152757514,,,0.0
n4-3-n8-1-skip0,"[4, 4, 4, 4, 8]",0,2,64.0,1364,4,1.0,0.154123821357886,0.14752567559480667,,0.3034529835090639,0.3097734554842933,,0.3097734554842933,0.3034529835090639,,0.0,0.0,
n4-3-n8-0-skip1-1.0,"[4, 4, 4, 4]",1,2,64.0,1004,3,1.0,,,0.2955211102962494,,,0.25281175634327935,,,0.25281175634327935,,,0.0
n4-3-n8-0-skip1-0.96875,"[4, 4, 4, 4]",1,2,64.0,1004,3,0.96875,,,0.28798777610063553,,,0.27180573960339116,,,0.27180573960339116,,,0.0
n4-3-n8-0-skip1-0.9375,"[4, 4, 4, 4]",1,2,64.0,1004,3,0.9375,,,0.2797493562102318,,,0.29277867915542355,,,0.29277867915542355,,,0.0
n4-3-n8-0-skip1-0.90625,"[4, 4, 4, 4]",1,2,64.0,1004,3,0.90625,,,0.2688514143228531,,,0.32016761962607565,,,0.32016761962607565,,,0.0
n4-3-n8-0-skip1-0.875,"[4, 4, 4, 4]",1,2,64.0,1004,3,0.875,,,0.2606422007083893,,,0.34110195426817347,,,0.34110195426817347,,,0.0
n4-3-n8-0-skip1-0.84375,"[4, 4, 4, 4]",1,2,64.0,1004,3,0.84375,,,0.2482890523970127,,,0.3724724481027618,,,0.3724724481027618,,,0.0
n4-3-n8-0-skip1-0.8125,"[4, 4, 4, 4]",1,2,64.0,1004,3,0.8125,,,0.24376940727233887,,,0.3840125863556677,,,0.3840125863556677,,,0.0
n4-3-n8-0-skip1-0.78125,"[4, 4, 4, 4]",1,2,64.0,1004,3,0.78125,,,0.2299194000661373,,,0.41853481635896606,,,0.4185348163589661,,,0.0
n4-3-n8-0-skip1-0.75,"[4, 4, 4, 4]",1,2,64.0,1004,3,0.75,,,0.22395281121134758,,,0.4339513043745945,,,0.4339513043745945,,,0.0
n4-3-n8-0-skip1-0.71875,"[4, 4, 4, 4]",1,2,64.0,1004,3,0.71875,,,0.21470282226800919,,,0.4583192759158296,,,0.4583192759158296,,,0.0
n4-3-n8-0-skip1-0.6875,"[4, 4, 4, 4]",1,2,64.0,1004,3,0.6875,,,0.20510997995734215,,,0.4818023019697201,,,0.4818023019697201,,,0.0
n4-3-n8-0-skip1-0.65625,"[4, 4, 4, 4]",1,2,64.0,1004,3,0.65625,,,0.1951017864048481,,,0.5078715993235909,,,0.5078715993235909,,,0.0
n4-3-n8-0-skip1-0.625,"[4, 4, 4, 4]",1,2,64.0,1004,3,0.625,,,0.1863425113260746,,,0.5295585234525928,,,0.5295585234525928,,,0.0
n4-3-n8-0-skip1-0.59375,"[4, 4, 4, 4]",1,2,64.0,1004,3,0.59375,,,0.17748993635177612,,,0.5516538726439885,,,0.5516538726439885,,,0.0
n4-3-n8-0-skip1-0.5625,"[4, 4, 4, 4]",1,2,64.0,1004,3,0.5625,,,0.1685594767332077,,,0.5744619676605921,,,0.5744619676605921,,,0.0
n4-3-n8-0-skip1-0.53125,"[4, 4, 4, 4]",1,2,64.0,1004,3,0.53125,,,0.15877991169691086,,,0.599526228544919,,,0.599526228544919,,,0.0
n4-3-n8-0-skip1-0.5,"[4, 4, 4, 4]",1,2,64.0,1004,3,0.5,,,0.15055323764681816,,,0.6205592162532233,,,0.6205592162532233,,,0.0
n4-3-n8-0-skip1-0.46875,"[4, 4, 4, 4]",1,2,64.0,1004,3,0.46875,,,0.1410244256258011,,,0.6447378356044551,,,0.6447378356044551,,,0.0
n4-3-n8-0-skip1-0.4375,"[4, 4, 4, 4]",1,2,64.0,1004,3,0.4375,,,0.1316705420613289,,,0.6687214257262768,,,0.6687214257262768,,,0.0
n4-3-n8-0-skip1-0.40625,"[4, 4, 4, 4]",1,2,64.0,1004,3,0.40625,,,0.122081708163023,,,0.6923109720346866,,,0.6923109720346866,,,0.0
n4-3-n8-0-skip1-0.375,"[4, 4, 4, 4]",1,2,64.0,1004,3,0.375,,,0.11398864723742008,,,0.7129255362505327,,,0.7129255362505327,,,0.0
n4-3-n8-0-skip1-0.34375,"[4, 4, 4, 4]",1,2,64.0,1004,3,0.34375,,,0.10514277592301369,,,0.7355317312117138,,,0.7355317312117139,,,0.0
n4-3-n8-0-skip1-0.3125,"[4, 4, 4, 4]",1,2,64.0,1004,3,0.3125,,,0.09350895695388317,,,0.7650960761201021,,,0.7650960761201021,,,0.0
n4-3-n8-0-skip1-0.28125,"[4, 4, 4, 4]",1,2,64.0,1004,3,0.28125,,,0.08463641069829464,,,0.787495341649704,,,0.7874953416497039,,,0.0
n4-3-n8-0-skip1-0.25,"[4, 4, 4, 4]",1,2,64.0,1004,3,0.25,,,0.07676535658538342,,,0.8072532315820249,,,0.8072532315820249,,,0.0
n4-3-n8-0-skip1-0.21875,"[4, 4, 4, 4]",1,2,64.0,1004,3,0.21875,,,0.0670661423355341,,,0.8319000003386792,,,0.8319000003386792,,,0.0
n4-3-n8-0-skip1-0.1875,"[4, 4, 4, 4]",1,2,64.0,1004,3,0.1875,,,0.05708074662834406,,,0.8572179723725425,,,0.8572179723725424,,,0.0
n4-3-n8-0-skip1-0.15625,"[4, 4, 4, 4]",1,2,64.0,1004,3,0.15625,,,0.04940516781061888,,,0.876861799204763,,,0.876861799204763,,,0.0
n4-3-n8-0-skip1-0.125,"[4, 4, 4, 4]",1,2,64.0,1004,3,0.125,,,0.039439975284039974,,,0.9016500329470973,,,0.9016500329470973,,,0.0
n4-3-n8-0-skip1-0.09375,"[4, 4, 4, 4]",1,2,64.0,1004,3,0.09375,,,0.029006648808717728,,,0.9282374158534359,,,0.9282374158534359,,,0.0
n4-3-n8-0-skip1-0.0625,"[4, 4, 4, 4]",1,2,64.0,1004,3,0.0625,,,0.020429156254976988,,,0.9499252922128895,,,0.9499252922128895,,,0.0
n4-3-n8-0-skip1-0.03125,"[4, 4, 4, 4]",1,2,64.0,1004,3,0.03125,,,0.01207161950878799,,,0.9711242776583409,,,0.9711242776583409,,,0.0
n4-3-n8-0-skip1-0.0,"[4, 4, 4, 4]",1,2,64.0,1004,3,0.0,,,0.0024607008090242743,,,0.99546722382805,,,0.99546722382805,,,0.0
n4-3-n8-0-skip1,"[4, 4, 4, 4]",1,2,64.0,1004,3,1.0,0.003078968271923562,0.0023278895241674036,,0.9960414087931582,0.9945701711211413,,0.9945701711211413,0.9960414087931582,,0.0,0.0,
n4-3-n8-0-skip0-1.0,"[4, 4, 4, 4]",0,2,64.0,860,3,1.0,,,0.15255868434906006,,,0.2595259787402274,,,0.2595259787402274,,,0.0
n4-3-n8-0-skip0-0.96875,"[4, 4, 4, 4]",0,2,64.0,860,3,0.96875,,,0.15259911864995956,,,0.2611834496811306,,,0.2611834496811306,,,0.0
n4-3-n8-0-skip0-0.9375,"[4, 4, 4, 4]",0,2,64.0,860,3,0.9375,,,0.15260601788759232,,,0.2625727764970923,,,0.2625727764970923,,,0.0
n4-3-n8-0-skip0-0.90625,"[4, 4, 4, 4]",0,2,64.0,860,3,0.90625,,,0.15260666981339455,,,0.26373935941770654,,,0.26373935941770654,,,0.0
n4-3-n8-0-skip0-0.875,"[4, 4, 4, 4]",0,2,64.0,860,3,0.875,,,0.15233568102121353,,,0.26742602661516374,,,0.26742602661516374,,,0.0
n4-3-n8-0-skip0-0.84375,"[4, 4, 4, 4]",0,2,64.0,860,3,0.84375,,,0.1523955501616001,,,0.26460850630674077,,,0.26460850630674077,,,0.0
n4-3-n8-0-skip0-0.8125,"[4, 4, 4, 4]",0,2,64.0,860,3,0.8125,,,0.15245097503066063,,,0.2677042992332824,,,0.2677042992332824,,,0.0
n4-3-n8-0-skip0-0.78125,"[4, 4, 4, 4]",0,2,64.0,860,3,0.78125,,,0.1522320695221424,,,0.2707992711193409,,,0.2707992711193409,,,0.0
n4-3-n8-0-skip0-0.75,"[4, 4, 4, 4]",0,2,64.0,860,3,0.75,,,0.1522171087563038,,,0.2717358407695321,,,0.2717358407695321,,,0.0
n4-3-n8-0-skip0-0.71875,"[4, 4, 4, 4]",0,2,64.0,860,3,0.71875,,,0.1521688811480999,,,0.2692624040436548,,,0.2692624040436548,,,0.0
n4-3-n8-0-skip0-0.6875,"[4, 4, 4, 4]",0,2,64.0,860,3,0.6875,,,0.15198862925171852,,,0.28093764373100494,,,0.28093764373100494,,,0.0
n4-3-n8-0-skip0-0.65625,"[4, 4, 4, 4]",0,2,64.0,860,3,0.65625,,,0.15203150361776352,,,0.27370514383958067,,,0.27370514383958067,,,0.0
n4-3-n8-0-skip0-0.625,"[4, 4, 4, 4]",0,2,64.0,860,3,0.625,,,0.1519961655139923,,,0.27902925766375036,,,0.27902925766375036,,,0.0
n4-3-n8-0-skip0-0.59375,"[4, 4, 4, 4]",0,2,64.0,860,3,0.59375,,,0.15209922939538956,,,0.27560013446938747,,,0.27560013446938747,,,0.0
n4-3-n8-0-skip0-0.5625,"[4, 4, 4, 4]",0,2,64.0,860,3,0.5625,,,0.15181661769747734,,,0.281542748615614,,,0.281542748615614,,,0.0
n4-3-n8-0-skip0-0.53125,"[4, 4, 4, 4]",0,2,64.0,860,3,0.53125,,,0.1516735665500164,,,0.28204716646567507,,,0.28204716646567507,,,0.0
n4-3-n8-0-skip0-0.5,"[4, 4, 4, 4]",0,2,64.0,860,3,0.5,,,0.1519385203719139,,,0.2800919731919487,,,0.2800919731919487,,,0.0
n4-3-n8-0-skip0-0.46875,"[4, 4, 4, 4]",0,2,64.0,860,3,0.46875,,,0.15175853297114372,,,0.28643840737119197,,,0.28643840737119197,,,0.0
n4-3-n8-0-skip0-0.4375,"[4, 4, 4, 4]",0,2,64.0,860,3,0.4375,,,0.15149325877428055,,,0.28592647886765027,,,0.28592647886765027,,,0.0
n4-3-n8-0-skip0-0.40625,"[4, 4, 4, 4]",0,2,64.0,860,3,0.40625,,,0.1515239216387272,,,0.28963437273541215,,,0.28963437273541215,,,0.0
n4-3-n8-0-skip0-0.375,"[4, 4, 4, 4]",0,2,64.0,860,3,0.375,,,0.1514473482966423,,,0.2911441100175166,,,0.2911441100175166,,,0.0
n4-3-n8-0-skip0-0.34375,"[4, 4, 4, 4]",0,2,64.0,860,3,0.34375,,,0.15175087377429008,,,0.29209914987625824,,,0.29209914987625824,,,0.0
n4-3-n8-0-skip0-0.3125,"[4, 4, 4, 4]",0,2,64.0,860,3,0.3125,,,0.15151777863502502,,,0.29298274749821984,,,0.29298274749821984,,,0.0
n4-3-n8-0-skip0-0.28125,"[4, 4, 4, 4]",0,2,64.0,860,3,0.28125,,,0.1512571945786476,,,0.2958577168243226,,,0.2958577168243226,,,0.0
n4-3-n8-0-skip0-0.25,"[4, 4, 4, 4]",0,2,64.0,860,3,0.25,,,0.15138930454850197,,,0.3001181298433834,,,0.3001181298433834,,,0.0
n4-3-n8-0-skip0-0.21875,"[4, 4, 4, 4]",0,2,64.0,860,3,0.21875,,,0.15121062844991684,,,0.3023958501152296,,,0.3023958501152296,,,0.0
n4-3-n8-0-skip0-0.1875,"[4, 4, 4, 4]",0,2,64.0,860,3,0.1875,,,0.15114692971110344,,,0.29911696314722336,,,0.29911696314722336,,,0.0
n4-3-n8-0-skip0-0.15625,"[4, 4, 4, 4]",0,2,64.0,860,3,0.15625,,,0.15113580599427223,,,0.3047521467312704,,,0.3047521467312704,,,0.0
n4-3-n8-0-skip0-0.125,"[4, 4, 4, 4]",0,2,64.0,860,3,0.125,,,0.1510261371731758,,,0.30604224561954585,,,0.30604224561954585,,,0.0
n4-3-n8-0-skip0-0.09375,"[4, 4, 4, 4]",0,2,64.0,860,3,0.09375,,,0.15103550255298615,,,0.30612405234984785,,,0.30612405234984785,,,0.0
n4-3-n8-0-skip0-0.0625,"[4, 4, 4, 4]",0,2,64.0,860,3,0.0625,,,0.15099840238690376,,,0.31243205082966496,,,0.31243205082966496,,,0.0
n4-3-n8-0-skip0-0.03125,"[4, 4, 4, 4]",0,2,64.0,860,3,0.03125,,,0.1507716402411461,,,0.3121730369434777,,,0.3121730369434777,,,0.0
n4-3-n8-0-skip0-0.0,"[4, 4, 4, 4]",0,2,64.0,860,3,0.0,,,0.15061673894524574,,,0.3179786594035428,,,0.3179786594035428,,,0.0
n4-3-n8-0-skip0,"[4, 4, 4, 4]",0,2,64.0,860,3,1.0,0.15414788176616032,0.14717457816004753,,0.3225461609403721,0.3386793029544274,,0.3386793029544274,0.3225461609403721,,0.0,0.0,
n4-2-n8-1-skip1-1.0,"[4, 4, 4, 8]",1,2,128.0,1268,3,1.0,,,0.26209039241075516,,,0.25194552790390806,,,0.25194552790390806,,,0.0
n4-2-n8-1-skip1-0.96875,"[4, 4, 4, 8]",1,2,128.0,1268,3,0.96875,,,0.25479479134082794,,,0.27231366019374226,,,0.27231366019374226,,,0.0
n4-2-n8-1-skip1-0.9375,"[4, 4, 4, 8]",1,2,128.0,1268,3,0.9375,,,0.25166453421115875,,,0.28348187361524496,,,0.28348187361524496,,,0.0
n4-2-n8-1-skip1-0.90625,"[4, 4, 4, 8]",1,2,128.0,1268,3,0.90625,,,0.24268175289034843,,,0.31001990038292776,,,0.31001990038292776,,,0.0
n4-2-n8-1-skip1-0.875,"[4, 4, 4, 8]",1,2,128.0,1268,3,0.875,,,0.23498883470892906,,,0.3319965645154965,,,0.3319965645154965,,,0.0
n4-2-n8-1-skip1-0.84375,"[4, 4, 4, 8]",1,2,128.0,1268,3,0.84375,,,0.22722233831882477,,,0.3558752446752253,,,0.3558752446752253,,,0.0
n4-2-n8-1-skip1-0.8125,"[4, 4, 4, 8]",1,2,128.0,1268,3,0.8125,,,0.2212783508002758,,,0.3712877864835982,,,0.3712877864835982,,,0.0
n4-2-n8-1-skip1-0.78125,"[4, 4, 4, 8]",1,2,128.0,1268,3,0.78125,,,0.21489354223012924,,,0.38975691174464977,,,0.38975691174464977,,,0.0
n4-2-n8-1-skip1-0.75,"[4, 4, 4, 8]",1,2,128.0,1268,3,0.75,,,0.20658760145306587,,,0.4153796351882201,,,0.4153796351882201,,,0.0
n4-2-n8-1-skip1-0.71875,"[4, 4, 4, 8]",1,2,128.0,1268,3,0.71875,,,0.20038841292262077,,,0.4322039494854095,,,0.4322039494854095,,,0.0
n4-2-n8-1-skip1-0.6875,"[4, 4, 4, 8]",1,2,128.0,1268,3,0.6875,,,0.19290166348218918,,,0.4567806922225045,,,0.4567806922225045,,,0.0
n4-2-n8-1-skip1-0.65625,"[4, 4, 4, 8]",1,2,128.0,1268,3,0.65625,,,0.18571775034070015,,,0.47402480032085575,,,0.47402480032085575,,,0.0
n4-2-n8-1-skip1-0.625,"[4, 4, 4, 8]",1,2,128.0,1268,3,0.625,,,0.17948871850967407,,,0.4952948656346814,,,0.4952948656346814,,,0.0
n4-2-n8-1-skip1-0.59375,"[4, 4, 4, 8]",1,2,128.0,1268,3,0.59375,,,0.1722848303616047,,,0.5153304598438206,,,0.5153304598438206,,,0.0
n4-2-n8-1-skip1-0.5625,"[4, 4, 4, 8]",1,2,128.0,1268,3,0.5625,,,0.16637250036001205,,,0.5335861130999222,,,0.5335861130999222,,,0.0
n4-2-n8-1-skip1-0.53125,"[4, 4, 4, 8]",1,2,128.0,1268,3,0.53125,,,0.15863825753331184,,,0.5553286376633281,,,0.5553286376633281,,,0.0
n4-2-n8-1-skip1-0.5,"[4, 4, 4, 8]",1,2,128.0,1268,3,0.5,,,0.15179678052663803,,,0.5756693549171095,,,0.5756693549171095,,,0.0
n4-2-n8-1-skip1-0.46875,"[4, 4, 4, 8]",1,2,128.0,1268,3,0.46875,,,0.144594494253397,,,0.5950683694556975,,,0.5950683694556975,,,0.0
n4-2-n8-1-skip1-0.4375,"[4, 4, 4, 8]",1,2,128.0,1268,3,0.4375,,,0.1387517750263214,,,0.6129760434795939,,,0.6129760434795939,,,0.0
n4-2-n8-1-skip1-0.40625,"[4, 4, 4, 8]",1,2,128.0,1268,3,0.40625,,,0.13140840083360672,,,0.6364730495444728,,,0.6364730495444728,,,0.0
n4-2-n8-1-skip1-0.375,"[4, 4, 4, 8]",1,2,128.0,1268,3,0.375,,,0.12523112073540688,,,0.655661488650632,,,0.655661488650632,,,0.0
n4-2-n8-1-skip1-0.34375,"[4, 4, 4, 8]",1,2,128.0,1268,3,0.34375,,,0.1168159730732441,,,0.6802092524186956,,,0.6802092524186956,,,0.0
n4-2-n8-1-skip1-0.3125,"[4, 4, 4, 8]",1,2,128.0,1268,3,0.3125,,,0.11061917990446091,,,0.6962826715657859,,,0.6962826715657859,,,0.0
n4-2-n8-1-skip1-0.28125,"[4, 4, 4, 8]",1,2,128.0,1268,3,0.28125,,,0.10219557769596577,,,0.7224750193909788,,,0.7224750193909788,,,0.0
n4-2-n8-1-skip1-0.25,"[4, 4, 4, 8]",1,2,128.0,1268,3,0.25,,,0.09623494185507298,,,0.7391338415799867,,,0.7391338415799867,,,0.0
n4-2-n8-1-skip1-0.21875,"[4, 4, 4, 8]",1,2,128.0,1268,3,0.21875,,,0.08963913656771183,,,0.7595435028952395,,,0.7595435028952395,,,0.0
n4-2-n8-1-skip1-0.1875,"[4, 4, 4, 8]",1,2,128.0,1268,3,0.1875,,,0.08257189206779003,,,0.7810802632432878,,,0.7810802632432878,,,0.0
n4-2-n8-1-skip1-0.15625,"[4, 4, 4, 8]",1,2,128.0,1268,3,0.15625,,,0.07666997984051704,,,0.7969917210792556,,,0.7969917210792556,,,0.0
n4-2-n8-1-skip1-0.125,"[4, 4, 4, 8]",1,2,128.0,1268,3,0.125,,,0.06964519806206226,,,0.8177210228258048,,,0.8177210228258048,,,0.0
n4-2-n8-1-skip1-0.09375,"[4, 4, 4, 8]",1,2,128.0,1268,3,0.09375,,,0.062177663668990135,,,0.8401163483852268,,,0.8401163483852268,,,0.0
n4-2-n8-1-skip1-0.0625,"[4, 4, 4, 8]",1,2,128.0,1268,3,0.0625,,,0.05466796085238457,,,0.861851463515221,,,0.861851463515221,,,0.0
n4-2-n8-1-skip1-0.03125,"[4, 4, 4, 8]",1,2,128.0,1268,3,0.03125,,,0.048303717747330666,,,0.8797032953074262,,,0.8797032953074262,,,0.0
n4-2-n8-1-skip1-0.0,"[4, 4, 4, 8]",1,2,128.0,1268,3,0.0,,,0.041155269369482994,,,0.9014397966325014,,,0.9014397966325014,,,0.0
n4-2-n8-1-skip1,"[4, 4, 4, 8]",1,2,128.0,1268,3,1.0,0.040607110535105066,0.039206065237522125,,0.9032123060564733,0.7946935028081816,,0.7946935028081816,0.9032123060564733,,0.0,0.0,
n4-2-n8-1-skip0-1.0,"[4, 4, 4, 8]",0,2,128.0,1124,3,1.0,,,0.1531866155564785,,,0.25866305339446305,,,0.25866305339446305,,,0.0
n4-2-n8-1-skip0-0.96875,"[4, 4, 4, 8]",0,2,128.0,1124,3,0.96875,,,0.15313991904258728,,,0.2668278114043143,,,0.2668278114043143,,,0.0
n4-2-n8-1-skip0-0.9375,"[4, 4, 4, 8]",0,2,128.0,1124,3,0.9375,,,0.15291860327124596,,,0.2670075087214996,,,0.2670075087214996,,,0.0
n4-2-n8-1-skip0-0.90625,"[4, 4, 4, 8]",0,2,128.0,1124,3,0.90625,,,0.1527058519423008,,,0.26421204223000905,,,0.26421204223000905,,,0.0
n4-2-n8-1-skip0-0.875,"[4, 4, 4, 8]",0,2,128.0,1124,3,0.875,,,0.15295565128326416,,,0.26595398867588116,,,0.26595398867588116,,,0.0
n4-2-n8-1-skip0-0.84375,"[4, 4, 4, 8]",0,2,128.0,1124,3,0.84375,,,0.15269646048545837,,,0.2729569470461407,,,0.2729569470461407,,,0.0
n4-2-n8-1-skip0-0.8125,"[4, 4, 4, 8]",0,2,128.0,1124,3,0.8125,,,0.15253348648548126,,,0.27242362235776246,,,0.27242362235776246,,,0.0
n4-2-n8-1-skip0-0.78125,"[4, 4, 4, 8]",0,2,128.0,1124,3,0.78125,,,0.15196119621396065,,,0.27701747898273293,,,0.27701747898273293,,,0.0
n4-2-n8-1-skip0-0.75,"[4, 4, 4, 8]",0,2,128.0,1124,3,0.75,,,0.15176181495189667,,,0.2745579521969027,,,0.2745579521969027,,,0.0
n4-2-n8-1-skip0-0.71875,"[4, 4, 4, 8]",0,2,128.0,1124,3,0.71875,,,0.151704840362072,,,0.27932987924209374,,,0.27932987924209374,,,0.0
n4-2-n8-1-skip0-0.6875,"[4, 4, 4, 8]",0,2,128.0,1124,3,0.6875,,,0.15116509422659874,,,0.2815164722328431,,,0.2815164722328431,,,0.0
n4-2-n8-1-skip0-0.65625,"[4, 4, 4, 8]",0,2,128.0,1124,3,0.65625,,,0.15128843113780022,,,0.28716839981100406,,,0.28716839981100406,,,0.0
n4-2-n8-1-skip0-0.625,"[4, 4, 4, 8]",0,2,128.0,1124,3,0.625,,,0.15118076279759407,,,0.2843247130090996,,,0.2843247130090996,,,0.0
n4-2-n8-1-skip0-0.59375,"[4, 4, 4, 8]",0,2,128.0,1124,3,0.59375,,,0.15101508796215057,,,0.28876667851175053,,,0.28876667851175053,,,0.0
n4-2-n8-1-skip0-0.5625,"[4, 4, 4, 8]",0,2,128.0,1124,3,0.5625,,,0.15097574517130852,,,0.2900933333985598,,,0.2900933333985598,,,0.0
n4-2-n8-1-skip0-0.53125,"[4, 4, 4, 8]",0,2,128.0,1124,3,0.53125,,,0.15076490864157677,,,0.29237122424878587,,,0.29237122424878587,,,0.0
n4-2-n8-1-skip0-0.5,"[4, 4, 4, 8]",0,2,128.0,1124,3,0.5,,,0.1505257710814476,,,0.2948741702488463,,,0.2948741702488463,,,0.0
n4-2-n8-1-skip0-0.46875,"[4, 4, 4, 8]",0,2,128.0,1124,3,0.46875,,,0.1504007764160633,,,0.2942378528220351,,,0.2942378528220351,,,0.0
n4-2-n8-1-skip0-0.4375,"[4, 4, 4, 8]",0,2,128.0,1124,3,0.4375,,,0.15016961842775345,,,0.2998359879393984,,,0.2998359879393984,,,0.0
n4-2-n8-1-skip0-0.40625,"[4, 4, 4, 8]",0,2,128.0,1124,3,0.40625,,,0.1499001793563366,,,0.30299133376578546,,,0.30299133376578546,,,0.0
n4-2-n8-1-skip0-0.375,"[4, 4, 4, 8]",0,2,128.0,1124,3,0.375,,,0.1494099348783493,,,0.30811735538182694,,,0.30811735538182694,,,0.0
n4-2-n8-1-skip0-0.34375,"[4, 4, 4, 8]",0,2,128.0,1124,3,0.34375,,,0.1494889259338379,,,0.30409067642236287,,,0.30409067642236287,,,0.0
n4-2-n8-1-skip0-0.3125,"[4, 4, 4, 8]",0,2,128.0,1124,3,0.3125,,,0.14909269288182259,,,0.3115118789693966,,,0.3115118789693966,,,0.0
n4-2-n8-1-skip0-0.28125,"[4, 4, 4, 8]",0,2,128.0,1124,3,0.28125,,,0.14891446009278297,,,0.3092919732755171,,,0.3092919732755171,,,0.0
n4-2-n8-1-skip0-0.25,"[4, 4, 4, 8]",0,2,128.0,1124,3,0.25,,,0.14852019771933556,,,0.31392640499200364,,,0.31392640499200364,,,0.0
n4-2-n8-1-skip0-0.21875,"[4, 4, 4, 8]",0,2,128.0,1124,3,0.21875,,,0.14840995520353317,,,0.3158381449253494,,,0.3158381449253494,,,0.0
n4-2-n8-1-skip0-0.1875,"[4, 4, 4, 8]",0,2,128.0,1124,3,0.1875,,,0.14838681742548943,,,0.3207375180075604,,,0.3207375180075604,,,0.0
n4-2-n8-1-skip0-0.15625,"[4, 4, 4, 8]",0,2,128.0,1124,3,0.15625,,,0.1479588970541954,,,0.32083962130656685,,,0.32083962130656685,,,0.0
n4-2-n8-1-skip0-0.125,"[4, 4, 4, 8]",0,2,128.0,1124,3,0.125,,,0.14771224930882454,,,0.3227571602603095,,,0.3227571602603095,,,0.0
n4-2-n8-1-skip0-0.09375,"[4, 4, 4, 8]",0,2,128.0,1124,3,0.09375,,,0.1476469375193119,,,0.3249414688949589,,,0.3249414688949589,,,0.0
n4-2-n8-1-skip0-0.0625,"[4, 4, 4, 8]",0,2,128.0,1124,3,0.0625,,,0.14729270339012146,,,0.327960442442518,,,0.327960442442518,,,0.0
n4-2-n8-1-skip0-0.03125,"[4, 4, 4, 8]",0,2,128.0,1124,3,0.03125,,,0.14714359119534492,,,0.3280014577882431,,,0.3280014577882431,,,0.0
n4-2-n8-1-skip0-0.0,"[4, 4, 4, 8]",0,2,128.0,1124,3,0.0,,,0.14678093418478966,,,0.3307865597547589,,,0.3307865597547589,,,0.0
n4-2-n8-1-skip0,"[4, 4, 4, 8]",0,2,128.0,1124,3,1.0,0.14715803116559983,0.14173759147524834,,0.3554304245761528,0.37177605529677066,,0.37177605529677066,0.3554304245761528,,0.0,0.0,
n4-2-n8-0-skip1-1.0,"[4, 4, 4]",1,2,128.0,716,2,1.0,,,0.23941576853394508,,,0.25770842263555044,,,0.25770842263555044,,,0.0
n4-2-n8-0-skip1-0.96875,"[4, 4, 4]",1,2,128.0,716,2,0.96875,,,0.23358658328652382,,,0.2728972279810842,,,0.2728972279810842,,,0.0
n4-2-n8-0-skip1-0.9375,"[4, 4, 4]",1,2,128.0,716,2,0.9375,,,0.2272304967045784,,,0.28902941717566816,,,0.28902941717566816,,,0.0
n4-2-n8-0-skip1-0.90625,"[4, 4, 4]",1,2,128.0,716,2,0.90625,,,0.2212359979748726,,,0.30453481571338276,,,0.30453481571338276,,,0.0
n4-2-n8-0-skip1-0.875,"[4, 4, 4]",1,2,128.0,716,2,0.875,,,0.2136157862842083,,,0.3274643464117858,,,0.3274643464117858,,,0.0
n4-2-n8-0-skip1-0.84375,"[4, 4, 4]",1,2,128.0,716,2,0.84375,,,0.21060536056756973,,,0.33590199811027766,,,0.33590199811027766,,,0.0
n4-2-n8-0-skip1-0.8125,"[4, 4, 4]",1,2,128.0,716,2,0.8125,,,0.20304817706346512,,,0.3551500358938101,,,0.3551500358938101,,,0.0
n4-2-n8-0-skip1-0.78125,"[4, 4, 4]",1,2,128.0,716,2,0.78125,,,0.1988624930381775,,,0.3666077400212579,,,0.36660774002125796,,,0.0
n4-2-n8-0-skip1-0.75,"[4, 4, 4]",1,2,128.0,716,2,0.75,,,0.19269149377942085,,,0.38480059993333643,,,0.38480059993333643,,,0.0
n4-2-n8-0-skip1-0.71875,"[4, 4, 4]",1,2,128.0,716,2,0.71875,,,0.18820956349372864,,,0.3961583789079867,,,0.3961583789079867,,,0.0
n4-2-n8-0-skip1-0.6875,"[4, 4, 4]",1,2,128.0,716,2,0.6875,,,0.18185687065124512,,,0.41210178311653695,,,0.41210178311653695,,,0.0
n4-2-n8-0-skip1-0.65625,"[4, 4, 4]",1,2,128.0,716,2,0.65625,,,0.1752297319471836,,,0.43050853800710454,,,0.43050853800710454,,,0.0
n4-2-n8-0-skip1-0.625,"[4, 4, 4]",1,2,128.0,716,2,0.625,,,0.16957959532737732,,,0.447646210382774,,,0.447646210382774,,,0.0
n4-2-n8-0-skip1-0.59375,"[4, 4, 4]",1,2,128.0,716,2,0.59375,,,0.16465827822685242,,,0.45939184929700627,,,0.45939184929700627,,,0.0
n4-2-n8-0-skip1-0.5625,"[4, 4, 4]",1,2,128.0,716,2,0.5625,,,0.158237736672163,,,0.4785534592195503,,,0.4785534592195503,,,0.0
n4-2-n8-0-skip1-0.53125,"[4, 4, 4]",1,2,128.0,716,2,0.53125,,,0.1542334444820881,,,0.4892900421729625,,,0.4892900421729625,,,0.0
n4-2-n8-0-skip1-0.5,"[4, 4, 4]",1,2,128.0,716,2,0.5,,,0.1467868536710739,,,0.5082596244115097,,,0.5082596244115097,,,0.0
n4-2-n8-0-skip1-0.46875,"[4, 4, 4]",1,2,128.0,716,2,0.46875,,,0.14051330462098122,,,0.5258102476460045,,,0.5258102476460045,,,0.0
n4-2-n8-0-skip1-0.4375,"[4, 4, 4]",1,2,128.0,716,2,0.4375,,,0.13477002456784248,,,0.541217626173223,,,0.541217626173223,,,0.0
n4-2-n8-0-skip1-0.40625,"[4, 4, 4]",1,2,128.0,716,2,0.40625,,,0.12918276339769363,,,0.5551162389054067,,,0.5551162389054067,,,0.0
n4-2-n8-0-skip1-0.375,"[4, 4, 4]",1,2,128.0,716,2,0.375,,,0.12268007732927799,,,0.5719612782272256,,,0.5719612782272256,,,0.0
n4-2-n8-0-skip1-0.34375,"[4, 4, 4]",1,2,128.0,716,2,0.34375,,,0.11754058487713337,,,0.5859313300304065,,,0.5859313300304065,,,0.0
n4-2-n8-0-skip1-0.3125,"[4, 4, 4]",1,2,128.0,716,2,0.3125,,,0.1118361372500658,,,0.6018962081732229,,,0.6018962081732229,,,0.0
n4-2-n8-0-skip1-0.28125,"[4, 4, 4]",1,2,128.0,716,2,0.28125,,,0.1061278935521841,,,0.6175374051660794,,,0.6175374051660794,,,0.0
n4-2-n8-0-skip1-0.25,"[4, 4, 4]",1,2,128.0,716,2,0.25,,,0.1009820494800806,,,0.6315113698838044,,,0.6315113698838044,,,0.0
n4-2-n8-0-skip1-0.21875,"[4, 4, 4]",1,2,128.0,716,2,0.21875,,,0.09391924925148487,,,0.6498729673641179,,,0.6498729673641179,,,0.0
n4-2-n8-0-skip1-0.1875,"[4, 4, 4]",1,2,128.0,716,2,0.1875,,,0.08719304390251637,,,0.6694935880095754,,,0.6694935880095754,,,0.0
n4-2-n8-0-skip1-0.15625,"[4, 4, 4]",1,2,128.0,716,2,0.15625,,,0.08369650691747665,,,0.6797476888274139,,,0.6797476888274139,,,0.0
n4-2-n8-0-skip1-0.125,"[4, 4, 4]",1,2,128.0,716,2,0.125,,,0.07754717953503132,,,0.6961284709552475,,,0.6961284709552475,,,0.0
n4-2-n8-0-skip1-0.09375,"[4, 4, 4]",1,2,128.0,716,2,0.09375,,,0.0709320716559887,,,0.7129651064731761,,,0.7129651064731761,,,0.0
n4-2-n8-0-skip1-0.0625,"[4, 4, 4]",1,2,128.0,716,2,0.0625,,,0.06545752286911011,,,0.7280449479718274,,,0.7280449479718274,,,0.0
n4-2-n8-0-skip1-0.03125,"[4, 4, 4]",1,2,128.0,716,2,0.03125,,,0.06033178232610226,,,0.7419273208923299,,,0.7419273208923299,,,0.0
n4-2-n8-0-skip1-0.0,"[4, 4, 4]",1,2,128.0,716,2,0.0,,,0.05428981501609087,,,0.7578762902854941,,,0.7578762902854941,,,0.0
n4-2-n8-0-skip1,"[4, 4, 4]",1,2,128.0,716,2,1.0,0.054656051099300385,0.05270322971045971,,0.7676455920861465,0.7787451487352309,,0.7787451487352309,0.7676455920861462,,0.0,0.0,
n4-2-n8-0-skip0-1.0,"[4, 4, 4]",0,2,128.0,620,2,1.0,,,0.16457533091306686,,,0.2530583425629266,,,0.2530583425629266,,,0.0
n4-2-n8-0-skip0-0.96875,"[4, 4, 4]",0,2,128.0,620,2,0.96875,,,0.16399508714675903,,,0.25755134735080143,,,0.25755134735080143,,,0.0
n4-2-n8-0-skip0-0.9375,"[4, 4, 4]",0,2,128.0,620,2,0.9375,,,0.1627778634428978,,,0.26184681544111055,,,0.26184681544111055,,,0.0
n4-2-n8-0-skip0-0.90625,"[4, 4, 4]",0,2,128.0,620,2,0.90625,,,0.16262203454971313,,,0.2644476080325355,,,0.2644476080325355,,,0.0
n4-2-n8-0-skip0-0.875,"[4, 4, 4]",0,2,128.0,620,2,0.875,,,0.16242416948080063,,,0.2679828812457775,,,0.2679828812457775,,,0.0
n4-2-n8-0-skip0-0.84375,"[4, 4, 4]",0,2,128.0,620,2,0.84375,,,0.16174012422561646,,,0.2748448143446323,,,0.2748448143446323,,,0.0
n4-2-n8-0-skip0-0.8125,"[4, 4, 4]",0,2,128.0,620,2,0.8125,,,0.16090594604611397,,,0.2775702951328157,,,0.2775702951328157,,,0.0
n4-2-n8-0-skip0-0.78125,"[4, 4, 4]",0,2,128.0,620,2,0.78125,,,0.16057753190398216,,,0.2797691723616608,,,0.2797691723616608,,,0.0
n4-2-n8-0-skip0-0.75,"[4, 4, 4]",0,2,128.0,620,2,0.75,,,0.1599656417965889,,,0.28377766531207343,,,0.28377766531207343,,,0.0
n4-2-n8-0-skip0-0.71875,"[4, 4, 4]",0,2,128.0,620,2,0.71875,,,0.15926483646035194,,,0.2883482825099413,,,0.2883482825099413,,,0.0
n4-2-n8-0-skip0-0.6875,"[4, 4, 4]",0,2,128.0,620,2,0.6875,,,0.1589408814907074,,,0.28930005697061373,,,0.28930005697061373,,,0.0
n4-2-n8-0-skip0-0.65625,"[4, 4, 4]",0,2,128.0,620,2,0.65625,,,0.15880177915096283,,,0.2918244919632773,,,0.2918244919632773,,,0.0
n4-2-n8-0-skip0-0.625,"[4, 4, 4]",0,2,128.0,620,2,0.625,,,0.15809103101491928,,,0.2959577792888866,,,0.2959577792888866,,,0.0
n4-2-n8-0-skip0-0.59375,"[4, 4, 4]",0,2,128.0,620,2,0.59375,,,0.1575581282377243,,,0.2984294769223518,,,0.2984294769223518,,,0.0
n4-2-n8-0-skip0-0.5625,"[4, 4, 4]",0,2,128.0,620,2,0.5625,,,0.15759413689374924,,,0.29746711337284926,,,0.29746711337284926,,,0.0
n4-2-n8-0-skip0-0.53125,"[4, 4, 4]",0,2,128.0,620,2,0.53125,,,0.15617144480347633,,,0.30832602277362237,,,0.30832602277362237,,,0.0
n4-2-n8-0-skip0-0.5,"[4, 4, 4]",0,2,128.0,620,2,0.5,,,0.15601082146167755,,,0.3086020476618296,,,0.3086020476618296,,,0.0
n4-2-n8-0-skip0-0.46875,"[4, 4, 4]",0,2,128.0,620,2,0.46875,,,0.15585186332464218,,,0.3094031124750213,,,0.3094031124750213,,,0.0
n4-2-n8-0-skip0-0.4375,"[4, 4, 4]",0,2,128.0,620,2,0.4375,,,0.15502434596419334,,,0.31554005899765414,,,0.31554005899765414,,,0.0
n4-2-n8-0-skip0-0.40625,"[4, 4, 4]",0,2,128.0,620,2,0.40625,,,0.154130969196558,,,0.31958582282969694,,,0.31958582282969694,,,0.0
n4-2-n8-0-skip0-0.375,"[4, 4, 4]",0,2,128.0,620,2,0.375,,,0.1536860093474388,,,0.3234199105020345,,,0.3234199105020345,,,0.0
n4-2-n8-0-skip0-0.34375,"[4, 4, 4]",0,2,128.0,620,2,0.34375,,,0.1528184972703457,,,0.3295784425254873,,,0.3295784425254873,,,0.0
n4-2-n8-0-skip0-0.3125,"[4, 4, 4]",0,2,128.0,620,2,0.3125,,,0.15243235975503922,,,0.33393778509500177,,,0.33393778509500177,,,0.0
n4-2-n8-0-skip0-0.28125,"[4, 4, 4]",0,2,128.0,620,2,0.28125,,,0.15237243101000786,,,0.3324779208283941,,,0.3324779208283941,,,0.0
n4-2-n8-0-skip0-0.25,"[4, 4, 4]",0,2,128.0,620,2,0.25,,,0.1518937349319458,,,0.3351039190346799,,,0.3351039190346799,,,0.0
n4-2-n8-0-skip0-0.21875,"[4, 4, 4]",0,2,128.0,620,2,0.21875,,,0.1513081192970276,,,0.3426420594504266,,,0.3426420594504266,,,0.0
n4-2-n8-0-skip0-0.1875,"[4, 4, 4]",0,2,128.0,620,2,0.1875,,,0.1506016105413437,,,0.34454108828832547,,,0.34454108828832547,,,0.0
n4-2-n8-0-skip0-0.15625,"[4, 4, 4]",0,2,128.0,620,2,0.15625,,,0.1502811424434185,,,0.34802028884105296,,,0.34802028884105296,,,0.0
n4-2-n8-0-skip0-0.125,"[4, 4, 4]",0,2,128.0,620,2,0.125,,,0.14991532638669014,,,0.34853877005990463,,,0.34853877005990463,,,0.0
n4-2-n8-0-skip0-0.09375,"[4, 4, 4]",0,2,128.0,620,2,0.09375,,,0.14926814287900925,,,0.35391693245088246,,,0.35391693245088246,,,0.0
n4-2-n8-0-skip0-0.0625,"[4, 4, 4]",0,2,128.0,620,2,0.0625,,,0.14867576211690903,,,0.3578660138333575,,,0.35786601383335753,,,0.0
n4-2-n8-0-skip0-0.03125,"[4, 4, 4]",0,2,128.0,620,2,0.03125,,,0.14808673784136772,,,0.3593342122521278,,,0.3593342122521278,,,0.0
n4-2-n8-0-skip0-0.0,"[4, 4, 4]",0,2,128.0,620,2,0.0,,,0.1476156823337078,,,0.36325713313194435,,,0.36325713313194435,,,0.0
n4-2-n8-0-skip0,"[4, 4, 4]",0,2,128.0,620,2,1.0,0.1486820007363955,0.14349109306931496,,0.37016999179279453,0.3873683361444933,,0.3873683361444933,0.37016999179279453,,0.0,0.0,
n4-1-n8-1-skip1-1.0,"[4, 4, 8]",1,2,256.0,980,2,1.0,,,0.2622612342238426,,,0.2529259168635938,,,0.2529259168635938,,,0.0
n4-1-n8-1-skip1-0.96875,"[4, 4, 8]",1,2,256.0,980,2,0.96875,,,0.2563965618610382,,,0.2712431552267928,,,0.2712431552267928,,,0.0
n4-1-n8-1-skip1-0.9375,"[4, 4, 8]",1,2,256.0,980,2,0.9375,,,0.24697541072964668,,,0.29712855300245244,,,0.29712855300245244,,,0.0
n4-1-n8-1-skip1-0.90625,"[4, 4, 8]",1,2,256.0,980,2,0.90625,,,0.2412402480840683,,,0.31486603711774286,,,0.31486603711774286,,,0.0
n4-1-n8-1-skip1-0.875,"[4, 4, 8]",1,2,256.0,980,2,0.875,,,0.23428772017359734,,,0.33633085642938343,,,0.33633085642938343,,,0.0
n4-1-n8-1-skip1-0.84375,"[4, 4, 8]",1,2,256.0,980,2,0.84375,,,0.2257126197218895,,,0.3612168361351872,,,0.3612168361351872,,,0.0
n4-1-n8-1-skip1-0.8125,"[4, 4, 8]",1,2,256.0,980,2,0.8125,,,0.21851009875535965,,,0.38222526741710333,,,0.38222526741710333,,,0.0
n4-1-n8-1-skip1-0.78125,"[4, 4, 8]",1,2,256.0,980,2,0.78125,,,0.21173494681715965,,,0.402501331170767,,,0.402501331170767,,,0.0
n4-1-n8-1-skip1-0.75,"[4, 4, 8]",1,2,256.0,980,2,0.75,,,0.20429828017950058,,,0.4255027268436817,,,0.4255027268436817,,,0.0
n4-1-n8-1-skip1-0.71875,"[4, 4, 8]",1,2,256.0,980,2,0.71875,,,0.19857234880328178,,,0.44109192148181364,,,0.4410919214818137,,,0.0
n4-1-n8-1-skip1-0.6875,"[4, 4, 8]",1,2,256.0,980,2,0.6875,,,0.19176917895674706,,,0.46172505218909393,,,0.46172505218909393,,,0.0
n4-1-n8-1-skip1-0.65625,"[4, 4, 8]",1,2,256.0,980,2,0.65625,,,0.1842896081507206,,,0.48611196882754376,,,0.48611196882754376,,,0.0
n4-1-n8-1-skip1-0.625,"[4, 4, 8]",1,2,256.0,980,2,0.625,,,0.1756872572004795,,,0.5125016705019942,,,0.5125016705019942,,,0.0
n4-1-n8-1-skip1-0.59375,"[4, 4, 8]",1,2,256.0,980,2,0.59375,,,0.1692492440342903,,,0.5309234904698411,,,0.5309234904698411,,,0.0
n4-1-n8-1-skip1-0.5625,"[4, 4, 8]",1,2,256.0,980,2,0.5625,,,0.16394228488206863,,,0.5468707902231739,,,0.5468707902231739,,,0.0
n4-1-n8-1-skip1-0.53125,"[4, 4, 8]",1,2,256.0,980,2,0.53125,,,0.15451427921652794,,,0.5723874997960706,,,0.5723874997960706,,,0.0
n4-1-n8-1-skip1-0.5,"[4, 4, 8]",1,2,256.0,980,2,0.5,,,0.14840775728225708,,,0.5922264482042685,,,0.5922264482042685,,,0.0
n4-1-n8-1-skip1-0.46875,"[4, 4, 8]",1,2,256.0,980,2,0.46875,,,0.14156804978847504,,,0.6115360408997977,,,0.6115360408997977,,,0.0
n4-1-n8-1-skip1-0.4375,"[4, 4, 8]",1,2,256.0,980,2,0.4375,,,0.1330120973289013,,,0.6380989683221118,,,0.6380989683221118,,,0.0
n4-1-n8-1-skip1-0.40625,"[4, 4, 8]",1,2,256.0,980,2,0.40625,,,0.1268004085868597,,,0.6565764062564194,,,0.6565764062564194,,,0.0
n4-1-n8-1-skip1-0.375,"[4, 4, 8]",1,2,256.0,980,2,0.375,,,0.11984927020967007,,,0.6774972949453713,,,0.6774972949453713,,,0.0
n4-1-n8-1-skip1-0.34375,"[4, 4, 8]",1,2,256.0,980,2,0.34375,,,0.1132594645023346,,,0.6977894531011156,,,0.6977894531011156,,,0.0
n4-1-n8-1-skip1-0.3125,"[4, 4, 8]",1,2,256.0,980,2,0.3125,,,0.10482017882168293,,,0.7220529150795456,,,0.7220529150795456,,,0.0
n4-1-n8-1-skip1-0.28125,"[4, 4, 8]",1,2,256.0,980,2,0.28125,,,0.09697538986802101,,,0.7448344723974795,,,0.7448344723974795,,,0.0
n4-1-n8-1-skip1-0.25,"[4, 4, 8]",1,2,256.0,980,2,0.25,,,0.0907653383910656,,,0.7650866170678379,,,0.7650866170678378,,,0.0
n4-1-n8-1-skip1-0.21875,"[4, 4, 8]",1,2,256.0,980,2,0.21875,,,0.08356843702495098,,,0.7866358737959265,,,0.7866358737959265,,,0.0
n4-1-n8-1-skip1-0.1875,"[4, 4, 8]",1,2,256.0,980,2,0.1875,,,0.07553372904658318,,,0.8090933684123593,,,0.8090933684123593,,,0.0
n4-1-n8-1-skip1-0.15625,"[4, 4, 8]",1,2,256.0,980,2,0.15625,,,0.06912696734070778,,,0.8282910984296237,,,0.8282910984296237,,,0.0
n4-1-n8-1-skip1-0.125,"[4, 4, 8]",1,2,256.0,980,2,0.125,,,0.06240306980907917,,,0.8504132670557225,,,0.8504132670557225,,,0.0
n4-1-n8-1-skip1-0.09375,"[4, 4, 8]",1,2,256.0,980,2,0.09375,,,0.0548644820228219,,,0.8714303312391416,,,0.8714303312391416,,,0.0
n4-1-n8-1-skip1-0.0625,"[4, 4, 8]",1,2,256.0,980,2,0.0625,,,0.04713868908584118,,,0.8945442971827049,,,0.8945442971827049,,,0.0
n4-1-n8-1-skip1-0.03125,"[4, 4, 8]",1,2,256.0,980,2,0.03125,,,0.0405263165012002,,,0.9143598536784188,,,0.9143598536784188,,,0.0
n4-1-n8-1-skip1-0.0,"[4, 4, 8]",1,2,256.0,980,2,0.0,,,0.03323286026716232,,,0.9361889392896494,,,0.9361889392896494,,,0.0
n4-1-n8-1-skip1,"[4, 4, 8]",1,2,256.0,980,2,1.0,0.034791398669282596,0.03131298441439867,,0.9454191354716502,0.9460880850800621,,0.9460880850800621,0.9454191354716502,,0.0,0.0,
n4-1-n8-1-skip0-1.0,"[4, 4, 8]",0,2,256.0,884,2,1.0,,,0.16057448834180832,,,0.2657433909678262,,,0.2657433909678262,,,0.0
n4-1-n8-1-skip0-0.96875,"[4, 4, 8]",0,2,256.0,884,2,0.96875,,,0.16119755432009697,,,0.26449732961615624,,,0.26449732961615624,,,0.0
n4-1-n8-1-skip0-0.9375,"[4, 4, 8]",0,2,256.0,884,2,0.9375,,,0.15992552787065506,,,0.2738094677761433,,,0.2738094677761433,,,0.0
n4-1-n8-1-skip0-0.90625,"[4, 4, 8]",0,2,256.0,884,2,0.90625,,,0.15997903048992157,,,0.2738822373009229,,,0.2738822373009229,,,0.0
n4-1-n8-1-skip0-0.875,"[4, 4, 8]",0,2,256.0,884,2,0.875,,,0.15826581791043282,,,0.28107936262141436,,,0.28107936262141436,,,0.0
n4-1-n8-1-skip0-0.84375,"[4, 4, 8]",0,2,256.0,884,2,0.84375,,,0.15781714394688606,,,0.2885996217891923,,,0.2885996217891923,,,0.0
n4-1-n8-1-skip0-0.8125,"[4, 4, 8]",0,2,256.0,884,2,0.8125,,,0.15730685368180275,,,0.2915961783233727,,,0.2915961783233727,,,0.0
n4-1-n8-1-skip0-0.78125,"[4, 4, 8]",0,2,256.0,884,2,0.78125,,,0.15602890774607658,,,0.2978720723159337,,,0.2978720723159337,,,0.0
n4-1-n8-1-skip0-0.75,"[4, 4, 8]",0,2,256.0,884,2,0.75,,,0.15538769960403442,,,0.3046546983850772,,,0.3046546983850772,,,0.0
n4-1-n8-1-skip0-0.71875,"[4, 4, 8]",0,2,256.0,884,2,0.71875,,,0.15564299002289772,,,0.30360582043008144,,,0.30360582043008144,,,0.0
n4-1-n8-1-skip0-0.6875,"[4, 4, 8]",0,2,256.0,884,2,0.6875,,,0.1542072594165802,,,0.31106061808714325,,,0.31106061808714325,,,0.0
n4-1-n8-1-skip0-0.65625,"[4, 4, 8]",0,2,256.0,884,2,0.65625,,,0.153819989413023,,,0.3130121373294372,,,0.3130121373294372,,,0.0
n4-1-n8-1-skip0-0.625,"[4, 4, 8]",0,2,256.0,884,2,0.625,,,0.15267052128911018,,,0.3223328366269219,,,0.3223328366269219,,,0.0
n4-1-n8-1-skip0-0.59375,"[4, 4, 8]",0,2,256.0,884,2,0.59375,,,0.1519569717347622,,,0.32785228579390524,,,0.32785228579390524,,,0.0
n4-1-n8-1-skip0-0.5625,"[4, 4, 8]",0,2,256.0,884,2,0.5625,,,0.1516956388950348,,,0.328103745738545,,,0.328103745738545,,,0.0
n4-1-n8-1-skip0-0.53125,"[4, 4, 8]",0,2,256.0,884,2,0.53125,,,0.15058886259794235,,,0.3360881932452999,,,0.3360881932452999,,,0.0
n4-1-n8-1-skip0-0.5,"[4, 4, 8]",0,2,256.0,884,2,0.5,,,0.15031687542796135,,,0.33880866914470825,,,0.33880866914470825,,,0.0
n4-1-n8-1-skip0-0.46875,"[4, 4, 8]",0,2,256.0,884,2,0.46875,,,0.14977170154452324,,,0.3407847725451576,,,0.3407847725451576,,,0.0
n4-1-n8-1-skip0-0.4375,"[4, 4, 8]",0,2,256.0,884,2,0.4375,,,0.14872422069311142,,,0.3482323388632925,,,0.3482323388632925,,,0.0
n4-1-n8-1-skip0-0.40625,"[4, 4, 8]",0,2,256.0,884,2,0.40625,,,0.14870388805866241,,,0.3480727899639084,,,0.3480727899639084,,,0.0
n4-1-n8-1-skip0-0.375,"[4, 4, 8]",0,2,256.0,884,2,0.375,,,0.1477801389992237,,,0.3541866701327807,,,0.35418667013278077,,,0.0
n4-1-n8-1-skip0-0.34375,"[4, 4, 8]",0,2,256.0,884,2,0.34375,,,0.14739522337913513,,,0.35725092330218394,,,0.357250923302184,,,0.0
n4-1-n8-1-skip0-0.3125,"[4, 4, 8]",0,2,256.0,884,2,0.3125,,,0.14625566825270653,,,0.3642919466384579,,,0.36429194663845793,,,0.0
n4-1-n8-1-skip0-0.28125,"[4, 4, 8]",0,2,256.0,884,2,0.28125,,,0.14570928364992142,,,0.368740389695987,,,0.368740389695987,,,0.0
n4-1-n8-1-skip0-0.25,"[4, 4, 8]",0,2,256.0,884,2,0.25,,,0.1448679342865944,,,0.37581122056308813,,,0.3758112205630882,,,0.0
n4-1-n8-1-skip0-0.21875,"[4, 4, 8]",0,2,256.0,884,2,0.21875,,,0.14428479969501495,,,0.3777175468642844,,,0.3777175468642844,,,0.0
n4-1-n8-1-skip0-0.1875,"[4, 4, 8]",0,2,256.0,884,2,0.1875,,,0.1436682604253292,,,0.3816900736520228,,,0.3816900736520228,,,0.0
n4-1-n8-1-skip0-0.15625,"[4, 4, 8]",0,2,256.0,884,2,0.15625,,,0.143100555986166,,,0.3865186931582212,,,0.3865186931582212,,,0.0
n4-1-n8-1-skip0-0.125,"[4, 4, 8]",0,2,256.0,884,2,0.125,,,0.14223329350352287,,,0.3927189451636796,,,0.3927189451636796,,,0.0
n4-1-n8-1-skip0-0.09375,"[4, 4, 8]",0,2,256.0,884,2,0.09375,,,0.1417395956814289,,,0.3964910407203165,,,0.3964910407203165,,,0.0
n4-1-n8-1-skip0-0.0625,"[4, 4, 8]",0,2,256.0,884,2,0.0625,,,0.14098527282476425,,,0.40120828009979354,,,0.40120828009979354,,,0.0
n4-1-n8-1-skip0-0.03125,"[4, 4, 8]",0,2,256.0,884,2,0.03125,,,0.14026902988553047,,,0.4053947336021887,,,0.4053947336021887,,,0.0
n4-1-n8-1-skip0-0.0,"[4, 4, 8]",0,2,256.0,884,2,0.0,,,0.13972226157784462,,,0.4111863982481424,,,0.4111863982481424,,,0.0
n4-1-n8-1-skip0,"[4, 4, 8]",0,2,256.0,884,2,1.0,0.1390472153822581,0.13452249765396118,,0.4258584683476729,0.4475403153207748,,0.4475403153207748,0.4258584683476729,,0.0,0.0,
n4-1-n8-0-skip1-1.0,"[4, 4]",1,2,256.0,428,1,1.0,,,0.26929476857185364,,,0.2522941483106357,,,0.2522941483106357,,,0.0
n4-1-n8-0-skip1-0.96875,"[4, 4]",1,2,256.0,428,1,0.96875,,,0.26340412348508835,,,0.2697535792142789,,,0.2697535792142789,,,0.0
n4-1-n8-0-skip1-0.9375,"[4, 4]",1,2,256.0,428,1,0.9375,,,0.25608937442302704,,,0.29576774656213556,,,0.29576774656213556,,,0.0
n4-1-n8-0-skip1-0.90625,"[4, 4]",1,2,256.0,428,1,0.90625,,,0.2501087859272957,,,0.3135921035097423,,,0.3135921035097423,,,0.0
n4-1-n8-0-skip1-0.875,"[4, 4]",1,2,256.0,428,1,0.875,,,0.23997870087623596,,,0.3439503366063743,,,0.3439503366063743,,,0.0
n4-1-n8-0-skip1-0.84375,"[4, 4]",1,2,256.0,428,1,0.84375,,,0.2322845757007599,,,0.3672946581931119,,,0.3672946581931119,,,0.0
n4-1-n8-0-skip1-0.8125,"[4, 4]",1,2,256.0,428,1,0.8125,,,0.2253859080374241,,,0.3900177270789973,,,0.3900177270789973,,,0.0
n4-1-n8-0-skip1-0.78125,"[4, 4]",1,2,256.0,428,1,0.78125,,,0.21635938435792923,,,0.41680377389442747,,,0.41680377389442747,,,0.0
n4-1-n8-0-skip1-0.75,"[4, 4]",1,2,256.0,428,1,0.75,,,0.21058186888694763,,,0.4345754287307077,,,0.4345754287307077,,,0.0
n4-1-n8-0-skip1-0.71875,"[4, 4]",1,2,256.0,428,1,0.71875,,,0.20284326374530792,,,0.45770199006783263,,,0.45770199006783263,,,0.0
n4-1-n8-0-skip1-0.6875,"[4, 4]",1,2,256.0,428,1,0.6875,,,0.19620566442608833,,,0.4799138990566519,,,0.4799138990566519,,,0.0
n4-1-n8-0-skip1-0.65625,"[4, 4]",1,2,256.0,428,1,0.65625,,,0.1879473254084587,,,0.5032722743472252,,,0.5032722743472252,,,0.0
n4-1-n8-0-skip1-0.625,"[4, 4]",1,2,256.0,428,1,0.625,,,0.17826003208756447,,,0.5327693424334132,,,0.5327693424334132,,,0.0
n4-1-n8-0-skip1-0.59375,"[4, 4]",1,2,256.0,428,1,0.59375,,,0.17290962859988213,,,0.5505918194074981,,,0.5505918194074981,,,0.0
n4-1-n8-0-skip1-0.5625,"[4, 4]",1,2,256.0,428,1,0.5625,,,0.16333727911114693,,,0.5802834462999726,,,0.5802834462999726,,,0.0
n4-1-n8-0-skip1-0.53125,"[4, 4]",1,2,256.0,428,1,0.53125,,,0.1561596766114235,,,0.6031991894062482,,,0.6031991894062482,,,0.0
n4-1-n8-0-skip1-0.5,"[4, 4]",1,2,256.0,428,1,0.5,,,0.14938673749566078,,,0.6228763917481454,,,0.6228763917481454,,,0.0
n4-1-n8-0-skip1-0.46875,"[4, 4]",1,2,256.0,428,1,0.46875,,,0.14175178483128548,,,0.646197839473334,,,0.646197839473334,,,0.0
n4-1-n8-0-skip1-0.4375,"[4, 4]",1,2,256.0,428,1,0.4375,,,0.13305364549160004,,,0.6727779534290769,,,0.6727779534290769,,,0.0
n4-1-n8-0-skip1-0.40625,"[4, 4]",1,2,256.0,428,1,0.40625,,,0.12622078135609627,,,0.694780971384688,,,0.694780971384688,,,0.0
n4-1-n8-0-skip1-0.375,"[4, 4]",1,2,256.0,428,1,0.375,,,0.11913115717470646,,,0.7168487656075497,,,0.7168487656075497,,,0.0
n4-1-n8-0-skip1-0.34375,"[4, 4]",1,2,256.0,428,1,0.34375,,,0.1105961948633194,,,0.742876192040235,,,0.742876192040235,,,0.0
n4-1-n8-0-skip1-0.3125,"[4, 4]",1,2,256.0,428,1,0.3125,,,0.10267609544098377,,,0.767319614507241,,,0.767319614507241,,,0.0
n4-1-n8-0-skip1-0.28125,"[4, 4]",1,2,256.0,428,1,0.28125,,,0.095740657299757,,,0.7879838565417887,,,0.7879838565417887,,,0.0
n4-1-n8-0-skip1-0.25,"[4, 4]",1,2,256.0,428,1,0.25,,,0.08828962408006191,,,0.8114922842931465,,,0.8114922842931465,,,0.0
n4-1-n8-0-skip1-0.21875,"[4, 4]",1,2,256.0,428,1,0.21875,,,0.08106727711856365,,,0.8341448142713201,,,0.8341448142713201,,,0.0
n4-1-n8-0-skip1-0.1875,"[4, 4]",1,2,256.0,428,1,0.1875,,,0.07337570935487747,,,0.8594642597732725,,,0.8594642597732725,,,0.0
n4-1-n8-0-skip1-0.15625,"[4, 4]",1,2,256.0,428,1,0.15625,,,0.06534337252378464,,,0.8814880306373212,,,0.8814880306373212,,,0.0
n4-1-n8-0-skip1-0.125,"[4, 4]",1,2,256.0,428,1,0.125,,,0.05846801120787859,,,0.9040653386982007,,,0.9040653386982007,,,0.0
n4-1-n8-0-skip1-0.09375,"[4, 4]",1,2,256.0,428,1,0.09375,,,0.050373672507703304,,,0.9293942587090481,,,0.9293942587090481,,,0.0
n4-1-n8-0-skip1-0.0625,"[4, 4]",1,2,256.0,428,1,0.0625,,,0.04270399268716574,,,0.9529555693130296,,,0.9529555693130297,,,0.0
n4-1-n8-0-skip1-0.03125,"[4, 4]",1,2,256.0,428,1,0.03125,,,0.035193733870983124,,,0.9754732878687948,,,0.9754732878687948,,,0.0
n4-1-n8-0-skip1-0.0,"[4, 4]",1,2,256.0,428,1,0.0,,,0.0275679100304842,,,0.9994126904268288,,,0.9994126904268288,,,0.0
n4-1-n8-0-skip1,"[4, 4]",1,2,256.0,428,1,1.0,0.027852332716186843,0.026746227405965328,,0.99910190881565,0.9991218771855258,,0.9991218771855258,0.99910190881565,,0.0,0.0,
n4-1-n8-0-skip0-1.0,"[4, 4]",0,2,256.0,380,1,1.0,,,0.1789388731122017,,,0.2660987091588092,,,0.2660987091588092,,,0.0
n4-1-n8-0-skip0-0.96875,"[4, 4]",0,2,256.0,380,1,0.96875,,,0.17666718363761902,,,0.2690517947365948,,,0.2690517947365948,,,0.0
n4-1-n8-0-skip0-0.9375,"[4, 4]",0,2,256.0,380,1,0.9375,,,0.17552265152335167,,,0.2741304451971134,,,0.2741304451971134,,,0.0
n4-1-n8-0-skip0-0.90625,"[4, 4]",0,2,256.0,380,1,0.90625,,,0.1744290366768837,,,0.27897072357997044,,,0.27897072357997044,,,0.0
n4-1-n8-0-skip0-0.875,"[4, 4]",0,2,256.0,380,1,0.875,,,0.17330746725201607,,,0.2867335442871507,,,0.2867335442871507,,,0.0
n4-1-n8-0-skip0-0.84375,"[4, 4]",0,2,256.0,380,1,0.84375,,,0.17103131487965584,,,0.29942069161597884,,,0.29942069161597884,,,0.0
n4-1-n8-0-skip0-0.8125,"[4, 4]",0,2,256.0,380,1,0.8125,,,0.16912046447396278,,,0.30295366940347257,,,0.30295366940347257,,,0.0
n4-1-n8-0-skip0-0.78125,"[4, 4]",0,2,256.0,380,1,0.78125,,,0.1668442189693451,,,0.30772948765896807,,,0.30772948765896807,,,0.0
n4-1-n8-0-skip0-0.75,"[4, 4]",0,2,256.0,380,1,0.75,,,0.16399907693266869,,,0.3189655750449554,,,0.3189655750449554,,,0.0
n4-1-n8-0-skip0-0.71875,"[4, 4]",0,2,256.0,380,1,0.71875,,,0.16329321637749672,,,0.3235890853683758,,,0.3235890853683758,,,0.0
n4-1-n8-0-skip0-0.6875,"[4, 4]",0,2,256.0,380,1,0.6875,,,0.16131332889199257,,,0.33301617401338296,,,0.33301617401338296,,,0.0
n4-1-n8-0-skip0-0.65625,"[4, 4]",0,2,256.0,380,1,0.65625,,,0.15912174060940742,,,0.3424108966457458,,,0.3424108966457458,,,0.0
n4-1-n8-0-skip0-0.625,"[4, 4]",0,2,256.0,380,1,0.625,,,0.1581931672990322,,,0.3478679656462274,,,0.3478679656462274,,,0.0
n4-1-n8-0-skip0-0.59375,"[4, 4]",0,2,256.0,380,1,0.59375,,,0.1560428999364376,,,0.35431536125830665,,,0.3543153612583067,,,0.0
n4-1-n8-0-skip0-0.5625,"[4, 4]",0,2,256.0,380,1,0.5625,,,0.15385301038622856,,,0.3607630858830428,,,0.3607630858830428,,,0.0
n4-1-n8-0-skip0-0.53125,"[4, 4]",0,2,256.0,380,1,0.53125,,,0.15283014252781868,,,0.3712088495373538,,,0.3712088495373538,,,0.0
n4-1-n8-0-skip0-0.5,"[4, 4]",0,2,256.0,380,1,0.5,,,0.15135841816663742,,,0.3729625492610904,,,0.3729625492610904,,,0.0
n4-1-n8-0-skip0-0.46875,"[4, 4]",0,2,256.0,380,1,0.46875,,,0.14927786961197853,,,0.38077215650308865,,,0.38077215650308865,,,0.0
n4-1-n8-0-skip0-0.4375,"[4, 4]",0,2,256.0,380,1,0.4375,,,0.14697948843240738,,,0.3866535988403275,,,0.3866535988403275,,,0.0
n4-1-n8-0-skip0-0.40625,"[4, 4]",0,2,256.0,380,1,0.40625,,,0.14599481597542763,,,0.3927900845524195,,,0.3927900845524195,,,0.0
n4-1-n8-0-skip0-0.375,"[4, 4]",0,2,256.0,380,1,0.375,,,0.1435539834201336,,,0.40706286887091214,,,0.40706286887091214,,,0.0
n4-1-n8-0-skip0-0.34375,"[4, 4]",0,2,256.0,380,1,0.34375,,,0.14178058505058289,,,0.41136229501919175,,,0.41136229501919175,,,0.0
n4-1-n8-0-skip0-0.3125,"[4, 4]",0,2,256.0,380,1,0.3125,,,0.14027157425880432,,,0.41596104441604853,,,0.41596104441604853,,,0.0
n4-1-n8-0-skip0-0.28125,"[4, 4]",0,2,256.0,380,1,0.28125,,,0.13832718506455421,,,0.42288847840882265,,,0.42288847840882265,,,0.0
n4-1-n8-0-skip0-0.25,"[4, 4]",0,2,256.0,380,1,0.25,,,0.13740482181310654,,,0.42579531904147816,,,0.42579531904147816,,,0.0
n4-1-n8-0-skip0-0.21875,"[4, 4]",0,2,256.0,380,1,0.21875,,,0.13519924879074097,,,0.4368141846070244,,,0.4368141846070244,,,0.0
n4-1-n8-0-skip0-0.1875,"[4, 4]",0,2,256.0,380,1,0.1875,,,0.13329901546239853,,,0.4466949515201042,,,0.4466949515201042,,,0.0
n4-1-n8-0-skip0-0.15625,"[4, 4]",0,2,256.0,380,1,0.15625,,,0.1320146583020687,,,0.4507156221528,,,0.4507156221528,,,0.0
n4-1-n8-0-skip0-0.125,"[4, 4]",0,2,256.0,380,1,0.125,,,0.13013414293527603,,,0.4569227497538944,,,0.4569227497538944,,,0.0
n4-1-n8-0-skip0-0.09375,"[4, 4]",0,2,256.0,380,1,0.09375,,,0.1281704157590866,,,0.4639775334484325,,,0.4639775334484325,,,0.0
n4-1-n8-0-skip0-0.0625,"[4, 4]",0,2,256.0,380,1,0.0625,,,0.12665230222046375,,,0.46702343705375443,,,0.46702343705375443,,,0.0
n4-1-n8-0-skip0-0.03125,"[4, 4]",0,2,256.0,380,1,0.03125,,,0.12489045225083828,,,0.4745471753129554,,,0.4745471753129554,,,0.0
n4-1-n8-0-skip0-0.0,"[4, 4]",0,2,256.0,380,1,0.0,,,0.12303975224494934,,,0.4814773040563408,,,0.4814773040563408,,,0.0
n4-1-n8-0-skip0,"[4, 4]",0,2,256.0,380,1,1.0,0.12239659875631333,0.11908411793410778,,0.5134595723523443,0.5152915539646065,,0.5152915539646065,0.5134595723523443,,0.0,0.0,
n4-0-n8-1-skip1-1.0,"[4, 8]",1,2,512.0,692,1,1.0,,,0.2813096269965172,,,0.24932256996576013,,,0.24932256996576013,,,0.0
n4-0-n8-1-skip1-0.96875,"[4, 8]",1,2,512.0,692,1,0.96875,,,0.2713977172970772,,,0.27651907148789256,,,0.27651907148789256,,,0.0
n4-0-n8-1-skip1-0.9375,"[4, 8]",1,2,512.0,692,1,0.9375,,,0.2660291790962219,,,0.29540799096931913,,,0.29540799096931913,,,0.0
n4-0-n8-1-skip1-0.90625,"[4, 8]",1,2,512.0,692,1,0.90625,,,0.25628750771284103,,,0.320441369933149,,,0.320441369933149,,,0.0
n4-0-n8-1-skip1-0.875,"[4, 8]",1,2,512.0,692,1,0.875,,,0.24626313522458076,,,0.3469928627911405,,,0.3469928627911405,,,0.0
n4-0-n8-1-skip1-0.84375,"[4, 8]",1,2,512.0,692,1,0.84375,,,0.2390541285276413,,,0.3703388138377865,,,0.3703388138377865,,,0.0
n4-0-n8-1-skip1-0.8125,"[4, 8]",1,2,512.0,692,1,0.8125,,,0.2312844581902027,,,0.3898945818290951,,,0.3898945818290951,,,0.0
n4-0-n8-1-skip1-0.78125,"[4, 8]",1,2,512.0,692,1,0.78125,,,0.2241145819425583,,,0.4121296702320578,,,0.4121296702320578,,,0.0
n4-0-n8-1-skip1-0.75,"[4, 8]",1,2,512.0,692,1,0.75,,,0.2143922671675682,,,0.4390633674480211,,,0.4390633674480211,,,0.0
n4-0-n8-1-skip1-0.71875,"[4, 8]",1,2,512.0,692,1,0.71875,,,0.2077552005648613,,,0.4585242085923103,,,0.4585242085923103,,,0.0
n4-0-n8-1-skip1-0.6875,"[4, 8]",1,2,512.0,692,1,0.6875,,,0.19921766221523285,,,0.4815749769402032,,,0.4815749769402032,,,0.0
n4-0-n8-1-skip1-0.65625,"[4, 8]",1,2,512.0,692,1,0.65625,,,0.18859346583485603,,,0.5120374476123869,,,0.5120374476123869,,,0.0
n4-0-n8-1-skip1-0.625,"[4, 8]",1,2,512.0,692,1,0.625,,,0.18313097581267357,,,0.5301350173184401,,,0.5301350173184401,,,0.0
n4-0-n8-1-skip1-0.59375,"[4, 8]",1,2,512.0,692,1,0.59375,,,0.1738685555756092,,,0.5554545400353308,,,0.5554545400353308,,,0.0
n4-0-n8-1-skip1-0.5625,"[4, 8]",1,2,512.0,692,1,0.5625,,,0.16495631262660027,,,0.5808118234026847,,,0.5808118234026847,,,0.0
n4-0-n8-1-skip1-0.53125,"[4, 8]",1,2,512.0,692,1,0.53125,,,0.15734270587563515,,,0.6023557820484675,,,0.6023557820484675,,,0.0
n4-0-n8-1-skip1-0.5,"[4, 8]",1,2,512.0,692,1,0.5,,,0.15124615654349327,,,0.6203551007805782,,,0.6203551007805782,,,0.0
n4-0-n8-1-skip1-0.46875,"[4, 8]",1,2,512.0,692,1,0.46875,,,0.14242370426654816,,,0.6465520974524396,,,0.6465520974524396,,,0.0
n4-0-n8-1-skip1-0.4375,"[4, 8]",1,2,512.0,692,1,0.4375,,,0.1331392116844654,,,0.670631526482387,,,0.670631526482387,,,0.0
n4-0-n8-1-skip1-0.40625,"[4, 8]",1,2,512.0,692,1,0.40625,,,0.12504001706838608,,,0.6945286407223815,,,0.6945286407223815,,,0.0
n4-0-n8-1-skip1-0.375,"[4, 8]",1,2,512.0,692,1,0.375,,,0.11777910217642784,,,0.7165150889154709,,,0.7165150889154709,,,0.0
n4-0-n8-1-skip1-0.34375,"[4, 8]",1,2,512.0,692,1,0.34375,,,0.10903200879693031,,,0.7418152645896575,,,0.7418152645896574,,,0.0
n4-0-n8-1-skip1-0.3125,"[4, 8]",1,2,512.0,692,1,0.3125,,,0.1007458008825779,,,0.7649331576464767,,,0.7649331576464767,,,0.0
n4-0-n8-1-skip1-0.28125,"[4, 8]",1,2,512.0,692,1,0.28125,,,0.09148366749286652,,,0.7912004923843533,,,0.7912004923843533,,,0.0
n4-0-n8-1-skip1-0.25,"[4, 8]",1,2,512.0,692,1,0.25,,,0.08459099382162094,,,0.81168921624329,,,0.81168921624329,,,0.0
n4-0-n8-1-skip1-0.21875,"[4, 8]",1,2,512.0,692,1,0.21875,,,0.07568762451410294,,,0.8369527243262026,,,0.8369527243262026,,,0.0
n4-0-n8-1-skip1-0.1875,"[4, 8]",1,2,512.0,692,1,0.1875,,,0.06728819943964481,,,0.8605813233513893,,,0.8605813233513893,,,0.0
n4-0-n8-1-skip1-0.15625,"[4, 8]",1,2,512.0,692,1,0.15625,,,0.06059003062546253,,,0.8808342728770961,,,0.8808342728770961,,,0.0
n4-0-n8-1-skip1-0.125,"[4, 8]",1,2,512.0,692,1,0.125,,,0.051725869067013264,,,0.9052466194480097,,,0.9052466194480097,,,0.0
n4-0-n8-1-skip1-0.09375,"[4, 8]",1,2,512.0,692,1,0.09375,,,0.043332664296031,,,0.9288692578213453,,,0.9288692578213453,,,0.0
n4-0-n8-1-skip1-0.0625,"[4, 8]",1,2,512.0,692,1,0.0625,,,0.034839305095374584,,,0.9540028364514505,,,0.9540028364514505,,,0.0
n4-0-n8-1-skip1-0.03125,"[4, 8]",1,2,512.0,692,1,0.03125,,,0.027393363416194916,,,0.9749537715911043,,,0.9749537715911043,,,0.0
n4-0-n8-1-skip1-0.0,"[4, 8]",1,2,512.0,692,1,0.0,,,0.018979245331138372,,,0.9992711053784673,,,0.9992711053784673,,,0.0
n4-0-n8-1-skip1,"[4, 8]",1,2,512.0,692,1,1.0,0.01833854578435421,0.01827483205124736,,0.9979567678403333,0.9987820243345833,,0.9987820243345833,0.9979567678403333,,0.0,0.0,
n4-0-n8-1-skip0-1.0,"[4, 8]",0,2,512.0,644,1,1.0,,,0.17505540698766708,,,0.24128467420026445,,,0.24128467420026445,,,0.0
n4-0-n8-1-skip0-0.96875,"[4, 8]",0,2,512.0,644,1,0.96875,,,0.17353052645921707,,,0.24961314937530601,,,0.24961314937530601,,,0.0
n4-0-n8-1-skip0-0.9375,"[4, 8]",0,2,512.0,644,1,0.9375,,,0.1734297014772892,,,0.2528285936483304,,,0.2528285936483304,,,0.0
n4-0-n8-1-skip0-0.90625,"[4, 8]",0,2,512.0,644,1,0.90625,,,0.17242183163762093,,,0.2580343206336566,,,0.2580343206336566,,,0.0
n4-0-n8-1-skip0-0.875,"[4, 8]",0,2,512.0,644,1,0.875,,,0.17193762212991714,,,0.2605895254299284,,,0.2605895254299284,,,0.0
n4-0-n8-1-skip0-0.84375,"[4, 8]",0,2,512.0,644,1,0.84375,,,0.1710778772830963,,,0.2646281202264202,,,0.2646281202264202,,,0.0
n4-0-n8-1-skip0-0.8125,"[4, 8]",0,2,512.0,644,1,0.8125,,,0.17043868824839592,,,0.2665079712371991,,,0.2665079712371991,,,0.0
n4-0-n8-1-skip0-0.78125,"[4, 8]",0,2,512.0,644,1,0.78125,,,0.1687707044184208,,,0.2755629645773587,,,0.2755629645773587,,,0.0
n4-0-n8-1-skip0-0.75,"[4, 8]",0,2,512.0,644,1,0.75,,,0.16822152957320213,,,0.27788154654072134,,,0.27788154654072134,,,0.0
n4-0-n8-1-skip0-0.71875,"[4, 8]",0,2,512.0,644,1,0.71875,,,0.16742296144366264,,,0.28197447954394944,,,0.28197447954394944,,,0.0
n4-0-n8-1-skip0-0.6875,"[4, 8]",0,2,512.0,644,1,0.6875,,,0.16654814034700394,,,0.2897830804389575,,,0.2897830804389575,,,0.0
n4-0-n8-1-skip0-0.65625,"[4, 8]",0,2,512.0,644,1,0.65625,,,0.16558850929141045,,,0.29701663487643815,,,0.29701663487643815,,,0.0
n4-0-n8-1-skip0-0.625,"[4, 8]",0,2,512.0,644,1,0.625,,,0.16440602764487267,,,0.3011907309458527,,,0.3011907309458527,,,0.0
n4-0-n8-1-skip0-0.59375,"[4, 8]",0,2,512.0,644,1,0.59375,,,0.16388272866606712,,,0.303107087654355,,,0.303107087654355,,,0.0
n4-0-n8-1-skip0-0.5625,"[4, 8]",0,2,512.0,644,1,0.5625,,,0.16277441382408142,,,0.3067507170214289,,,0.3067507170214289,,,0.0
n4-0-n8-1-skip0-0.53125,"[4, 8]",0,2,512.0,644,1,0.53125,,,0.16221223026514053,,,0.31249353581730444,,,0.31249353581730444,,,0.0
n4-0-n8-1-skip0-0.5,"[4, 8]",0,2,512.0,644,1,0.5,,,0.16140064597129822,,,0.3170387796783658,,,0.3170387796783658,,,0.0
n4-0-n8-1-skip0-0.46875,"[4, 8]",0,2,512.0,644,1,0.46875,,,0.1606244370341301,,,0.31909142758265746,,,0.31909142758265746,,,0.0
n4-0-n8-1-skip0-0.4375,"[4, 8]",0,2,512.0,644,1,0.4375,,,0.15921855345368385,,,0.3234625366328818,,,0.3234625366328818,,,0.0
n4-0-n8-1-skip0-0.40625,"[4, 8]",0,2,512.0,644,1,0.40625,,,0.1589433029294014,,,0.32707675107974077,,,0.32707675107974077,,,0.0
n4-0-n8-1-skip0-0.375,"[4, 8]",0,2,512.0,644,1,0.375,,,0.15775678306818008,,,0.33412120004084445,,,0.33412120004084445,,,0.0
n4-0-n8-1-skip0-0.34375,"[4, 8]",0,2,512.0,644,1,0.34375,,,0.15694339200854301,,,0.3376380933900279,,,0.3376380933900279,,,0.0
n4-0-n8-1-skip0-0.3125,"[4, 8]",0,2,512.0,644,1,0.3125,,,0.15559520199894905,,,0.3435788178086861,,,0.3435788178086861,,,0.0
n4-0-n8-1-skip0-0.28125,"[4, 8]",0,2,512.0,644,1,0.28125,,,0.15467720851302147,,,0.3491054016596049,,,0.34910540165960496,,,0.0
n4-0-n8-1-skip0-0.25,"[4, 8]",0,2,512.0,644,1,0.25,,,0.15406517311930656,,,0.35618226209651466,,,0.3561822620965147,,,0.0
n4-0-n8-1-skip0-0.21875,"[4, 8]",0,2,512.0,644,1,0.21875,,,0.15292074158787727,,,0.35829961975065955,,,0.35829961975065955,,,0.0
n4-0-n8-1-skip0-0.1875,"[4, 8]",0,2,512.0,644,1,0.1875,,,0.15165603533387184,,,0.36640826241476854,,,0.36640826241476854,,,0.0
n4-0-n8-1-skip0-0.15625,"[4, 8]",0,2,512.0,644,1,0.15625,,,0.15122491493821144,,,0.36910848414241737,,,0.36910848414241737,,,0.0
n4-0-n8-1-skip0-0.125,"[4, 8]",0,2,512.0,644,1,0.125,,,0.15024640038609505,,,0.3742769430554417,,,0.3742769430554417,,,0.0
n4-0-n8-1-skip0-0.09375,"[4, 8]",0,2,512.0,644,1,0.09375,,,0.1489250212907791,,,0.3819968215389911,,,0.38199682153899106,,,0.0
n4-0-n8-1-skip0-0.0625,"[4, 8]",0,2,512.0,644,1,0.0625,,,0.1479899100959301,,,0.38886022073139703,,,0.38886022073139703,,,0.0
n4-0-n8-1-skip0-0.03125,"[4, 8]",0,2,512.0,644,1,0.03125,,,0.14697911590337753,,,0.39395372250235816,,,0.39395372250235816,,,0.0
n4-0-n8-1-skip0-0.0,"[4, 8]",0,2,512.0,644,1,0.0,,,0.14578910171985626,,,0.40020200513000737,,,0.40020200513000737,,,0.0
n4-0-n8-1-skip0,"[4, 8]",0,2,512.0,644,1,1.0,0.15069503684838612,0.1416829563677311,,0.39892153813079234,0.39312818722143145,,0.39312818722143145,0.39892153813079234,,0.0,0.0,
n4-0-n8-0-skip1-1.0,[4],1,2,512.0,140,0,1.0,,,0.2589983269572258,,,0.24807803088929284,,,0.24807803088929284,,,0.0
n4-0-n8-0-skip1-0.96875,[4],1,2,512.0,140,0,0.96875,,,0.2483190819621086,,,0.28426815358301943,,,0.28426815358301943,,,0.0
n4-0-n8-0-skip1-0.9375,[4],1,2,512.0,140,0,0.9375,,,0.24409929662942886,,,0.2978174683329654,,,0.2978174683329654,,,0.0
n4-0-n8-0-skip1-0.90625,[4],1,2,512.0,140,0,0.90625,,,0.23613553494215012,,,0.32446731463775297,,,0.32446731463775297,,,0.0
n4-0-n8-0-skip1-0.875,[4],1,2,512.0,140,0,0.875,,,0.2287452481687069,,,0.3473015234307266,,,0.3473015234307266,,,0.0
n4-0-n8-0-skip1-0.84375,[4],1,2,512.0,140,0,0.84375,,,0.22325250878930092,,,0.3680814096165955,,,0.3680814096165955,,,0.0
n4-0-n8-0-skip1-0.8125,[4],1,2,512.0,140,0,0.8125,,,0.21576927602291107,,,0.38978123125342923,,,0.38978123125342923,,,0.0
n4-0-n8-0-skip1-0.78125,[4],1,2,512.0,140,0,0.78125,,,0.20917366072535515,,,0.4142619032488818,,,0.4142619032488818,,,0.0
n4-0-n8-0-skip1-0.75,[4],1,2,512.0,140,0,0.75,,,0.20215696468949318,,,0.4354596239089885,,,0.4354596239089885,,,0.0
n4-0-n8-0-skip1-0.71875,[4],1,2,512.0,140,0,0.71875,,,0.19375541433691978,,,0.4635189516375089,,,0.4635189516375089,,,0.0
n4-0-n8-0-skip1-0.6875,[4],1,2,512.0,140,0,0.6875,,,0.18699363246560097,,,0.486676193309219,,,0.486676193309219,,,0.0
n4-0-n8-0-skip1-0.65625,[4],1,2,512.0,140,0,0.65625,,,0.1811940148472786,,,0.5055510924844567,,,0.5055510924844567,,,0.0
n4-0-n8-0-skip1-0.625,[4],1,2,512.0,140,0,0.625,,,0.17449882626533508,,,0.5305940742906576,,,0.5305940742906576,,,0.0
n4-0-n8-0-skip1-0.59375,[4],1,2,512.0,140,0,0.59375,,,0.16607654467225075,,,0.5563048348551154,,,0.5563048348551154,,,0.0
n4-0-n8-0-skip1-0.5625,[4],1,2,512.0,140,0,0.5625,,,0.15742865949869156,,,0.5850904229811318,,,0.5850904229811318,,,0.0
n4-0-n8-0-skip1-0.53125,[4],1,2,512.0,140,0,0.53125,,,0.15185295045375824,,,0.6015868736638434,,,0.6015868736638434,,,0.0
n4-0-n8-0-skip1-0.5,[4],1,2,512.0,140,0,0.5,,,0.1437506601214409,,,0.6296377645367478,,,0.6296377645367478,,,0.0
n4-0-n8-0-skip1-0.46875,[4],1,2,512.0,140,0,0.46875,,,0.1374768614768982,,,0.6515216016004522,,,0.6515216016004522,,,0.0
n4-0-n8-0-skip1-0.4375,[4],1,2,512.0,140,0,0.4375,,,0.1325492337346077,,,0.6665920324031545,,,0.6665920324031545,,,0.0
n4-0-n8-0-skip1-0.40625,[4],1,2,512.0,140,0,0.40625,,,0.1246158666908741,,,0.6966609924968623,,,0.6966609924968623,,,0.0
n4-0-n8-0-skip1-0.375,[4],1,2,512.0,140,0,0.375,,,0.11811478063464165,,,0.7165976190721615,,,0.7165976190721615,,,0.0
n4-0-n8-0-skip1-0.34375,[4],1,2,512.0,140,0,0.34375,,,0.1114280354231596,,,0.7384681988750763,,,0.7384681988750763,,,0.0
n4-0-n8-0-skip1-0.3125,[4],1,2,512.0,140,0,0.3125,,,0.10382861644029617,,,0.7639541804646567,,,0.7639541804646567,,,0.0
n4-0-n8-0-skip1-0.28125,[4],1,2,512.0,140,0,0.28125,,,0.09590285457670689,,,0.7896547808470075,,,0.7896547808470075,,,0.0
n4-0-n8-0-skip1-0.25,[4],1,2,512.0,140,0,0.25,,,0.09049413166940212,,,0.8086561891701225,,,0.8086561891701225,,,0.0
n4-0-n8-0-skip1-0.21875,[4],1,2,512.0,140,0,0.21875,,,0.08230994641780853,,,0.8357060612146661,,,0.8357060612146661,,,0.0
n4-0-n8-0-skip1-0.1875,[4],1,2,512.0,140,0,0.1875,,,0.07530911825597286,,,0.8593134202199281,,,0.8593134202199281,,,0.0
n4-0-n8-0-skip1-0.15625,[4],1,2,512.0,140,0,0.15625,,,0.06877372600138187,,,0.8792776063760767,,,0.8792776063760767,,,0.0
n4-0-n8-0-skip1-0.125,[4],1,2,512.0,140,0,0.125,,,0.06099442671984434,,,0.9046546514155873,,,0.9046546514155873,,,0.0
n4-0-n8-0-skip1-0.09375,[4],1,2,512.0,140,0,0.09375,,,0.05338459648191929,,,0.9305565237873399,,,0.9305565237873399,,,0.0
n4-0-n8-0-skip1-0.0625,[4],1,2,512.0,140,0,0.0625,,,0.04694431833922863,,,0.9517525642621157,,,0.9517525642621157,,,0.0
n4-0-n8-0-skip1-0.03125,[4],1,2,512.0,140,0,0.03125,,,0.039966762997210026,,,0.9752819386930931,,,0.9752819386930931,,,0.0
n4-0-n8-0-skip1-0.0,[4],1,2,512.0,140,0,0.0,,,0.03280515130609274,,,0.9987930560585976,,,0.9987930560585976,,,0.0
n4-0-n8-0-skip1,[4],1,2,512.0,140,0,1.0,0.03243323794255654,0.03188489703461528,,0.9975495292470602,0.9976247264429835,,0.9976247264429835,0.9975495292470602,,0.0,0.0,
n4-0-n8-0-skip0-1.0,[4],0,2,512.0,140,0,1.0,,,0.2589983269572258,,,0.24807803088929284,,,0.24807803088929284,,,0.0
n4-0-n8-0-skip0-0.96875,[4],0,2,512.0,140,0,0.96875,,,0.2483190819621086,,,0.28426815358301943,,,0.28426815358301943,,,0.0
n4-0-n8-0-skip0-0.9375,[4],0,2,512.0,140,0,0.9375,,,0.24409929662942886,,,0.2978174683329654,,,0.2978174683329654,,,0.0
n4-0-n8-0-skip0-0.90625,[4],0,2,512.0,140,0,0.90625,,,0.23613553494215012,,,0.32446731463775297,,,0.32446731463775297,,,0.0
n4-0-n8-0-skip0-0.875,[4],0,2,512.0,140,0,0.875,,,0.2287452481687069,,,0.3473015234307266,,,0.3473015234307266,,,0.0
n4-0-n8-0-skip0-0.84375,[4],0,2,512.0,140,0,0.84375,,,0.22325250878930092,,,0.3680814096165955,,,0.3680814096165955,,,0.0
n4-0-n8-0-skip0-0.8125,[4],0,2,512.0,140,0,0.8125,,,0.21576927602291107,,,0.38978123125342923,,,0.38978123125342923,,,0.0
n4-0-n8-0-skip0-0.78125,[4],0,2,512.0,140,0,0.78125,,,0.20917366072535515,,,0.4142619032488818,,,0.4142619032488818,,,0.0
n4-0-n8-0-skip0-0.75,[4],0,2,512.0,140,0,0.75,,,0.20215696468949318,,,0.4354596239089885,,,0.4354596239089885,,,0.0
n4-0-n8-0-skip0-0.71875,[4],0,2,512.0,140,0,0.71875,,,0.19375541433691978,,,0.4635189516375089,,,0.4635189516375089,,,0.0
n4-0-n8-0-skip0-0.6875,[4],0,2,512.0,140,0,0.6875,,,0.18699363246560097,,,0.486676193309219,,,0.486676193309219,,,0.0
n4-0-n8-0-skip0-0.65625,[4],0,2,512.0,140,0,0.65625,,,0.1811940148472786,,,0.5055510924844567,,,0.5055510924844567,,,0.0
n4-0-n8-0-skip0-0.625,[4],0,2,512.0,140,0,0.625,,,0.17449882626533508,,,0.5305940742906576,,,0.5305940742906576,,,0.0
n4-0-n8-0-skip0-0.59375,[4],0,2,512.0,140,0,0.59375,,,0.16607654467225075,,,0.5563048348551154,,,0.5563048348551154,,,0.0
n4-0-n8-0-skip0-0.5625,[4],0,2,512.0,140,0,0.5625,,,0.15742865949869156,,,0.5850904229811318,,,0.5850904229811318,,,0.0
n4-0-n8-0-skip0-0.53125,[4],0,2,512.0,140,0,0.53125,,,0.15185295045375824,,,0.6015868736638434,,,0.6015868736638434,,,0.0
n4-0-n8-0-skip0-0.5,[4],0,2,512.0,140,0,0.5,,,0.1437506601214409,,,0.6296377645367478,,,0.6296377645367478,,,0.0
n4-0-n8-0-skip0-0.46875,[4],0,2,512.0,140,0,0.46875,,,0.1374768614768982,,,0.6515216016004522,,,0.6515216016004522,,,0.0
n4-0-n8-0-skip0-0.4375,[4],0,2,512.0,140,0,0.4375,,,0.1325492337346077,,,0.6665920324031545,,,0.6665920324031545,,,0.0
n4-0-n8-0-skip0-0.40625,[4],0,2,512.0,140,0,0.40625,,,0.1246158666908741,,,0.6966609924968623,,,0.6966609924968623,,,0.0
n4-0-n8-0-skip0-0.375,[4],0,2,512.0,140,0,0.375,,,0.11811478063464165,,,0.7165976190721615,,,0.7165976190721615,,,0.0
n4-0-n8-0-skip0-0.34375,[4],0,2,512.0,140,0,0.34375,,,0.1114280354231596,,,0.7384681988750763,,,0.7384681988750763,,,0.0
n4-0-n8-0-skip0-0.3125,[4],0,2,512.0,140,0,0.3125,,,0.10382861644029617,,,0.7639541804646567,,,0.7639541804646567,,,0.0
n4-0-n8-0-skip0-0.28125,[4],0,2,512.0,140,0,0.28125,,,0.09590285457670689,,,0.7896547808470075,,,0.7896547808470075,,,0.0
n4-0-n8-0-skip0-0.25,[4],0,2,512.0,140,0,0.25,,,0.09049413166940212,,,0.8086561891701225,,,0.8086561891701225,,,0.0
n4-0-n8-0-skip0-0.21875,[4],0,2,512.0,140,0,0.21875,,,0.08230994641780853,,,0.8357060612146661,,,0.8357060612146661,,,0.0
n4-0-n8-0-skip0-0.1875,[4],0,2,512.0,140,0,0.1875,,,0.07530911825597286,,,0.8593134202199281,,,0.8593134202199281,,,0.0
n4-0-n8-0-skip0-0.15625,[4],0,2,512.0,140,0,0.15625,,,0.06877372600138187,,,0.8792776063760767,,,0.8792776063760767,,,0.0
n4-0-n8-0-skip0-0.125,[4],0,2,512.0,140,0,0.125,,,0.06099442671984434,,,0.9046546514155873,,,0.9046546514155873,,,0.0
n4-0-n8-0-skip0-0.09375,[4],0,2,512.0,140,0,0.09375,,,0.05338459648191929,,,0.9305565237873399,,,0.9305565237873399,,,0.0
n4-0-n8-0-skip0-0.0625,[4],0,2,512.0,140,0,0.0625,,,0.04694431833922863,,,0.9517525642621157,,,0.9517525642621157,,,0.0
n4-0-n8-0-skip0-0.03125,[4],0,2,512.0,140,0,0.03125,,,0.039966762997210026,,,0.9752819386930931,,,0.9752819386930931,,,0.0
n4-0-n8-0-skip0-0.0,[4],0,2,512.0,140,0,0.0,,,0.03280515130609274,,,0.9987930560585976,,,0.9987930560585976,,,0.0
n4-0-n8-0-skip0,[4],0,2,512.0,140,0,0.96875,0.03243323794255654,0.03188489703461528,,0.9975495292470602,0.9976247264429835,,0.9976247264429835,0.9975495292470602,,0.0,0.0,
